REGION,TECHNOLOGY,TIMESLICE,YEAR,VALUE
REGION1,INFLOW01,1,2020,0.0941106786557074
REGION1,INFLOW01,2,2020,0.0847007758407237
REGION1,INFLOW01,3,2020,0.0850402614207693
REGION1,INFLOW01,4,2020,0.0856641750301423
REGION1,INFLOW01,5,2020,0.3750797240859069
REGION1,INFLOW01,6,2020,0.3611350419119581
REGION1,INFLOW01,7,2020,0.3765660543612799
REGION1,INFLOW01,8,2020,0.425623402832249
REGION1,INFLOW01,9,2020,0.6013190444485741
REGION1,INFLOW01,10,2020,0.6080206721032958
REGION1,INFLOW01,11,2020,0.6128026680842249
REGION1,INFLOW01,12,2020,0.6098041846561936
REGION1,INFLOW01,13,2020,0.3332861688803779
REGION1,INFLOW01,14,2020,0.3318632183710334
REGION1,INFLOW01,15,2020,0.3314754458197993
REGION1,INFLOW01,16,2020,0.3282158748217731
REGION1,INFLOW01,17,2020,0.180169214937363
REGION1,INFLOW01,18,2020,0.1677302484770609
REGION1,INFLOW01,19,2020,0.1715878332047121
REGION1,INFLOW01,20,2020,0.1690813523705042
REGION1,INFLOW01,21,2020,0.2143620856718857
REGION1,INFLOW01,22,2020,0.2185203018082412
REGION1,INFLOW01,23,2020,0.209205257300457
REGION1,INFLOW01,24,2020,0.1579082929058572
REGION1,INFLOW01,25,2020,0.1460534152871232
REGION1,INFLOW01,26,2020,0.1249088935438406
REGION1,INFLOW01,27,2020,0.1173014582607941
REGION1,INFLOW01,28,2020,0.1110108487335858
REGION1,INFLOW01,29,2020,0.1086888578126052
REGION1,INFLOW01,30,2020,0.1052643404253862
REGION1,INFLOW01,31,2020,0.108733708464641
REGION1,INFLOW01,32,2020,0.1132903596891091
REGION1,INFLOW01,33,2020,0.0883974317540065
REGION1,INFLOW01,34,2020,0.0875058754926284
REGION1,INFLOW01,35,2020,0.086699122716757
REGION1,INFLOW01,36,2020,0.086186943859915
REGION1,INFLOW01,37,2020,0.0813774773972746
REGION1,INFLOW01,38,2020,0.0809492899464248
REGION1,INFLOW01,39,2020,0.080658703683575
REGION1,INFLOW01,40,2020,0.0805596770879638
REGION1,INFLOW01,1,2021,0.0941106786557074
REGION1,INFLOW01,2,2021,0.0847007758407237
REGION1,INFLOW01,3,2021,0.0850402614207693
REGION1,INFLOW01,4,2021,0.0856641750301423
REGION1,INFLOW01,5,2021,0.3750797240859069
REGION1,INFLOW01,6,2021,0.3611350419119581
REGION1,INFLOW01,7,2021,0.3765660543612799
REGION1,INFLOW01,8,2021,0.425623402832249
REGION1,INFLOW01,9,2021,0.6013190444485741
REGION1,INFLOW01,10,2021,0.6080206721032958
REGION1,INFLOW01,11,2021,0.6128026680842249
REGION1,INFLOW01,12,2021,0.6098041846561936
REGION1,INFLOW01,13,2021,0.3332861688803779
REGION1,INFLOW01,14,2021,0.3318632183710334
REGION1,INFLOW01,15,2021,0.3314754458197993
REGION1,INFLOW01,16,2021,0.3282158748217731
REGION1,INFLOW01,17,2021,0.180169214937363
REGION1,INFLOW01,18,2021,0.1677302484770609
REGION1,INFLOW01,19,2021,0.1715878332047121
REGION1,INFLOW01,20,2021,0.1690813523705042
REGION1,INFLOW01,21,2021,0.2143620856718857
REGION1,INFLOW01,22,2021,0.2185203018082412
REGION1,INFLOW01,23,2021,0.209205257300457
REGION1,INFLOW01,24,2021,0.1579082929058572
REGION1,INFLOW01,25,2021,0.1460534152871232
REGION1,INFLOW01,26,2021,0.1249088935438406
REGION1,INFLOW01,27,2021,0.1173014582607941
REGION1,INFLOW01,28,2021,0.1110108487335858
REGION1,INFLOW01,29,2021,0.1086888578126052
REGION1,INFLOW01,30,2021,0.1052643404253862
REGION1,INFLOW01,31,2021,0.108733708464641
REGION1,INFLOW01,32,2021,0.1132903596891091
REGION1,INFLOW01,33,2021,0.0883974317540065
REGION1,INFLOW01,34,2021,0.0875058754926284
REGION1,INFLOW01,35,2021,0.086699122716757
REGION1,INFLOW01,36,2021,0.086186943859915
REGION1,INFLOW01,37,2021,0.0813774773972746
REGION1,INFLOW01,38,2021,0.0809492899464248
REGION1,INFLOW01,39,2021,0.080658703683575
REGION1,INFLOW01,40,2021,0.0805596770879638
REGION1,INFLOW01,1,2022,0.0941106786557074
REGION1,INFLOW01,2,2022,0.0847007758407237
REGION1,INFLOW01,3,2022,0.0850402614207693
REGION1,INFLOW01,4,2022,0.0856641750301423
REGION1,INFLOW01,5,2022,0.3750797240859069
REGION1,INFLOW01,6,2022,0.3611350419119581
REGION1,INFLOW01,7,2022,0.3765660543612799
REGION1,INFLOW01,8,2022,0.425623402832249
REGION1,INFLOW01,9,2022,0.6013190444485741
REGION1,INFLOW01,10,2022,0.6080206721032958
REGION1,INFLOW01,11,2022,0.6128026680842249
REGION1,INFLOW01,12,2022,0.6098041846561936
REGION1,INFLOW01,13,2022,0.3332861688803779
REGION1,INFLOW01,14,2022,0.3318632183710334
REGION1,INFLOW01,15,2022,0.3314754458197993
REGION1,INFLOW01,16,2022,0.3282158748217731
REGION1,INFLOW01,17,2022,0.180169214937363
REGION1,INFLOW01,18,2022,0.1677302484770609
REGION1,INFLOW01,19,2022,0.1715878332047121
REGION1,INFLOW01,20,2022,0.1690813523705042
REGION1,INFLOW01,21,2022,0.2143620856718857
REGION1,INFLOW01,22,2022,0.2185203018082412
REGION1,INFLOW01,23,2022,0.209205257300457
REGION1,INFLOW01,24,2022,0.1579082929058572
REGION1,INFLOW01,25,2022,0.1460534152871232
REGION1,INFLOW01,26,2022,0.1249088935438406
REGION1,INFLOW01,27,2022,0.1173014582607941
REGION1,INFLOW01,28,2022,0.1110108487335858
REGION1,INFLOW01,29,2022,0.1086888578126052
REGION1,INFLOW01,30,2022,0.1052643404253862
REGION1,INFLOW01,31,2022,0.108733708464641
REGION1,INFLOW01,32,2022,0.1132903596891091
REGION1,INFLOW01,33,2022,0.0883974317540065
REGION1,INFLOW01,34,2022,0.0875058754926284
REGION1,INFLOW01,35,2022,0.086699122716757
REGION1,INFLOW01,36,2022,0.086186943859915
REGION1,INFLOW01,37,2022,0.0813774773972746
REGION1,INFLOW01,38,2022,0.0809492899464248
REGION1,INFLOW01,39,2022,0.080658703683575
REGION1,INFLOW01,40,2022,0.0805596770879638
REGION1,INFLOW01,1,2023,0.0941106786557074
REGION1,INFLOW01,2,2023,0.0847007758407237
REGION1,INFLOW01,3,2023,0.0850402614207693
REGION1,INFLOW01,4,2023,0.0856641750301423
REGION1,INFLOW01,5,2023,0.3750797240859069
REGION1,INFLOW01,6,2023,0.3611350419119581
REGION1,INFLOW01,7,2023,0.3765660543612799
REGION1,INFLOW01,8,2023,0.425623402832249
REGION1,INFLOW01,9,2023,0.6013190444485741
REGION1,INFLOW01,10,2023,0.6080206721032958
REGION1,INFLOW01,11,2023,0.6128026680842249
REGION1,INFLOW01,12,2023,0.6098041846561936
REGION1,INFLOW01,13,2023,0.3332861688803779
REGION1,INFLOW01,14,2023,0.3318632183710334
REGION1,INFLOW01,15,2023,0.3314754458197993
REGION1,INFLOW01,16,2023,0.3282158748217731
REGION1,INFLOW01,17,2023,0.180169214937363
REGION1,INFLOW01,18,2023,0.1677302484770609
REGION1,INFLOW01,19,2023,0.1715878332047121
REGION1,INFLOW01,20,2023,0.1690813523705042
REGION1,INFLOW01,21,2023,0.2143620856718857
REGION1,INFLOW01,22,2023,0.2185203018082412
REGION1,INFLOW01,23,2023,0.209205257300457
REGION1,INFLOW01,24,2023,0.1579082929058572
REGION1,INFLOW01,25,2023,0.1460534152871232
REGION1,INFLOW01,26,2023,0.1249088935438406
REGION1,INFLOW01,27,2023,0.1173014582607941
REGION1,INFLOW01,28,2023,0.1110108487335858
REGION1,INFLOW01,29,2023,0.1086888578126052
REGION1,INFLOW01,30,2023,0.1052643404253862
REGION1,INFLOW01,31,2023,0.108733708464641
REGION1,INFLOW01,32,2023,0.1132903596891091
REGION1,INFLOW01,33,2023,0.0883974317540065
REGION1,INFLOW01,34,2023,0.0875058754926284
REGION1,INFLOW01,35,2023,0.086699122716757
REGION1,INFLOW01,36,2023,0.086186943859915
REGION1,INFLOW01,37,2023,0.0813774773972746
REGION1,INFLOW01,38,2023,0.0809492899464248
REGION1,INFLOW01,39,2023,0.080658703683575
REGION1,INFLOW01,40,2023,0.0805596770879638
REGION1,INFLOW01,1,2024,0.0941106786557074
REGION1,INFLOW01,2,2024,0.0847007758407237
REGION1,INFLOW01,3,2024,0.0850402614207693
REGION1,INFLOW01,4,2024,0.0856641750301423
REGION1,INFLOW01,5,2024,0.3750797240859069
REGION1,INFLOW01,6,2024,0.3611350419119581
REGION1,INFLOW01,7,2024,0.3765660543612799
REGION1,INFLOW01,8,2024,0.425623402832249
REGION1,INFLOW01,9,2024,0.6013190444485741
REGION1,INFLOW01,10,2024,0.6080206721032958
REGION1,INFLOW01,11,2024,0.6128026680842249
REGION1,INFLOW01,12,2024,0.6098041846561936
REGION1,INFLOW01,13,2024,0.3332861688803779
REGION1,INFLOW01,14,2024,0.3318632183710334
REGION1,INFLOW01,15,2024,0.3314754458197993
REGION1,INFLOW01,16,2024,0.3282158748217731
REGION1,INFLOW01,17,2024,0.180169214937363
REGION1,INFLOW01,18,2024,0.1677302484770609
REGION1,INFLOW01,19,2024,0.1715878332047121
REGION1,INFLOW01,20,2024,0.1690813523705042
REGION1,INFLOW01,21,2024,0.2143620856718857
REGION1,INFLOW01,22,2024,0.2185203018082412
REGION1,INFLOW01,23,2024,0.209205257300457
REGION1,INFLOW01,24,2024,0.1579082929058572
REGION1,INFLOW01,25,2024,0.1460534152871232
REGION1,INFLOW01,26,2024,0.1249088935438406
REGION1,INFLOW01,27,2024,0.1173014582607941
REGION1,INFLOW01,28,2024,0.1110108487335858
REGION1,INFLOW01,29,2024,0.1086888578126052
REGION1,INFLOW01,30,2024,0.1052643404253862
REGION1,INFLOW01,31,2024,0.108733708464641
REGION1,INFLOW01,32,2024,0.1132903596891091
REGION1,INFLOW01,33,2024,0.0883974317540065
REGION1,INFLOW01,34,2024,0.0875058754926284
REGION1,INFLOW01,35,2024,0.086699122716757
REGION1,INFLOW01,36,2024,0.086186943859915
REGION1,INFLOW01,37,2024,0.0813774773972746
REGION1,INFLOW01,38,2024,0.0809492899464248
REGION1,INFLOW01,39,2024,0.080658703683575
REGION1,INFLOW01,40,2024,0.0805596770879638
REGION1,INFLOW01,1,2025,0.0941106786557074
REGION1,INFLOW01,2,2025,0.0847007758407237
REGION1,INFLOW01,3,2025,0.0850402614207693
REGION1,INFLOW01,4,2025,0.0856641750301423
REGION1,INFLOW01,5,2025,0.3750797240859069
REGION1,INFLOW01,6,2025,0.3611350419119581
REGION1,INFLOW01,7,2025,0.3765660543612799
REGION1,INFLOW01,8,2025,0.425623402832249
REGION1,INFLOW01,9,2025,0.6013190444485741
REGION1,INFLOW01,10,2025,0.6080206721032958
REGION1,INFLOW01,11,2025,0.6128026680842249
REGION1,INFLOW01,12,2025,0.6098041846561936
REGION1,INFLOW01,13,2025,0.3332861688803779
REGION1,INFLOW01,14,2025,0.3318632183710334
REGION1,INFLOW01,15,2025,0.3314754458197993
REGION1,INFLOW01,16,2025,0.3282158748217731
REGION1,INFLOW01,17,2025,0.180169214937363
REGION1,INFLOW01,18,2025,0.1677302484770609
REGION1,INFLOW01,19,2025,0.1715878332047121
REGION1,INFLOW01,20,2025,0.1690813523705042
REGION1,INFLOW01,21,2025,0.2143620856718857
REGION1,INFLOW01,22,2025,0.2185203018082412
REGION1,INFLOW01,23,2025,0.209205257300457
REGION1,INFLOW01,24,2025,0.1579082929058572
REGION1,INFLOW01,25,2025,0.1460534152871232
REGION1,INFLOW01,26,2025,0.1249088935438406
REGION1,INFLOW01,27,2025,0.1173014582607941
REGION1,INFLOW01,28,2025,0.1110108487335858
REGION1,INFLOW01,29,2025,0.1086888578126052
REGION1,INFLOW01,30,2025,0.1052643404253862
REGION1,INFLOW01,31,2025,0.108733708464641
REGION1,INFLOW01,32,2025,0.1132903596891091
REGION1,INFLOW01,33,2025,0.0883974317540065
REGION1,INFLOW01,34,2025,0.0875058754926284
REGION1,INFLOW01,35,2025,0.086699122716757
REGION1,INFLOW01,36,2025,0.086186943859915
REGION1,INFLOW01,37,2025,0.0813774773972746
REGION1,INFLOW01,38,2025,0.0809492899464248
REGION1,INFLOW01,39,2025,0.080658703683575
REGION1,INFLOW01,40,2025,0.0805596770879638
REGION1,INFLOW01,1,2026,0.0941106786557074
REGION1,INFLOW01,2,2026,0.0847007758407237
REGION1,INFLOW01,3,2026,0.0850402614207693
REGION1,INFLOW01,4,2026,0.0856641750301423
REGION1,INFLOW01,5,2026,0.3750797240859069
REGION1,INFLOW01,6,2026,0.3611350419119581
REGION1,INFLOW01,7,2026,0.3765660543612799
REGION1,INFLOW01,8,2026,0.425623402832249
REGION1,INFLOW01,9,2026,0.6013190444485741
REGION1,INFLOW01,10,2026,0.6080206721032958
REGION1,INFLOW01,11,2026,0.6128026680842249
REGION1,INFLOW01,12,2026,0.6098041846561936
REGION1,INFLOW01,13,2026,0.3332861688803779
REGION1,INFLOW01,14,2026,0.3318632183710334
REGION1,INFLOW01,15,2026,0.3314754458197993
REGION1,INFLOW01,16,2026,0.3282158748217731
REGION1,INFLOW01,17,2026,0.180169214937363
REGION1,INFLOW01,18,2026,0.1677302484770609
REGION1,INFLOW01,19,2026,0.1715878332047121
REGION1,INFLOW01,20,2026,0.1690813523705042
REGION1,INFLOW01,21,2026,0.2143620856718857
REGION1,INFLOW01,22,2026,0.2185203018082412
REGION1,INFLOW01,23,2026,0.209205257300457
REGION1,INFLOW01,24,2026,0.1579082929058572
REGION1,INFLOW01,25,2026,0.1460534152871232
REGION1,INFLOW01,26,2026,0.1249088935438406
REGION1,INFLOW01,27,2026,0.1173014582607941
REGION1,INFLOW01,28,2026,0.1110108487335858
REGION1,INFLOW01,29,2026,0.1086888578126052
REGION1,INFLOW01,30,2026,0.1052643404253862
REGION1,INFLOW01,31,2026,0.108733708464641
REGION1,INFLOW01,32,2026,0.1132903596891091
REGION1,INFLOW01,33,2026,0.0883974317540065
REGION1,INFLOW01,34,2026,0.0875058754926284
REGION1,INFLOW01,35,2026,0.086699122716757
REGION1,INFLOW01,36,2026,0.086186943859915
REGION1,INFLOW01,37,2026,0.0813774773972746
REGION1,INFLOW01,38,2026,0.0809492899464248
REGION1,INFLOW01,39,2026,0.080658703683575
REGION1,INFLOW01,40,2026,0.0805596770879638
REGION1,INFLOW01,1,2027,0.0941106786557074
REGION1,INFLOW01,2,2027,0.0847007758407237
REGION1,INFLOW01,3,2027,0.0850402614207693
REGION1,INFLOW01,4,2027,0.0856641750301423
REGION1,INFLOW01,5,2027,0.3750797240859069
REGION1,INFLOW01,6,2027,0.3611350419119581
REGION1,INFLOW01,7,2027,0.3765660543612799
REGION1,INFLOW01,8,2027,0.425623402832249
REGION1,INFLOW01,9,2027,0.6013190444485741
REGION1,INFLOW01,10,2027,0.6080206721032958
REGION1,INFLOW01,11,2027,0.6128026680842249
REGION1,INFLOW01,12,2027,0.6098041846561936
REGION1,INFLOW01,13,2027,0.3332861688803779
REGION1,INFLOW01,14,2027,0.3318632183710334
REGION1,INFLOW01,15,2027,0.3314754458197993
REGION1,INFLOW01,16,2027,0.3282158748217731
REGION1,INFLOW01,17,2027,0.180169214937363
REGION1,INFLOW01,18,2027,0.1677302484770609
REGION1,INFLOW01,19,2027,0.1715878332047121
REGION1,INFLOW01,20,2027,0.1690813523705042
REGION1,INFLOW01,21,2027,0.2143620856718857
REGION1,INFLOW01,22,2027,0.2185203018082412
REGION1,INFLOW01,23,2027,0.209205257300457
REGION1,INFLOW01,24,2027,0.1579082929058572
REGION1,INFLOW01,25,2027,0.1460534152871232
REGION1,INFLOW01,26,2027,0.1249088935438406
REGION1,INFLOW01,27,2027,0.1173014582607941
REGION1,INFLOW01,28,2027,0.1110108487335858
REGION1,INFLOW01,29,2027,0.1086888578126052
REGION1,INFLOW01,30,2027,0.1052643404253862
REGION1,INFLOW01,31,2027,0.108733708464641
REGION1,INFLOW01,32,2027,0.1132903596891091
REGION1,INFLOW01,33,2027,0.0883974317540065
REGION1,INFLOW01,34,2027,0.0875058754926284
REGION1,INFLOW01,35,2027,0.086699122716757
REGION1,INFLOW01,36,2027,0.086186943859915
REGION1,INFLOW01,37,2027,0.0813774773972746
REGION1,INFLOW01,38,2027,0.0809492899464248
REGION1,INFLOW01,39,2027,0.080658703683575
REGION1,INFLOW01,40,2027,0.0805596770879638
REGION1,INFLOW01,1,2028,0.0941106786557074
REGION1,INFLOW01,2,2028,0.0847007758407237
REGION1,INFLOW01,3,2028,0.0850402614207693
REGION1,INFLOW01,4,2028,0.0856641750301423
REGION1,INFLOW01,5,2028,0.3750797240859069
REGION1,INFLOW01,6,2028,0.3611350419119581
REGION1,INFLOW01,7,2028,0.3765660543612799
REGION1,INFLOW01,8,2028,0.425623402832249
REGION1,INFLOW01,9,2028,0.6013190444485741
REGION1,INFLOW01,10,2028,0.6080206721032958
REGION1,INFLOW01,11,2028,0.6128026680842249
REGION1,INFLOW01,12,2028,0.6098041846561936
REGION1,INFLOW01,13,2028,0.3332861688803779
REGION1,INFLOW01,14,2028,0.3318632183710334
REGION1,INFLOW01,15,2028,0.3314754458197993
REGION1,INFLOW01,16,2028,0.3282158748217731
REGION1,INFLOW01,17,2028,0.180169214937363
REGION1,INFLOW01,18,2028,0.1677302484770609
REGION1,INFLOW01,19,2028,0.1715878332047121
REGION1,INFLOW01,20,2028,0.1690813523705042
REGION1,INFLOW01,21,2028,0.2143620856718857
REGION1,INFLOW01,22,2028,0.2185203018082412
REGION1,INFLOW01,23,2028,0.209205257300457
REGION1,INFLOW01,24,2028,0.1579082929058572
REGION1,INFLOW01,25,2028,0.1460534152871232
REGION1,INFLOW01,26,2028,0.1249088935438406
REGION1,INFLOW01,27,2028,0.1173014582607941
REGION1,INFLOW01,28,2028,0.1110108487335858
REGION1,INFLOW01,29,2028,0.1086888578126052
REGION1,INFLOW01,30,2028,0.1052643404253862
REGION1,INFLOW01,31,2028,0.108733708464641
REGION1,INFLOW01,32,2028,0.1132903596891091
REGION1,INFLOW01,33,2028,0.0883974317540065
REGION1,INFLOW01,34,2028,0.0875058754926284
REGION1,INFLOW01,35,2028,0.086699122716757
REGION1,INFLOW01,36,2028,0.086186943859915
REGION1,INFLOW01,37,2028,0.0813774773972746
REGION1,INFLOW01,38,2028,0.0809492899464248
REGION1,INFLOW01,39,2028,0.080658703683575
REGION1,INFLOW01,40,2028,0.0805596770879638
REGION1,INFLOW01,1,2029,0.0941106786557074
REGION1,INFLOW01,2,2029,0.0847007758407237
REGION1,INFLOW01,3,2029,0.0850402614207693
REGION1,INFLOW01,4,2029,0.0856641750301423
REGION1,INFLOW01,5,2029,0.3750797240859069
REGION1,INFLOW01,6,2029,0.3611350419119581
REGION1,INFLOW01,7,2029,0.3765660543612799
REGION1,INFLOW01,8,2029,0.425623402832249
REGION1,INFLOW01,9,2029,0.6013190444485741
REGION1,INFLOW01,10,2029,0.6080206721032958
REGION1,INFLOW01,11,2029,0.6128026680842249
REGION1,INFLOW01,12,2029,0.6098041846561936
REGION1,INFLOW01,13,2029,0.3332861688803779
REGION1,INFLOW01,14,2029,0.3318632183710334
REGION1,INFLOW01,15,2029,0.3314754458197993
REGION1,INFLOW01,16,2029,0.3282158748217731
REGION1,INFLOW01,17,2029,0.180169214937363
REGION1,INFLOW01,18,2029,0.1677302484770609
REGION1,INFLOW01,19,2029,0.1715878332047121
REGION1,INFLOW01,20,2029,0.1690813523705042
REGION1,INFLOW01,21,2029,0.2143620856718857
REGION1,INFLOW01,22,2029,0.2185203018082412
REGION1,INFLOW01,23,2029,0.209205257300457
REGION1,INFLOW01,24,2029,0.1579082929058572
REGION1,INFLOW01,25,2029,0.1460534152871232
REGION1,INFLOW01,26,2029,0.1249088935438406
REGION1,INFLOW01,27,2029,0.1173014582607941
REGION1,INFLOW01,28,2029,0.1110108487335858
REGION1,INFLOW01,29,2029,0.1086888578126052
REGION1,INFLOW01,30,2029,0.1052643404253862
REGION1,INFLOW01,31,2029,0.108733708464641
REGION1,INFLOW01,32,2029,0.1132903596891091
REGION1,INFLOW01,33,2029,0.0883974317540065
REGION1,INFLOW01,34,2029,0.0875058754926284
REGION1,INFLOW01,35,2029,0.086699122716757
REGION1,INFLOW01,36,2029,0.086186943859915
REGION1,INFLOW01,37,2029,0.0813774773972746
REGION1,INFLOW01,38,2029,0.0809492899464248
REGION1,INFLOW01,39,2029,0.080658703683575
REGION1,INFLOW01,40,2029,0.0805596770879638
REGION1,INFLOW01,1,2030,0.0941106786557074
REGION1,INFLOW01,2,2030,0.0847007758407237
REGION1,INFLOW01,3,2030,0.0850402614207693
REGION1,INFLOW01,4,2030,0.0856641750301423
REGION1,INFLOW01,5,2030,0.3750797240859069
REGION1,INFLOW01,6,2030,0.3611350419119581
REGION1,INFLOW01,7,2030,0.3765660543612799
REGION1,INFLOW01,8,2030,0.425623402832249
REGION1,INFLOW01,9,2030,0.6013190444485741
REGION1,INFLOW01,10,2030,0.6080206721032958
REGION1,INFLOW01,11,2030,0.6128026680842249
REGION1,INFLOW01,12,2030,0.6098041846561936
REGION1,INFLOW01,13,2030,0.3332861688803779
REGION1,INFLOW01,14,2030,0.3318632183710334
REGION1,INFLOW01,15,2030,0.3314754458197993
REGION1,INFLOW01,16,2030,0.3282158748217731
REGION1,INFLOW01,17,2030,0.180169214937363
REGION1,INFLOW01,18,2030,0.1677302484770609
REGION1,INFLOW01,19,2030,0.1715878332047121
REGION1,INFLOW01,20,2030,0.1690813523705042
REGION1,INFLOW01,21,2030,0.2143620856718857
REGION1,INFLOW01,22,2030,0.2185203018082412
REGION1,INFLOW01,23,2030,0.209205257300457
REGION1,INFLOW01,24,2030,0.1579082929058572
REGION1,INFLOW01,25,2030,0.1460534152871232
REGION1,INFLOW01,26,2030,0.1249088935438406
REGION1,INFLOW01,27,2030,0.1173014582607941
REGION1,INFLOW01,28,2030,0.1110108487335858
REGION1,INFLOW01,29,2030,0.1086888578126052
REGION1,INFLOW01,30,2030,0.1052643404253862
REGION1,INFLOW01,31,2030,0.108733708464641
REGION1,INFLOW01,32,2030,0.1132903596891091
REGION1,INFLOW01,33,2030,0.0883974317540065
REGION1,INFLOW01,34,2030,0.0875058754926284
REGION1,INFLOW01,35,2030,0.086699122716757
REGION1,INFLOW01,36,2030,0.086186943859915
REGION1,INFLOW01,37,2030,0.0813774773972746
REGION1,INFLOW01,38,2030,0.0809492899464248
REGION1,INFLOW01,39,2030,0.080658703683575
REGION1,INFLOW01,40,2030,0.0805596770879638
REGION1,INFLOW01,1,2031,0.0941106786557074
REGION1,INFLOW01,2,2031,0.0847007758407237
REGION1,INFLOW01,3,2031,0.0850402614207693
REGION1,INFLOW01,4,2031,0.0856641750301423
REGION1,INFLOW01,5,2031,0.3750797240859069
REGION1,INFLOW01,6,2031,0.3611350419119581
REGION1,INFLOW01,7,2031,0.3765660543612799
REGION1,INFLOW01,8,2031,0.425623402832249
REGION1,INFLOW01,9,2031,0.6013190444485741
REGION1,INFLOW01,10,2031,0.6080206721032958
REGION1,INFLOW01,11,2031,0.6128026680842249
REGION1,INFLOW01,12,2031,0.6098041846561936
REGION1,INFLOW01,13,2031,0.3332861688803779
REGION1,INFLOW01,14,2031,0.3318632183710334
REGION1,INFLOW01,15,2031,0.3314754458197993
REGION1,INFLOW01,16,2031,0.3282158748217731
REGION1,INFLOW01,17,2031,0.180169214937363
REGION1,INFLOW01,18,2031,0.1677302484770609
REGION1,INFLOW01,19,2031,0.1715878332047121
REGION1,INFLOW01,20,2031,0.1690813523705042
REGION1,INFLOW01,21,2031,0.2143620856718857
REGION1,INFLOW01,22,2031,0.2185203018082412
REGION1,INFLOW01,23,2031,0.209205257300457
REGION1,INFLOW01,24,2031,0.1579082929058572
REGION1,INFLOW01,25,2031,0.1460534152871232
REGION1,INFLOW01,26,2031,0.1249088935438406
REGION1,INFLOW01,27,2031,0.1173014582607941
REGION1,INFLOW01,28,2031,0.1110108487335858
REGION1,INFLOW01,29,2031,0.1086888578126052
REGION1,INFLOW01,30,2031,0.1052643404253862
REGION1,INFLOW01,31,2031,0.108733708464641
REGION1,INFLOW01,32,2031,0.1132903596891091
REGION1,INFLOW01,33,2031,0.0883974317540065
REGION1,INFLOW01,34,2031,0.0875058754926284
REGION1,INFLOW01,35,2031,0.086699122716757
REGION1,INFLOW01,36,2031,0.086186943859915
REGION1,INFLOW01,37,2031,0.0813774773972746
REGION1,INFLOW01,38,2031,0.0809492899464248
REGION1,INFLOW01,39,2031,0.080658703683575
REGION1,INFLOW01,40,2031,0.0805596770879638
REGION1,INFLOW01,1,2032,0.0941106786557074
REGION1,INFLOW01,2,2032,0.0847007758407237
REGION1,INFLOW01,3,2032,0.0850402614207693
REGION1,INFLOW01,4,2032,0.0856641750301423
REGION1,INFLOW01,5,2032,0.3750797240859069
REGION1,INFLOW01,6,2032,0.3611350419119581
REGION1,INFLOW01,7,2032,0.3765660543612799
REGION1,INFLOW01,8,2032,0.425623402832249
REGION1,INFLOW01,9,2032,0.6013190444485741
REGION1,INFLOW01,10,2032,0.6080206721032958
REGION1,INFLOW01,11,2032,0.6128026680842249
REGION1,INFLOW01,12,2032,0.6098041846561936
REGION1,INFLOW01,13,2032,0.3332861688803779
REGION1,INFLOW01,14,2032,0.3318632183710334
REGION1,INFLOW01,15,2032,0.3314754458197993
REGION1,INFLOW01,16,2032,0.3282158748217731
REGION1,INFLOW01,17,2032,0.180169214937363
REGION1,INFLOW01,18,2032,0.1677302484770609
REGION1,INFLOW01,19,2032,0.1715878332047121
REGION1,INFLOW01,20,2032,0.1690813523705042
REGION1,INFLOW01,21,2032,0.2143620856718857
REGION1,INFLOW01,22,2032,0.2185203018082412
REGION1,INFLOW01,23,2032,0.209205257300457
REGION1,INFLOW01,24,2032,0.1579082929058572
REGION1,INFLOW01,25,2032,0.1460534152871232
REGION1,INFLOW01,26,2032,0.1249088935438406
REGION1,INFLOW01,27,2032,0.1173014582607941
REGION1,INFLOW01,28,2032,0.1110108487335858
REGION1,INFLOW01,29,2032,0.1086888578126052
REGION1,INFLOW01,30,2032,0.1052643404253862
REGION1,INFLOW01,31,2032,0.108733708464641
REGION1,INFLOW01,32,2032,0.1132903596891091
REGION1,INFLOW01,33,2032,0.0883974317540065
REGION1,INFLOW01,34,2032,0.0875058754926284
REGION1,INFLOW01,35,2032,0.086699122716757
REGION1,INFLOW01,36,2032,0.086186943859915
REGION1,INFLOW01,37,2032,0.0813774773972746
REGION1,INFLOW01,38,2032,0.0809492899464248
REGION1,INFLOW01,39,2032,0.080658703683575
REGION1,INFLOW01,40,2032,0.0805596770879638
REGION1,INFLOW01,1,2033,0.0941106786557074
REGION1,INFLOW01,2,2033,0.0847007758407237
REGION1,INFLOW01,3,2033,0.0850402614207693
REGION1,INFLOW01,4,2033,0.0856641750301423
REGION1,INFLOW01,5,2033,0.3750797240859069
REGION1,INFLOW01,6,2033,0.3611350419119581
REGION1,INFLOW01,7,2033,0.3765660543612799
REGION1,INFLOW01,8,2033,0.425623402832249
REGION1,INFLOW01,9,2033,0.6013190444485741
REGION1,INFLOW01,10,2033,0.6080206721032958
REGION1,INFLOW01,11,2033,0.6128026680842249
REGION1,INFLOW01,12,2033,0.6098041846561936
REGION1,INFLOW01,13,2033,0.3332861688803779
REGION1,INFLOW01,14,2033,0.3318632183710334
REGION1,INFLOW01,15,2033,0.3314754458197993
REGION1,INFLOW01,16,2033,0.3282158748217731
REGION1,INFLOW01,17,2033,0.180169214937363
REGION1,INFLOW01,18,2033,0.1677302484770609
REGION1,INFLOW01,19,2033,0.1715878332047121
REGION1,INFLOW01,20,2033,0.1690813523705042
REGION1,INFLOW01,21,2033,0.2143620856718857
REGION1,INFLOW01,22,2033,0.2185203018082412
REGION1,INFLOW01,23,2033,0.209205257300457
REGION1,INFLOW01,24,2033,0.1579082929058572
REGION1,INFLOW01,25,2033,0.1460534152871232
REGION1,INFLOW01,26,2033,0.1249088935438406
REGION1,INFLOW01,27,2033,0.1173014582607941
REGION1,INFLOW01,28,2033,0.1110108487335858
REGION1,INFLOW01,29,2033,0.1086888578126052
REGION1,INFLOW01,30,2033,0.1052643404253862
REGION1,INFLOW01,31,2033,0.108733708464641
REGION1,INFLOW01,32,2033,0.1132903596891091
REGION1,INFLOW01,33,2033,0.0883974317540065
REGION1,INFLOW01,34,2033,0.0875058754926284
REGION1,INFLOW01,35,2033,0.086699122716757
REGION1,INFLOW01,36,2033,0.086186943859915
REGION1,INFLOW01,37,2033,0.0813774773972746
REGION1,INFLOW01,38,2033,0.0809492899464248
REGION1,INFLOW01,39,2033,0.080658703683575
REGION1,INFLOW01,40,2033,0.0805596770879638
REGION1,INFLOW01,1,2034,0.0941106786557074
REGION1,INFLOW01,2,2034,0.0847007758407237
REGION1,INFLOW01,3,2034,0.0850402614207693
REGION1,INFLOW01,4,2034,0.0856641750301423
REGION1,INFLOW01,5,2034,0.3750797240859069
REGION1,INFLOW01,6,2034,0.3611350419119581
REGION1,INFLOW01,7,2034,0.3765660543612799
REGION1,INFLOW01,8,2034,0.425623402832249
REGION1,INFLOW01,9,2034,0.6013190444485741
REGION1,INFLOW01,10,2034,0.6080206721032958
REGION1,INFLOW01,11,2034,0.6128026680842249
REGION1,INFLOW01,12,2034,0.6098041846561936
REGION1,INFLOW01,13,2034,0.3332861688803779
REGION1,INFLOW01,14,2034,0.3318632183710334
REGION1,INFLOW01,15,2034,0.3314754458197993
REGION1,INFLOW01,16,2034,0.3282158748217731
REGION1,INFLOW01,17,2034,0.180169214937363
REGION1,INFLOW01,18,2034,0.1677302484770609
REGION1,INFLOW01,19,2034,0.1715878332047121
REGION1,INFLOW01,20,2034,0.1690813523705042
REGION1,INFLOW01,21,2034,0.2143620856718857
REGION1,INFLOW01,22,2034,0.2185203018082412
REGION1,INFLOW01,23,2034,0.209205257300457
REGION1,INFLOW01,24,2034,0.1579082929058572
REGION1,INFLOW01,25,2034,0.1460534152871232
REGION1,INFLOW01,26,2034,0.1249088935438406
REGION1,INFLOW01,27,2034,0.1173014582607941
REGION1,INFLOW01,28,2034,0.1110108487335858
REGION1,INFLOW01,29,2034,0.1086888578126052
REGION1,INFLOW01,30,2034,0.1052643404253862
REGION1,INFLOW01,31,2034,0.108733708464641
REGION1,INFLOW01,32,2034,0.1132903596891091
REGION1,INFLOW01,33,2034,0.0883974317540065
REGION1,INFLOW01,34,2034,0.0875058754926284
REGION1,INFLOW01,35,2034,0.086699122716757
REGION1,INFLOW01,36,2034,0.086186943859915
REGION1,INFLOW01,37,2034,0.0813774773972746
REGION1,INFLOW01,38,2034,0.0809492899464248
REGION1,INFLOW01,39,2034,0.080658703683575
REGION1,INFLOW01,40,2034,0.0805596770879638
REGION1,INFLOW01,1,2035,0.0941106786557074
REGION1,INFLOW01,2,2035,0.0847007758407237
REGION1,INFLOW01,3,2035,0.0850402614207693
REGION1,INFLOW01,4,2035,0.0856641750301423
REGION1,INFLOW01,5,2035,0.3750797240859069
REGION1,INFLOW01,6,2035,0.3611350419119581
REGION1,INFLOW01,7,2035,0.3765660543612799
REGION1,INFLOW01,8,2035,0.425623402832249
REGION1,INFLOW01,9,2035,0.6013190444485741
REGION1,INFLOW01,10,2035,0.6080206721032958
REGION1,INFLOW01,11,2035,0.6128026680842249
REGION1,INFLOW01,12,2035,0.6098041846561936
REGION1,INFLOW01,13,2035,0.3332861688803779
REGION1,INFLOW01,14,2035,0.3318632183710334
REGION1,INFLOW01,15,2035,0.3314754458197993
REGION1,INFLOW01,16,2035,0.3282158748217731
REGION1,INFLOW01,17,2035,0.180169214937363
REGION1,INFLOW01,18,2035,0.1677302484770609
REGION1,INFLOW01,19,2035,0.1715878332047121
REGION1,INFLOW01,20,2035,0.1690813523705042
REGION1,INFLOW01,21,2035,0.2143620856718857
REGION1,INFLOW01,22,2035,0.2185203018082412
REGION1,INFLOW01,23,2035,0.209205257300457
REGION1,INFLOW01,24,2035,0.1579082929058572
REGION1,INFLOW01,25,2035,0.1460534152871232
REGION1,INFLOW01,26,2035,0.1249088935438406
REGION1,INFLOW01,27,2035,0.1173014582607941
REGION1,INFLOW01,28,2035,0.1110108487335858
REGION1,INFLOW01,29,2035,0.1086888578126052
REGION1,INFLOW01,30,2035,0.1052643404253862
REGION1,INFLOW01,31,2035,0.108733708464641
REGION1,INFLOW01,32,2035,0.1132903596891091
REGION1,INFLOW01,33,2035,0.0883974317540065
REGION1,INFLOW01,34,2035,0.0875058754926284
REGION1,INFLOW01,35,2035,0.086699122716757
REGION1,INFLOW01,36,2035,0.086186943859915
REGION1,INFLOW01,37,2035,0.0813774773972746
REGION1,INFLOW01,38,2035,0.0809492899464248
REGION1,INFLOW01,39,2035,0.080658703683575
REGION1,INFLOW01,40,2035,0.0805596770879638
REGION1,INFLOW01,1,2036,0.0941106786557074
REGION1,INFLOW01,2,2036,0.0847007758407237
REGION1,INFLOW01,3,2036,0.0850402614207693
REGION1,INFLOW01,4,2036,0.0856641750301423
REGION1,INFLOW01,5,2036,0.3750797240859069
REGION1,INFLOW01,6,2036,0.3611350419119581
REGION1,INFLOW01,7,2036,0.3765660543612799
REGION1,INFLOW01,8,2036,0.425623402832249
REGION1,INFLOW01,9,2036,0.6013190444485741
REGION1,INFLOW01,10,2036,0.6080206721032958
REGION1,INFLOW01,11,2036,0.6128026680842249
REGION1,INFLOW01,12,2036,0.6098041846561936
REGION1,INFLOW01,13,2036,0.3332861688803779
REGION1,INFLOW01,14,2036,0.3318632183710334
REGION1,INFLOW01,15,2036,0.3314754458197993
REGION1,INFLOW01,16,2036,0.3282158748217731
REGION1,INFLOW01,17,2036,0.180169214937363
REGION1,INFLOW01,18,2036,0.1677302484770609
REGION1,INFLOW01,19,2036,0.1715878332047121
REGION1,INFLOW01,20,2036,0.1690813523705042
REGION1,INFLOW01,21,2036,0.2143620856718857
REGION1,INFLOW01,22,2036,0.2185203018082412
REGION1,INFLOW01,23,2036,0.209205257300457
REGION1,INFLOW01,24,2036,0.1579082929058572
REGION1,INFLOW01,25,2036,0.1460534152871232
REGION1,INFLOW01,26,2036,0.1249088935438406
REGION1,INFLOW01,27,2036,0.1173014582607941
REGION1,INFLOW01,28,2036,0.1110108487335858
REGION1,INFLOW01,29,2036,0.1086888578126052
REGION1,INFLOW01,30,2036,0.1052643404253862
REGION1,INFLOW01,31,2036,0.108733708464641
REGION1,INFLOW01,32,2036,0.1132903596891091
REGION1,INFLOW01,33,2036,0.0883974317540065
REGION1,INFLOW01,34,2036,0.0875058754926284
REGION1,INFLOW01,35,2036,0.086699122716757
REGION1,INFLOW01,36,2036,0.086186943859915
REGION1,INFLOW01,37,2036,0.0813774773972746
REGION1,INFLOW01,38,2036,0.0809492899464248
REGION1,INFLOW01,39,2036,0.080658703683575
REGION1,INFLOW01,40,2036,0.0805596770879638
REGION1,INFLOW01,1,2037,0.0941106786557074
REGION1,INFLOW01,2,2037,0.0847007758407237
REGION1,INFLOW01,3,2037,0.0850402614207693
REGION1,INFLOW01,4,2037,0.0856641750301423
REGION1,INFLOW01,5,2037,0.3750797240859069
REGION1,INFLOW01,6,2037,0.3611350419119581
REGION1,INFLOW01,7,2037,0.3765660543612799
REGION1,INFLOW01,8,2037,0.425623402832249
REGION1,INFLOW01,9,2037,0.6013190444485741
REGION1,INFLOW01,10,2037,0.6080206721032958
REGION1,INFLOW01,11,2037,0.6128026680842249
REGION1,INFLOW01,12,2037,0.6098041846561936
REGION1,INFLOW01,13,2037,0.3332861688803779
REGION1,INFLOW01,14,2037,0.3318632183710334
REGION1,INFLOW01,15,2037,0.3314754458197993
REGION1,INFLOW01,16,2037,0.3282158748217731
REGION1,INFLOW01,17,2037,0.180169214937363
REGION1,INFLOW01,18,2037,0.1677302484770609
REGION1,INFLOW01,19,2037,0.1715878332047121
REGION1,INFLOW01,20,2037,0.1690813523705042
REGION1,INFLOW01,21,2037,0.2143620856718857
REGION1,INFLOW01,22,2037,0.2185203018082412
REGION1,INFLOW01,23,2037,0.209205257300457
REGION1,INFLOW01,24,2037,0.1579082929058572
REGION1,INFLOW01,25,2037,0.1460534152871232
REGION1,INFLOW01,26,2037,0.1249088935438406
REGION1,INFLOW01,27,2037,0.1173014582607941
REGION1,INFLOW01,28,2037,0.1110108487335858
REGION1,INFLOW01,29,2037,0.1086888578126052
REGION1,INFLOW01,30,2037,0.1052643404253862
REGION1,INFLOW01,31,2037,0.108733708464641
REGION1,INFLOW01,32,2037,0.1132903596891091
REGION1,INFLOW01,33,2037,0.0883974317540065
REGION1,INFLOW01,34,2037,0.0875058754926284
REGION1,INFLOW01,35,2037,0.086699122716757
REGION1,INFLOW01,36,2037,0.086186943859915
REGION1,INFLOW01,37,2037,0.0813774773972746
REGION1,INFLOW01,38,2037,0.0809492899464248
REGION1,INFLOW01,39,2037,0.080658703683575
REGION1,INFLOW01,40,2037,0.0805596770879638
REGION1,INFLOW01,1,2038,0.0941106786557074
REGION1,INFLOW01,2,2038,0.0847007758407237
REGION1,INFLOW01,3,2038,0.0850402614207693
REGION1,INFLOW01,4,2038,0.0856641750301423
REGION1,INFLOW01,5,2038,0.3750797240859069
REGION1,INFLOW01,6,2038,0.3611350419119581
REGION1,INFLOW01,7,2038,0.3765660543612799
REGION1,INFLOW01,8,2038,0.425623402832249
REGION1,INFLOW01,9,2038,0.6013190444485741
REGION1,INFLOW01,10,2038,0.6080206721032958
REGION1,INFLOW01,11,2038,0.6128026680842249
REGION1,INFLOW01,12,2038,0.6098041846561936
REGION1,INFLOW01,13,2038,0.3332861688803779
REGION1,INFLOW01,14,2038,0.3318632183710334
REGION1,INFLOW01,15,2038,0.3314754458197993
REGION1,INFLOW01,16,2038,0.3282158748217731
REGION1,INFLOW01,17,2038,0.180169214937363
REGION1,INFLOW01,18,2038,0.1677302484770609
REGION1,INFLOW01,19,2038,0.1715878332047121
REGION1,INFLOW01,20,2038,0.1690813523705042
REGION1,INFLOW01,21,2038,0.2143620856718857
REGION1,INFLOW01,22,2038,0.2185203018082412
REGION1,INFLOW01,23,2038,0.209205257300457
REGION1,INFLOW01,24,2038,0.1579082929058572
REGION1,INFLOW01,25,2038,0.1460534152871232
REGION1,INFLOW01,26,2038,0.1249088935438406
REGION1,INFLOW01,27,2038,0.1173014582607941
REGION1,INFLOW01,28,2038,0.1110108487335858
REGION1,INFLOW01,29,2038,0.1086888578126052
REGION1,INFLOW01,30,2038,0.1052643404253862
REGION1,INFLOW01,31,2038,0.108733708464641
REGION1,INFLOW01,32,2038,0.1132903596891091
REGION1,INFLOW01,33,2038,0.0883974317540065
REGION1,INFLOW01,34,2038,0.0875058754926284
REGION1,INFLOW01,35,2038,0.086699122716757
REGION1,INFLOW01,36,2038,0.086186943859915
REGION1,INFLOW01,37,2038,0.0813774773972746
REGION1,INFLOW01,38,2038,0.0809492899464248
REGION1,INFLOW01,39,2038,0.080658703683575
REGION1,INFLOW01,40,2038,0.0805596770879638
REGION1,INFLOW01,1,2039,0.0941106786557074
REGION1,INFLOW01,2,2039,0.0847007758407237
REGION1,INFLOW01,3,2039,0.0850402614207693
REGION1,INFLOW01,4,2039,0.0856641750301423
REGION1,INFLOW01,5,2039,0.3750797240859069
REGION1,INFLOW01,6,2039,0.3611350419119581
REGION1,INFLOW01,7,2039,0.3765660543612799
REGION1,INFLOW01,8,2039,0.425623402832249
REGION1,INFLOW01,9,2039,0.6013190444485741
REGION1,INFLOW01,10,2039,0.6080206721032958
REGION1,INFLOW01,11,2039,0.6128026680842249
REGION1,INFLOW01,12,2039,0.6098041846561936
REGION1,INFLOW01,13,2039,0.3332861688803779
REGION1,INFLOW01,14,2039,0.3318632183710334
REGION1,INFLOW01,15,2039,0.3314754458197993
REGION1,INFLOW01,16,2039,0.3282158748217731
REGION1,INFLOW01,17,2039,0.180169214937363
REGION1,INFLOW01,18,2039,0.1677302484770609
REGION1,INFLOW01,19,2039,0.1715878332047121
REGION1,INFLOW01,20,2039,0.1690813523705042
REGION1,INFLOW01,21,2039,0.2143620856718857
REGION1,INFLOW01,22,2039,0.2185203018082412
REGION1,INFLOW01,23,2039,0.209205257300457
REGION1,INFLOW01,24,2039,0.1579082929058572
REGION1,INFLOW01,25,2039,0.1460534152871232
REGION1,INFLOW01,26,2039,0.1249088935438406
REGION1,INFLOW01,27,2039,0.1173014582607941
REGION1,INFLOW01,28,2039,0.1110108487335858
REGION1,INFLOW01,29,2039,0.1086888578126052
REGION1,INFLOW01,30,2039,0.1052643404253862
REGION1,INFLOW01,31,2039,0.108733708464641
REGION1,INFLOW01,32,2039,0.1132903596891091
REGION1,INFLOW01,33,2039,0.0883974317540065
REGION1,INFLOW01,34,2039,0.0875058754926284
REGION1,INFLOW01,35,2039,0.086699122716757
REGION1,INFLOW01,36,2039,0.086186943859915
REGION1,INFLOW01,37,2039,0.0813774773972746
REGION1,INFLOW01,38,2039,0.0809492899464248
REGION1,INFLOW01,39,2039,0.080658703683575
REGION1,INFLOW01,40,2039,0.0805596770879638
REGION1,INFLOW01,1,2040,0.0941106786557074
REGION1,INFLOW01,2,2040,0.0847007758407237
REGION1,INFLOW01,3,2040,0.0850402614207693
REGION1,INFLOW01,4,2040,0.0856641750301423
REGION1,INFLOW01,5,2040,0.3750797240859069
REGION1,INFLOW01,6,2040,0.3611350419119581
REGION1,INFLOW01,7,2040,0.3765660543612799
REGION1,INFLOW01,8,2040,0.425623402832249
REGION1,INFLOW01,9,2040,0.6013190444485741
REGION1,INFLOW01,10,2040,0.6080206721032958
REGION1,INFLOW01,11,2040,0.6128026680842249
REGION1,INFLOW01,12,2040,0.6098041846561936
REGION1,INFLOW01,13,2040,0.3332861688803779
REGION1,INFLOW01,14,2040,0.3318632183710334
REGION1,INFLOW01,15,2040,0.3314754458197993
REGION1,INFLOW01,16,2040,0.3282158748217731
REGION1,INFLOW01,17,2040,0.180169214937363
REGION1,INFLOW01,18,2040,0.1677302484770609
REGION1,INFLOW01,19,2040,0.1715878332047121
REGION1,INFLOW01,20,2040,0.1690813523705042
REGION1,INFLOW01,21,2040,0.2143620856718857
REGION1,INFLOW01,22,2040,0.2185203018082412
REGION1,INFLOW01,23,2040,0.209205257300457
REGION1,INFLOW01,24,2040,0.1579082929058572
REGION1,INFLOW01,25,2040,0.1460534152871232
REGION1,INFLOW01,26,2040,0.1249088935438406
REGION1,INFLOW01,27,2040,0.1173014582607941
REGION1,INFLOW01,28,2040,0.1110108487335858
REGION1,INFLOW01,29,2040,0.1086888578126052
REGION1,INFLOW01,30,2040,0.1052643404253862
REGION1,INFLOW01,31,2040,0.108733708464641
REGION1,INFLOW01,32,2040,0.1132903596891091
REGION1,INFLOW01,33,2040,0.0883974317540065
REGION1,INFLOW01,34,2040,0.0875058754926284
REGION1,INFLOW01,35,2040,0.086699122716757
REGION1,INFLOW01,36,2040,0.086186943859915
REGION1,INFLOW01,37,2040,0.0813774773972746
REGION1,INFLOW01,38,2040,0.0809492899464248
REGION1,INFLOW01,39,2040,0.080658703683575
REGION1,INFLOW01,40,2040,0.0805596770879638
REGION1,INFLOW01,1,2041,0.0941106786557074
REGION1,INFLOW01,2,2041,0.0847007758407237
REGION1,INFLOW01,3,2041,0.0850402614207693
REGION1,INFLOW01,4,2041,0.0856641750301423
REGION1,INFLOW01,5,2041,0.3750797240859069
REGION1,INFLOW01,6,2041,0.3611350419119581
REGION1,INFLOW01,7,2041,0.3765660543612799
REGION1,INFLOW01,8,2041,0.425623402832249
REGION1,INFLOW01,9,2041,0.6013190444485741
REGION1,INFLOW01,10,2041,0.6080206721032958
REGION1,INFLOW01,11,2041,0.6128026680842249
REGION1,INFLOW01,12,2041,0.6098041846561936
REGION1,INFLOW01,13,2041,0.3332861688803779
REGION1,INFLOW01,14,2041,0.3318632183710334
REGION1,INFLOW01,15,2041,0.3314754458197993
REGION1,INFLOW01,16,2041,0.3282158748217731
REGION1,INFLOW01,17,2041,0.180169214937363
REGION1,INFLOW01,18,2041,0.1677302484770609
REGION1,INFLOW01,19,2041,0.1715878332047121
REGION1,INFLOW01,20,2041,0.1690813523705042
REGION1,INFLOW01,21,2041,0.2143620856718857
REGION1,INFLOW01,22,2041,0.2185203018082412
REGION1,INFLOW01,23,2041,0.209205257300457
REGION1,INFLOW01,24,2041,0.1579082929058572
REGION1,INFLOW01,25,2041,0.1460534152871232
REGION1,INFLOW01,26,2041,0.1249088935438406
REGION1,INFLOW01,27,2041,0.1173014582607941
REGION1,INFLOW01,28,2041,0.1110108487335858
REGION1,INFLOW01,29,2041,0.1086888578126052
REGION1,INFLOW01,30,2041,0.1052643404253862
REGION1,INFLOW01,31,2041,0.108733708464641
REGION1,INFLOW01,32,2041,0.1132903596891091
REGION1,INFLOW01,33,2041,0.0883974317540065
REGION1,INFLOW01,34,2041,0.0875058754926284
REGION1,INFLOW01,35,2041,0.086699122716757
REGION1,INFLOW01,36,2041,0.086186943859915
REGION1,INFLOW01,37,2041,0.0813774773972746
REGION1,INFLOW01,38,2041,0.0809492899464248
REGION1,INFLOW01,39,2041,0.080658703683575
REGION1,INFLOW01,40,2041,0.0805596770879638
REGION1,INFLOW01,1,2042,0.0941106786557074
REGION1,INFLOW01,2,2042,0.0847007758407237
REGION1,INFLOW01,3,2042,0.0850402614207693
REGION1,INFLOW01,4,2042,0.0856641750301423
REGION1,INFLOW01,5,2042,0.3750797240859069
REGION1,INFLOW01,6,2042,0.3611350419119581
REGION1,INFLOW01,7,2042,0.3765660543612799
REGION1,INFLOW01,8,2042,0.425623402832249
REGION1,INFLOW01,9,2042,0.6013190444485741
REGION1,INFLOW01,10,2042,0.6080206721032958
REGION1,INFLOW01,11,2042,0.6128026680842249
REGION1,INFLOW01,12,2042,0.6098041846561936
REGION1,INFLOW01,13,2042,0.3332861688803779
REGION1,INFLOW01,14,2042,0.3318632183710334
REGION1,INFLOW01,15,2042,0.3314754458197993
REGION1,INFLOW01,16,2042,0.3282158748217731
REGION1,INFLOW01,17,2042,0.180169214937363
REGION1,INFLOW01,18,2042,0.1677302484770609
REGION1,INFLOW01,19,2042,0.1715878332047121
REGION1,INFLOW01,20,2042,0.1690813523705042
REGION1,INFLOW01,21,2042,0.2143620856718857
REGION1,INFLOW01,22,2042,0.2185203018082412
REGION1,INFLOW01,23,2042,0.209205257300457
REGION1,INFLOW01,24,2042,0.1579082929058572
REGION1,INFLOW01,25,2042,0.1460534152871232
REGION1,INFLOW01,26,2042,0.1249088935438406
REGION1,INFLOW01,27,2042,0.1173014582607941
REGION1,INFLOW01,28,2042,0.1110108487335858
REGION1,INFLOW01,29,2042,0.1086888578126052
REGION1,INFLOW01,30,2042,0.1052643404253862
REGION1,INFLOW01,31,2042,0.108733708464641
REGION1,INFLOW01,32,2042,0.1132903596891091
REGION1,INFLOW01,33,2042,0.0883974317540065
REGION1,INFLOW01,34,2042,0.0875058754926284
REGION1,INFLOW01,35,2042,0.086699122716757
REGION1,INFLOW01,36,2042,0.086186943859915
REGION1,INFLOW01,37,2042,0.0813774773972746
REGION1,INFLOW01,38,2042,0.0809492899464248
REGION1,INFLOW01,39,2042,0.080658703683575
REGION1,INFLOW01,40,2042,0.0805596770879638
REGION1,INFLOW01,1,2043,0.0941106786557074
REGION1,INFLOW01,2,2043,0.0847007758407237
REGION1,INFLOW01,3,2043,0.0850402614207693
REGION1,INFLOW01,4,2043,0.0856641750301423
REGION1,INFLOW01,5,2043,0.3750797240859069
REGION1,INFLOW01,6,2043,0.3611350419119581
REGION1,INFLOW01,7,2043,0.3765660543612799
REGION1,INFLOW01,8,2043,0.425623402832249
REGION1,INFLOW01,9,2043,0.6013190444485741
REGION1,INFLOW01,10,2043,0.6080206721032958
REGION1,INFLOW01,11,2043,0.6128026680842249
REGION1,INFLOW01,12,2043,0.6098041846561936
REGION1,INFLOW01,13,2043,0.3332861688803779
REGION1,INFLOW01,14,2043,0.3318632183710334
REGION1,INFLOW01,15,2043,0.3314754458197993
REGION1,INFLOW01,16,2043,0.3282158748217731
REGION1,INFLOW01,17,2043,0.180169214937363
REGION1,INFLOW01,18,2043,0.1677302484770609
REGION1,INFLOW01,19,2043,0.1715878332047121
REGION1,INFLOW01,20,2043,0.1690813523705042
REGION1,INFLOW01,21,2043,0.2143620856718857
REGION1,INFLOW01,22,2043,0.2185203018082412
REGION1,INFLOW01,23,2043,0.209205257300457
REGION1,INFLOW01,24,2043,0.1579082929058572
REGION1,INFLOW01,25,2043,0.1460534152871232
REGION1,INFLOW01,26,2043,0.1249088935438406
REGION1,INFLOW01,27,2043,0.1173014582607941
REGION1,INFLOW01,28,2043,0.1110108487335858
REGION1,INFLOW01,29,2043,0.1086888578126052
REGION1,INFLOW01,30,2043,0.1052643404253862
REGION1,INFLOW01,31,2043,0.108733708464641
REGION1,INFLOW01,32,2043,0.1132903596891091
REGION1,INFLOW01,33,2043,0.0883974317540065
REGION1,INFLOW01,34,2043,0.0875058754926284
REGION1,INFLOW01,35,2043,0.086699122716757
REGION1,INFLOW01,36,2043,0.086186943859915
REGION1,INFLOW01,37,2043,0.0813774773972746
REGION1,INFLOW01,38,2043,0.0809492899464248
REGION1,INFLOW01,39,2043,0.080658703683575
REGION1,INFLOW01,40,2043,0.0805596770879638
REGION1,INFLOW01,1,2044,0.0941106786557074
REGION1,INFLOW01,2,2044,0.0847007758407237
REGION1,INFLOW01,3,2044,0.0850402614207693
REGION1,INFLOW01,4,2044,0.0856641750301423
REGION1,INFLOW01,5,2044,0.3750797240859069
REGION1,INFLOW01,6,2044,0.3611350419119581
REGION1,INFLOW01,7,2044,0.3765660543612799
REGION1,INFLOW01,8,2044,0.425623402832249
REGION1,INFLOW01,9,2044,0.6013190444485741
REGION1,INFLOW01,10,2044,0.6080206721032958
REGION1,INFLOW01,11,2044,0.6128026680842249
REGION1,INFLOW01,12,2044,0.6098041846561936
REGION1,INFLOW01,13,2044,0.3332861688803779
REGION1,INFLOW01,14,2044,0.3318632183710334
REGION1,INFLOW01,15,2044,0.3314754458197993
REGION1,INFLOW01,16,2044,0.3282158748217731
REGION1,INFLOW01,17,2044,0.180169214937363
REGION1,INFLOW01,18,2044,0.1677302484770609
REGION1,INFLOW01,19,2044,0.1715878332047121
REGION1,INFLOW01,20,2044,0.1690813523705042
REGION1,INFLOW01,21,2044,0.2143620856718857
REGION1,INFLOW01,22,2044,0.2185203018082412
REGION1,INFLOW01,23,2044,0.209205257300457
REGION1,INFLOW01,24,2044,0.1579082929058572
REGION1,INFLOW01,25,2044,0.1460534152871232
REGION1,INFLOW01,26,2044,0.1249088935438406
REGION1,INFLOW01,27,2044,0.1173014582607941
REGION1,INFLOW01,28,2044,0.1110108487335858
REGION1,INFLOW01,29,2044,0.1086888578126052
REGION1,INFLOW01,30,2044,0.1052643404253862
REGION1,INFLOW01,31,2044,0.108733708464641
REGION1,INFLOW01,32,2044,0.1132903596891091
REGION1,INFLOW01,33,2044,0.0883974317540065
REGION1,INFLOW01,34,2044,0.0875058754926284
REGION1,INFLOW01,35,2044,0.086699122716757
REGION1,INFLOW01,36,2044,0.086186943859915
REGION1,INFLOW01,37,2044,0.0813774773972746
REGION1,INFLOW01,38,2044,0.0809492899464248
REGION1,INFLOW01,39,2044,0.080658703683575
REGION1,INFLOW01,40,2044,0.0805596770879638
REGION1,INFLOW01,1,2045,0.0941106786557074
REGION1,INFLOW01,2,2045,0.0847007758407237
REGION1,INFLOW01,3,2045,0.0850402614207693
REGION1,INFLOW01,4,2045,0.0856641750301423
REGION1,INFLOW01,5,2045,0.3750797240859069
REGION1,INFLOW01,6,2045,0.3611350419119581
REGION1,INFLOW01,7,2045,0.3765660543612799
REGION1,INFLOW01,8,2045,0.425623402832249
REGION1,INFLOW01,9,2045,0.6013190444485741
REGION1,INFLOW01,10,2045,0.6080206721032958
REGION1,INFLOW01,11,2045,0.6128026680842249
REGION1,INFLOW01,12,2045,0.6098041846561936
REGION1,INFLOW01,13,2045,0.3332861688803779
REGION1,INFLOW01,14,2045,0.3318632183710334
REGION1,INFLOW01,15,2045,0.3314754458197993
REGION1,INFLOW01,16,2045,0.3282158748217731
REGION1,INFLOW01,17,2045,0.180169214937363
REGION1,INFLOW01,18,2045,0.1677302484770609
REGION1,INFLOW01,19,2045,0.1715878332047121
REGION1,INFLOW01,20,2045,0.1690813523705042
REGION1,INFLOW01,21,2045,0.2143620856718857
REGION1,INFLOW01,22,2045,0.2185203018082412
REGION1,INFLOW01,23,2045,0.209205257300457
REGION1,INFLOW01,24,2045,0.1579082929058572
REGION1,INFLOW01,25,2045,0.1460534152871232
REGION1,INFLOW01,26,2045,0.1249088935438406
REGION1,INFLOW01,27,2045,0.1173014582607941
REGION1,INFLOW01,28,2045,0.1110108487335858
REGION1,INFLOW01,29,2045,0.1086888578126052
REGION1,INFLOW01,30,2045,0.1052643404253862
REGION1,INFLOW01,31,2045,0.108733708464641
REGION1,INFLOW01,32,2045,0.1132903596891091
REGION1,INFLOW01,33,2045,0.0883974317540065
REGION1,INFLOW01,34,2045,0.0875058754926284
REGION1,INFLOW01,35,2045,0.086699122716757
REGION1,INFLOW01,36,2045,0.086186943859915
REGION1,INFLOW01,37,2045,0.0813774773972746
REGION1,INFLOW01,38,2045,0.0809492899464248
REGION1,INFLOW01,39,2045,0.080658703683575
REGION1,INFLOW01,40,2045,0.0805596770879638
REGION1,INFLOW01,1,2046,0.0941106786557074
REGION1,INFLOW01,2,2046,0.0847007758407237
REGION1,INFLOW01,3,2046,0.0850402614207693
REGION1,INFLOW01,4,2046,0.0856641750301423
REGION1,INFLOW01,5,2046,0.3750797240859069
REGION1,INFLOW01,6,2046,0.3611350419119581
REGION1,INFLOW01,7,2046,0.3765660543612799
REGION1,INFLOW01,8,2046,0.425623402832249
REGION1,INFLOW01,9,2046,0.6013190444485741
REGION1,INFLOW01,10,2046,0.6080206721032958
REGION1,INFLOW01,11,2046,0.6128026680842249
REGION1,INFLOW01,12,2046,0.6098041846561936
REGION1,INFLOW01,13,2046,0.3332861688803779
REGION1,INFLOW01,14,2046,0.3318632183710334
REGION1,INFLOW01,15,2046,0.3314754458197993
REGION1,INFLOW01,16,2046,0.3282158748217731
REGION1,INFLOW01,17,2046,0.180169214937363
REGION1,INFLOW01,18,2046,0.1677302484770609
REGION1,INFLOW01,19,2046,0.1715878332047121
REGION1,INFLOW01,20,2046,0.1690813523705042
REGION1,INFLOW01,21,2046,0.2143620856718857
REGION1,INFLOW01,22,2046,0.2185203018082412
REGION1,INFLOW01,23,2046,0.209205257300457
REGION1,INFLOW01,24,2046,0.1579082929058572
REGION1,INFLOW01,25,2046,0.1460534152871232
REGION1,INFLOW01,26,2046,0.1249088935438406
REGION1,INFLOW01,27,2046,0.1173014582607941
REGION1,INFLOW01,28,2046,0.1110108487335858
REGION1,INFLOW01,29,2046,0.1086888578126052
REGION1,INFLOW01,30,2046,0.1052643404253862
REGION1,INFLOW01,31,2046,0.108733708464641
REGION1,INFLOW01,32,2046,0.1132903596891091
REGION1,INFLOW01,33,2046,0.0883974317540065
REGION1,INFLOW01,34,2046,0.0875058754926284
REGION1,INFLOW01,35,2046,0.086699122716757
REGION1,INFLOW01,36,2046,0.086186943859915
REGION1,INFLOW01,37,2046,0.0813774773972746
REGION1,INFLOW01,38,2046,0.0809492899464248
REGION1,INFLOW01,39,2046,0.080658703683575
REGION1,INFLOW01,40,2046,0.0805596770879638
REGION1,INFLOW01,1,2047,0.0941106786557074
REGION1,INFLOW01,2,2047,0.0847007758407237
REGION1,INFLOW01,3,2047,0.0850402614207693
REGION1,INFLOW01,4,2047,0.0856641750301423
REGION1,INFLOW01,5,2047,0.3750797240859069
REGION1,INFLOW01,6,2047,0.3611350419119581
REGION1,INFLOW01,7,2047,0.3765660543612799
REGION1,INFLOW01,8,2047,0.425623402832249
REGION1,INFLOW01,9,2047,0.6013190444485741
REGION1,INFLOW01,10,2047,0.6080206721032958
REGION1,INFLOW01,11,2047,0.6128026680842249
REGION1,INFLOW01,12,2047,0.6098041846561936
REGION1,INFLOW01,13,2047,0.3332861688803779
REGION1,INFLOW01,14,2047,0.3318632183710334
REGION1,INFLOW01,15,2047,0.3314754458197993
REGION1,INFLOW01,16,2047,0.3282158748217731
REGION1,INFLOW01,17,2047,0.180169214937363
REGION1,INFLOW01,18,2047,0.1677302484770609
REGION1,INFLOW01,19,2047,0.1715878332047121
REGION1,INFLOW01,20,2047,0.1690813523705042
REGION1,INFLOW01,21,2047,0.2143620856718857
REGION1,INFLOW01,22,2047,0.2185203018082412
REGION1,INFLOW01,23,2047,0.209205257300457
REGION1,INFLOW01,24,2047,0.1579082929058572
REGION1,INFLOW01,25,2047,0.1460534152871232
REGION1,INFLOW01,26,2047,0.1249088935438406
REGION1,INFLOW01,27,2047,0.1173014582607941
REGION1,INFLOW01,28,2047,0.1110108487335858
REGION1,INFLOW01,29,2047,0.1086888578126052
REGION1,INFLOW01,30,2047,0.1052643404253862
REGION1,INFLOW01,31,2047,0.108733708464641
REGION1,INFLOW01,32,2047,0.1132903596891091
REGION1,INFLOW01,33,2047,0.0883974317540065
REGION1,INFLOW01,34,2047,0.0875058754926284
REGION1,INFLOW01,35,2047,0.086699122716757
REGION1,INFLOW01,36,2047,0.086186943859915
REGION1,INFLOW01,37,2047,0.0813774773972746
REGION1,INFLOW01,38,2047,0.0809492899464248
REGION1,INFLOW01,39,2047,0.080658703683575
REGION1,INFLOW01,40,2047,0.0805596770879638
REGION1,INFLOW01,1,2048,0.0941106786557074
REGION1,INFLOW01,2,2048,0.0847007758407237
REGION1,INFLOW01,3,2048,0.0850402614207693
REGION1,INFLOW01,4,2048,0.0856641750301423
REGION1,INFLOW01,5,2048,0.3750797240859069
REGION1,INFLOW01,6,2048,0.3611350419119581
REGION1,INFLOW01,7,2048,0.3765660543612799
REGION1,INFLOW01,8,2048,0.425623402832249
REGION1,INFLOW01,9,2048,0.6013190444485741
REGION1,INFLOW01,10,2048,0.6080206721032958
REGION1,INFLOW01,11,2048,0.6128026680842249
REGION1,INFLOW01,12,2048,0.6098041846561936
REGION1,INFLOW01,13,2048,0.3332861688803779
REGION1,INFLOW01,14,2048,0.3318632183710334
REGION1,INFLOW01,15,2048,0.3314754458197993
REGION1,INFLOW01,16,2048,0.3282158748217731
REGION1,INFLOW01,17,2048,0.180169214937363
REGION1,INFLOW01,18,2048,0.1677302484770609
REGION1,INFLOW01,19,2048,0.1715878332047121
REGION1,INFLOW01,20,2048,0.1690813523705042
REGION1,INFLOW01,21,2048,0.2143620856718857
REGION1,INFLOW01,22,2048,0.2185203018082412
REGION1,INFLOW01,23,2048,0.209205257300457
REGION1,INFLOW01,24,2048,0.1579082929058572
REGION1,INFLOW01,25,2048,0.1460534152871232
REGION1,INFLOW01,26,2048,0.1249088935438406
REGION1,INFLOW01,27,2048,0.1173014582607941
REGION1,INFLOW01,28,2048,0.1110108487335858
REGION1,INFLOW01,29,2048,0.1086888578126052
REGION1,INFLOW01,30,2048,0.1052643404253862
REGION1,INFLOW01,31,2048,0.108733708464641
REGION1,INFLOW01,32,2048,0.1132903596891091
REGION1,INFLOW01,33,2048,0.0883974317540065
REGION1,INFLOW01,34,2048,0.0875058754926284
REGION1,INFLOW01,35,2048,0.086699122716757
REGION1,INFLOW01,36,2048,0.086186943859915
REGION1,INFLOW01,37,2048,0.0813774773972746
REGION1,INFLOW01,38,2048,0.0809492899464248
REGION1,INFLOW01,39,2048,0.080658703683575
REGION1,INFLOW01,40,2048,0.0805596770879638
REGION1,INFLOW01,1,2049,0.0941106786557074
REGION1,INFLOW01,2,2049,0.0847007758407237
REGION1,INFLOW01,3,2049,0.0850402614207693
REGION1,INFLOW01,4,2049,0.0856641750301423
REGION1,INFLOW01,5,2049,0.3750797240859069
REGION1,INFLOW01,6,2049,0.3611350419119581
REGION1,INFLOW01,7,2049,0.3765660543612799
REGION1,INFLOW01,8,2049,0.425623402832249
REGION1,INFLOW01,9,2049,0.6013190444485741
REGION1,INFLOW01,10,2049,0.6080206721032958
REGION1,INFLOW01,11,2049,0.6128026680842249
REGION1,INFLOW01,12,2049,0.6098041846561936
REGION1,INFLOW01,13,2049,0.3332861688803779
REGION1,INFLOW01,14,2049,0.3318632183710334
REGION1,INFLOW01,15,2049,0.3314754458197993
REGION1,INFLOW01,16,2049,0.3282158748217731
REGION1,INFLOW01,17,2049,0.180169214937363
REGION1,INFLOW01,18,2049,0.1677302484770609
REGION1,INFLOW01,19,2049,0.1715878332047121
REGION1,INFLOW01,20,2049,0.1690813523705042
REGION1,INFLOW01,21,2049,0.2143620856718857
REGION1,INFLOW01,22,2049,0.2185203018082412
REGION1,INFLOW01,23,2049,0.209205257300457
REGION1,INFLOW01,24,2049,0.1579082929058572
REGION1,INFLOW01,25,2049,0.1460534152871232
REGION1,INFLOW01,26,2049,0.1249088935438406
REGION1,INFLOW01,27,2049,0.1173014582607941
REGION1,INFLOW01,28,2049,0.1110108487335858
REGION1,INFLOW01,29,2049,0.1086888578126052
REGION1,INFLOW01,30,2049,0.1052643404253862
REGION1,INFLOW01,31,2049,0.108733708464641
REGION1,INFLOW01,32,2049,0.1132903596891091
REGION1,INFLOW01,33,2049,0.0883974317540065
REGION1,INFLOW01,34,2049,0.0875058754926284
REGION1,INFLOW01,35,2049,0.086699122716757
REGION1,INFLOW01,36,2049,0.086186943859915
REGION1,INFLOW01,37,2049,0.0813774773972746
REGION1,INFLOW01,38,2049,0.0809492899464248
REGION1,INFLOW01,39,2049,0.080658703683575
REGION1,INFLOW01,40,2049,0.0805596770879638
REGION1,INFLOW01,1,2050,0.0941106786557074
REGION1,INFLOW01,2,2050,0.0847007758407237
REGION1,INFLOW01,3,2050,0.0850402614207693
REGION1,INFLOW01,4,2050,0.0856641750301423
REGION1,INFLOW01,5,2050,0.3750797240859069
REGION1,INFLOW01,6,2050,0.3611350419119581
REGION1,INFLOW01,7,2050,0.3765660543612799
REGION1,INFLOW01,8,2050,0.425623402832249
REGION1,INFLOW01,9,2050,0.6013190444485741
REGION1,INFLOW01,10,2050,0.6080206721032958
REGION1,INFLOW01,11,2050,0.6128026680842249
REGION1,INFLOW01,12,2050,0.6098041846561936
REGION1,INFLOW01,13,2050,0.3332861688803779
REGION1,INFLOW01,14,2050,0.3318632183710334
REGION1,INFLOW01,15,2050,0.3314754458197993
REGION1,INFLOW01,16,2050,0.3282158748217731
REGION1,INFLOW01,17,2050,0.180169214937363
REGION1,INFLOW01,18,2050,0.1677302484770609
REGION1,INFLOW01,19,2050,0.1715878332047121
REGION1,INFLOW01,20,2050,0.1690813523705042
REGION1,INFLOW01,21,2050,0.2143620856718857
REGION1,INFLOW01,22,2050,0.2185203018082412
REGION1,INFLOW01,23,2050,0.209205257300457
REGION1,INFLOW01,24,2050,0.1579082929058572
REGION1,INFLOW01,25,2050,0.1460534152871232
REGION1,INFLOW01,26,2050,0.1249088935438406
REGION1,INFLOW01,27,2050,0.1173014582607941
REGION1,INFLOW01,28,2050,0.1110108487335858
REGION1,INFLOW01,29,2050,0.1086888578126052
REGION1,INFLOW01,30,2050,0.1052643404253862
REGION1,INFLOW01,31,2050,0.108733708464641
REGION1,INFLOW01,32,2050,0.1132903596891091
REGION1,INFLOW01,33,2050,0.0883974317540065
REGION1,INFLOW01,34,2050,0.0875058754926284
REGION1,INFLOW01,35,2050,0.086699122716757
REGION1,INFLOW01,36,2050,0.086186943859915
REGION1,INFLOW01,37,2050,0.0813774773972746
REGION1,INFLOW01,38,2050,0.0809492899464248
REGION1,INFLOW01,39,2050,0.080658703683575
REGION1,INFLOW01,40,2050,0.0805596770879638
REGION1,PWRHYDB02,1,2020,0.1873933904771927
REGION1,PWRHYDB02,2,2020,0.1867333397749722
REGION1,PWRHYDB02,3,2020,0.191128241392884
REGION1,PWRHYDB02,4,2020,0.197014069954847
REGION1,PWRHYDB02,5,2020,0.6123325357152466
REGION1,PWRHYDB02,6,2020,0.6074124234177763
REGION1,PWRHYDB02,7,2020,0.7122202212124962
REGION1,PWRHYDB02,8,2020,0.7174493968084795
REGION1,PWRHYDB02,9,2020,0.7510492041789433
REGION1,PWRHYDB02,10,2020,0.7464671625685915
REGION1,PWRHYDB02,11,2020,0.7466124593268906
REGION1,PWRHYDB02,12,2020,0.7408172708301196
REGION1,PWRHYDB02,13,2020,0.4470527408798883
REGION1,PWRHYDB02,14,2020,0.4852416145721662
REGION1,PWRHYDB02,15,2020,0.4990993010421831
REGION1,PWRHYDB02,16,2020,0.4728754304371334
REGION1,PWRHYDB02,17,2020,0.5351260935530481
REGION1,PWRHYDB02,18,2020,0.5525989665167287
REGION1,PWRHYDB02,19,2020,0.5290945228819276
REGION1,PWRHYDB02,20,2020,0.4982848521055807
REGION1,PWRHYDB02,21,2020,0.6899425368118021
REGION1,PWRHYDB02,22,2020,0.6912114052407047
REGION1,PWRHYDB02,23,2020,0.687628193692586
REGION1,PWRHYDB02,24,2020,0.6826191949528625
REGION1,PWRHYDB02,25,2020,0.5951580411853533
REGION1,PWRHYDB02,26,2020,0.5630272762511961
REGION1,PWRHYDB02,27,2020,0.5534465004701059
REGION1,PWRHYDB02,28,2020,0.5392259090578354
REGION1,PWRHYDB02,29,2020,0.5082216163518658
REGION1,PWRHYDB02,30,2020,0.4834047644101396
REGION1,PWRHYDB02,31,2020,0.4751489366741502
REGION1,PWRHYDB02,32,2020,0.4763450394795395
REGION1,PWRHYDB02,33,2020,0.3975439877845044
REGION1,PWRHYDB02,34,2020,0.3951336660458138
REGION1,PWRHYDB02,35,2020,0.3946843322926788
REGION1,PWRHYDB02,36,2020,0.3903265391394719
REGION1,PWRHYDB02,37,2020,0.3200049118997443
REGION1,PWRHYDB02,38,2020,0.3185697530499887
REGION1,PWRHYDB02,39,2020,0.3170628502905468
REGION1,PWRHYDB02,40,2020,0.3160205170961204
REGION1,PWRHYDB02,1,2021,0.1873933904771927
REGION1,PWRHYDB02,2,2021,0.1867333397749722
REGION1,PWRHYDB02,3,2021,0.191128241392884
REGION1,PWRHYDB02,4,2021,0.197014069954847
REGION1,PWRHYDB02,5,2021,0.6123325357152466
REGION1,PWRHYDB02,6,2021,0.6074124234177763
REGION1,PWRHYDB02,7,2021,0.7122202212124962
REGION1,PWRHYDB02,8,2021,0.7174493968084795
REGION1,PWRHYDB02,9,2021,0.7510492041789433
REGION1,PWRHYDB02,10,2021,0.7464671625685915
REGION1,PWRHYDB02,11,2021,0.7466124593268906
REGION1,PWRHYDB02,12,2021,0.7408172708301196
REGION1,PWRHYDB02,13,2021,0.4470527408798883
REGION1,PWRHYDB02,14,2021,0.4852416145721662
REGION1,PWRHYDB02,15,2021,0.4990993010421831
REGION1,PWRHYDB02,16,2021,0.4728754304371334
REGION1,PWRHYDB02,17,2021,0.5351260935530481
REGION1,PWRHYDB02,18,2021,0.5525989665167287
REGION1,PWRHYDB02,19,2021,0.5290945228819276
REGION1,PWRHYDB02,20,2021,0.4982848521055807
REGION1,PWRHYDB02,21,2021,0.6899425368118021
REGION1,PWRHYDB02,22,2021,0.6912114052407047
REGION1,PWRHYDB02,23,2021,0.687628193692586
REGION1,PWRHYDB02,24,2021,0.6826191949528625
REGION1,PWRHYDB02,25,2021,0.5951580411853533
REGION1,PWRHYDB02,26,2021,0.5630272762511961
REGION1,PWRHYDB02,27,2021,0.5534465004701059
REGION1,PWRHYDB02,28,2021,0.5392259090578354
REGION1,PWRHYDB02,29,2021,0.5082216163518658
REGION1,PWRHYDB02,30,2021,0.4834047644101396
REGION1,PWRHYDB02,31,2021,0.4751489366741502
REGION1,PWRHYDB02,32,2021,0.4763450394795395
REGION1,PWRHYDB02,33,2021,0.3975439877845044
REGION1,PWRHYDB02,34,2021,0.3951336660458138
REGION1,PWRHYDB02,35,2021,0.3946843322926788
REGION1,PWRHYDB02,36,2021,0.3903265391394719
REGION1,PWRHYDB02,37,2021,0.3200049118997443
REGION1,PWRHYDB02,38,2021,0.3185697530499887
REGION1,PWRHYDB02,39,2021,0.3170628502905468
REGION1,PWRHYDB02,40,2021,0.3160205170961204
REGION1,PWRHYDB02,1,2022,0.1873933904771927
REGION1,PWRHYDB02,2,2022,0.1867333397749722
REGION1,PWRHYDB02,3,2022,0.191128241392884
REGION1,PWRHYDB02,4,2022,0.197014069954847
REGION1,PWRHYDB02,5,2022,0.6123325357152466
REGION1,PWRHYDB02,6,2022,0.6074124234177763
REGION1,PWRHYDB02,7,2022,0.7122202212124962
REGION1,PWRHYDB02,8,2022,0.7174493968084795
REGION1,PWRHYDB02,9,2022,0.7510492041789433
REGION1,PWRHYDB02,10,2022,0.7464671625685915
REGION1,PWRHYDB02,11,2022,0.7466124593268906
REGION1,PWRHYDB02,12,2022,0.7408172708301196
REGION1,PWRHYDB02,13,2022,0.4470527408798883
REGION1,PWRHYDB02,14,2022,0.4852416145721662
REGION1,PWRHYDB02,15,2022,0.4990993010421831
REGION1,PWRHYDB02,16,2022,0.4728754304371334
REGION1,PWRHYDB02,17,2022,0.5351260935530481
REGION1,PWRHYDB02,18,2022,0.5525989665167287
REGION1,PWRHYDB02,19,2022,0.5290945228819276
REGION1,PWRHYDB02,20,2022,0.4982848521055807
REGION1,PWRHYDB02,21,2022,0.6899425368118021
REGION1,PWRHYDB02,22,2022,0.6912114052407047
REGION1,PWRHYDB02,23,2022,0.687628193692586
REGION1,PWRHYDB02,24,2022,0.6826191949528625
REGION1,PWRHYDB02,25,2022,0.5951580411853533
REGION1,PWRHYDB02,26,2022,0.5630272762511961
REGION1,PWRHYDB02,27,2022,0.5534465004701059
REGION1,PWRHYDB02,28,2022,0.5392259090578354
REGION1,PWRHYDB02,29,2022,0.5082216163518658
REGION1,PWRHYDB02,30,2022,0.4834047644101396
REGION1,PWRHYDB02,31,2022,0.4751489366741502
REGION1,PWRHYDB02,32,2022,0.4763450394795395
REGION1,PWRHYDB02,33,2022,0.3975439877845044
REGION1,PWRHYDB02,34,2022,0.3951336660458138
REGION1,PWRHYDB02,35,2022,0.3946843322926788
REGION1,PWRHYDB02,36,2022,0.3903265391394719
REGION1,PWRHYDB02,37,2022,0.3200049118997443
REGION1,PWRHYDB02,38,2022,0.3185697530499887
REGION1,PWRHYDB02,39,2022,0.3170628502905468
REGION1,PWRHYDB02,40,2022,0.3160205170961204
REGION1,PWRHYDB02,1,2023,0.1873933904771927
REGION1,PWRHYDB02,2,2023,0.1867333397749722
REGION1,PWRHYDB02,3,2023,0.191128241392884
REGION1,PWRHYDB02,4,2023,0.197014069954847
REGION1,PWRHYDB02,5,2023,0.6123325357152466
REGION1,PWRHYDB02,6,2023,0.6074124234177763
REGION1,PWRHYDB02,7,2023,0.7122202212124962
REGION1,PWRHYDB02,8,2023,0.7174493968084795
REGION1,PWRHYDB02,9,2023,0.7510492041789433
REGION1,PWRHYDB02,10,2023,0.7464671625685915
REGION1,PWRHYDB02,11,2023,0.7466124593268906
REGION1,PWRHYDB02,12,2023,0.7408172708301196
REGION1,PWRHYDB02,13,2023,0.4470527408798883
REGION1,PWRHYDB02,14,2023,0.4852416145721662
REGION1,PWRHYDB02,15,2023,0.4990993010421831
REGION1,PWRHYDB02,16,2023,0.4728754304371334
REGION1,PWRHYDB02,17,2023,0.5351260935530481
REGION1,PWRHYDB02,18,2023,0.5525989665167287
REGION1,PWRHYDB02,19,2023,0.5290945228819276
REGION1,PWRHYDB02,20,2023,0.4982848521055807
REGION1,PWRHYDB02,21,2023,0.6899425368118021
REGION1,PWRHYDB02,22,2023,0.6912114052407047
REGION1,PWRHYDB02,23,2023,0.687628193692586
REGION1,PWRHYDB02,24,2023,0.6826191949528625
REGION1,PWRHYDB02,25,2023,0.5951580411853533
REGION1,PWRHYDB02,26,2023,0.5630272762511961
REGION1,PWRHYDB02,27,2023,0.5534465004701059
REGION1,PWRHYDB02,28,2023,0.5392259090578354
REGION1,PWRHYDB02,29,2023,0.5082216163518658
REGION1,PWRHYDB02,30,2023,0.4834047644101396
REGION1,PWRHYDB02,31,2023,0.4751489366741502
REGION1,PWRHYDB02,32,2023,0.4763450394795395
REGION1,PWRHYDB02,33,2023,0.3975439877845044
REGION1,PWRHYDB02,34,2023,0.3951336660458138
REGION1,PWRHYDB02,35,2023,0.3946843322926788
REGION1,PWRHYDB02,36,2023,0.3903265391394719
REGION1,PWRHYDB02,37,2023,0.3200049118997443
REGION1,PWRHYDB02,38,2023,0.3185697530499887
REGION1,PWRHYDB02,39,2023,0.3170628502905468
REGION1,PWRHYDB02,40,2023,0.3160205170961204
REGION1,PWRHYDB02,1,2024,0.1873933904771927
REGION1,PWRHYDB02,2,2024,0.1867333397749722
REGION1,PWRHYDB02,3,2024,0.191128241392884
REGION1,PWRHYDB02,4,2024,0.197014069954847
REGION1,PWRHYDB02,5,2024,0.6123325357152466
REGION1,PWRHYDB02,6,2024,0.6074124234177763
REGION1,PWRHYDB02,7,2024,0.7122202212124962
REGION1,PWRHYDB02,8,2024,0.7174493968084795
REGION1,PWRHYDB02,9,2024,0.7510492041789433
REGION1,PWRHYDB02,10,2024,0.7464671625685915
REGION1,PWRHYDB02,11,2024,0.7466124593268906
REGION1,PWRHYDB02,12,2024,0.7408172708301196
REGION1,PWRHYDB02,13,2024,0.4470527408798883
REGION1,PWRHYDB02,14,2024,0.4852416145721662
REGION1,PWRHYDB02,15,2024,0.4990993010421831
REGION1,PWRHYDB02,16,2024,0.4728754304371334
REGION1,PWRHYDB02,17,2024,0.5351260935530481
REGION1,PWRHYDB02,18,2024,0.5525989665167287
REGION1,PWRHYDB02,19,2024,0.5290945228819276
REGION1,PWRHYDB02,20,2024,0.4982848521055807
REGION1,PWRHYDB02,21,2024,0.6899425368118021
REGION1,PWRHYDB02,22,2024,0.6912114052407047
REGION1,PWRHYDB02,23,2024,0.687628193692586
REGION1,PWRHYDB02,24,2024,0.6826191949528625
REGION1,PWRHYDB02,25,2024,0.5951580411853533
REGION1,PWRHYDB02,26,2024,0.5630272762511961
REGION1,PWRHYDB02,27,2024,0.5534465004701059
REGION1,PWRHYDB02,28,2024,0.5392259090578354
REGION1,PWRHYDB02,29,2024,0.5082216163518658
REGION1,PWRHYDB02,30,2024,0.4834047644101396
REGION1,PWRHYDB02,31,2024,0.4751489366741502
REGION1,PWRHYDB02,32,2024,0.4763450394795395
REGION1,PWRHYDB02,33,2024,0.3975439877845044
REGION1,PWRHYDB02,34,2024,0.3951336660458138
REGION1,PWRHYDB02,35,2024,0.3946843322926788
REGION1,PWRHYDB02,36,2024,0.3903265391394719
REGION1,PWRHYDB02,37,2024,0.3200049118997443
REGION1,PWRHYDB02,38,2024,0.3185697530499887
REGION1,PWRHYDB02,39,2024,0.3170628502905468
REGION1,PWRHYDB02,40,2024,0.3160205170961204
REGION1,PWRHYDB02,1,2025,0.1873933904771927
REGION1,PWRHYDB02,2,2025,0.1867333397749722
REGION1,PWRHYDB02,3,2025,0.191128241392884
REGION1,PWRHYDB02,4,2025,0.197014069954847
REGION1,PWRHYDB02,5,2025,0.6123325357152466
REGION1,PWRHYDB02,6,2025,0.6074124234177763
REGION1,PWRHYDB02,7,2025,0.7122202212124962
REGION1,PWRHYDB02,8,2025,0.7174493968084795
REGION1,PWRHYDB02,9,2025,0.7510492041789433
REGION1,PWRHYDB02,10,2025,0.7464671625685915
REGION1,PWRHYDB02,11,2025,0.7466124593268906
REGION1,PWRHYDB02,12,2025,0.7408172708301196
REGION1,PWRHYDB02,13,2025,0.4470527408798883
REGION1,PWRHYDB02,14,2025,0.4852416145721662
REGION1,PWRHYDB02,15,2025,0.4990993010421831
REGION1,PWRHYDB02,16,2025,0.4728754304371334
REGION1,PWRHYDB02,17,2025,0.5351260935530481
REGION1,PWRHYDB02,18,2025,0.5525989665167287
REGION1,PWRHYDB02,19,2025,0.5290945228819276
REGION1,PWRHYDB02,20,2025,0.4982848521055807
REGION1,PWRHYDB02,21,2025,0.6899425368118021
REGION1,PWRHYDB02,22,2025,0.6912114052407047
REGION1,PWRHYDB02,23,2025,0.687628193692586
REGION1,PWRHYDB02,24,2025,0.6826191949528625
REGION1,PWRHYDB02,25,2025,0.5951580411853533
REGION1,PWRHYDB02,26,2025,0.5630272762511961
REGION1,PWRHYDB02,27,2025,0.5534465004701059
REGION1,PWRHYDB02,28,2025,0.5392259090578354
REGION1,PWRHYDB02,29,2025,0.5082216163518658
REGION1,PWRHYDB02,30,2025,0.4834047644101396
REGION1,PWRHYDB02,31,2025,0.4751489366741502
REGION1,PWRHYDB02,32,2025,0.4763450394795395
REGION1,PWRHYDB02,33,2025,0.3975439877845044
REGION1,PWRHYDB02,34,2025,0.3951336660458138
REGION1,PWRHYDB02,35,2025,0.3946843322926788
REGION1,PWRHYDB02,36,2025,0.3903265391394719
REGION1,PWRHYDB02,37,2025,0.3200049118997443
REGION1,PWRHYDB02,38,2025,0.3185697530499887
REGION1,PWRHYDB02,39,2025,0.3170628502905468
REGION1,PWRHYDB02,40,2025,0.3160205170961204
REGION1,PWRHYDB02,1,2026,0.1873933904771927
REGION1,PWRHYDB02,2,2026,0.1867333397749722
REGION1,PWRHYDB02,3,2026,0.191128241392884
REGION1,PWRHYDB02,4,2026,0.197014069954847
REGION1,PWRHYDB02,5,2026,0.6123325357152466
REGION1,PWRHYDB02,6,2026,0.6074124234177763
REGION1,PWRHYDB02,7,2026,0.7122202212124962
REGION1,PWRHYDB02,8,2026,0.7174493968084795
REGION1,PWRHYDB02,9,2026,0.7510492041789433
REGION1,PWRHYDB02,10,2026,0.7464671625685915
REGION1,PWRHYDB02,11,2026,0.7466124593268906
REGION1,PWRHYDB02,12,2026,0.7408172708301196
REGION1,PWRHYDB02,13,2026,0.4470527408798883
REGION1,PWRHYDB02,14,2026,0.4852416145721662
REGION1,PWRHYDB02,15,2026,0.4990993010421831
REGION1,PWRHYDB02,16,2026,0.4728754304371334
REGION1,PWRHYDB02,17,2026,0.5351260935530481
REGION1,PWRHYDB02,18,2026,0.5525989665167287
REGION1,PWRHYDB02,19,2026,0.5290945228819276
REGION1,PWRHYDB02,20,2026,0.4982848521055807
REGION1,PWRHYDB02,21,2026,0.6899425368118021
REGION1,PWRHYDB02,22,2026,0.6912114052407047
REGION1,PWRHYDB02,23,2026,0.687628193692586
REGION1,PWRHYDB02,24,2026,0.6826191949528625
REGION1,PWRHYDB02,25,2026,0.5951580411853533
REGION1,PWRHYDB02,26,2026,0.5630272762511961
REGION1,PWRHYDB02,27,2026,0.5534465004701059
REGION1,PWRHYDB02,28,2026,0.5392259090578354
REGION1,PWRHYDB02,29,2026,0.5082216163518658
REGION1,PWRHYDB02,30,2026,0.4834047644101396
REGION1,PWRHYDB02,31,2026,0.4751489366741502
REGION1,PWRHYDB02,32,2026,0.4763450394795395
REGION1,PWRHYDB02,33,2026,0.3975439877845044
REGION1,PWRHYDB02,34,2026,0.3951336660458138
REGION1,PWRHYDB02,35,2026,0.3946843322926788
REGION1,PWRHYDB02,36,2026,0.3903265391394719
REGION1,PWRHYDB02,37,2026,0.3200049118997443
REGION1,PWRHYDB02,38,2026,0.3185697530499887
REGION1,PWRHYDB02,39,2026,0.3170628502905468
REGION1,PWRHYDB02,40,2026,0.3160205170961204
REGION1,PWRHYDB02,1,2027,0.1873933904771927
REGION1,PWRHYDB02,2,2027,0.1867333397749722
REGION1,PWRHYDB02,3,2027,0.191128241392884
REGION1,PWRHYDB02,4,2027,0.197014069954847
REGION1,PWRHYDB02,5,2027,0.6123325357152466
REGION1,PWRHYDB02,6,2027,0.6074124234177763
REGION1,PWRHYDB02,7,2027,0.7122202212124962
REGION1,PWRHYDB02,8,2027,0.7174493968084795
REGION1,PWRHYDB02,9,2027,0.7510492041789433
REGION1,PWRHYDB02,10,2027,0.7464671625685915
REGION1,PWRHYDB02,11,2027,0.7466124593268906
REGION1,PWRHYDB02,12,2027,0.7408172708301196
REGION1,PWRHYDB02,13,2027,0.4470527408798883
REGION1,PWRHYDB02,14,2027,0.4852416145721662
REGION1,PWRHYDB02,15,2027,0.4990993010421831
REGION1,PWRHYDB02,16,2027,0.4728754304371334
REGION1,PWRHYDB02,17,2027,0.5351260935530481
REGION1,PWRHYDB02,18,2027,0.5525989665167287
REGION1,PWRHYDB02,19,2027,0.5290945228819276
REGION1,PWRHYDB02,20,2027,0.4982848521055807
REGION1,PWRHYDB02,21,2027,0.6899425368118021
REGION1,PWRHYDB02,22,2027,0.6912114052407047
REGION1,PWRHYDB02,23,2027,0.687628193692586
REGION1,PWRHYDB02,24,2027,0.6826191949528625
REGION1,PWRHYDB02,25,2027,0.5951580411853533
REGION1,PWRHYDB02,26,2027,0.5630272762511961
REGION1,PWRHYDB02,27,2027,0.5534465004701059
REGION1,PWRHYDB02,28,2027,0.5392259090578354
REGION1,PWRHYDB02,29,2027,0.5082216163518658
REGION1,PWRHYDB02,30,2027,0.4834047644101396
REGION1,PWRHYDB02,31,2027,0.4751489366741502
REGION1,PWRHYDB02,32,2027,0.4763450394795395
REGION1,PWRHYDB02,33,2027,0.3975439877845044
REGION1,PWRHYDB02,34,2027,0.3951336660458138
REGION1,PWRHYDB02,35,2027,0.3946843322926788
REGION1,PWRHYDB02,36,2027,0.3903265391394719
REGION1,PWRHYDB02,37,2027,0.3200049118997443
REGION1,PWRHYDB02,38,2027,0.3185697530499887
REGION1,PWRHYDB02,39,2027,0.3170628502905468
REGION1,PWRHYDB02,40,2027,0.3160205170961204
REGION1,PWRHYDB02,1,2028,0.1873933904771927
REGION1,PWRHYDB02,2,2028,0.1867333397749722
REGION1,PWRHYDB02,3,2028,0.191128241392884
REGION1,PWRHYDB02,4,2028,0.197014069954847
REGION1,PWRHYDB02,5,2028,0.6123325357152466
REGION1,PWRHYDB02,6,2028,0.6074124234177763
REGION1,PWRHYDB02,7,2028,0.7122202212124962
REGION1,PWRHYDB02,8,2028,0.7174493968084795
REGION1,PWRHYDB02,9,2028,0.7510492041789433
REGION1,PWRHYDB02,10,2028,0.7464671625685915
REGION1,PWRHYDB02,11,2028,0.7466124593268906
REGION1,PWRHYDB02,12,2028,0.7408172708301196
REGION1,PWRHYDB02,13,2028,0.4470527408798883
REGION1,PWRHYDB02,14,2028,0.4852416145721662
REGION1,PWRHYDB02,15,2028,0.4990993010421831
REGION1,PWRHYDB02,16,2028,0.4728754304371334
REGION1,PWRHYDB02,17,2028,0.5351260935530481
REGION1,PWRHYDB02,18,2028,0.5525989665167287
REGION1,PWRHYDB02,19,2028,0.5290945228819276
REGION1,PWRHYDB02,20,2028,0.4982848521055807
REGION1,PWRHYDB02,21,2028,0.6899425368118021
REGION1,PWRHYDB02,22,2028,0.6912114052407047
REGION1,PWRHYDB02,23,2028,0.687628193692586
REGION1,PWRHYDB02,24,2028,0.6826191949528625
REGION1,PWRHYDB02,25,2028,0.5951580411853533
REGION1,PWRHYDB02,26,2028,0.5630272762511961
REGION1,PWRHYDB02,27,2028,0.5534465004701059
REGION1,PWRHYDB02,28,2028,0.5392259090578354
REGION1,PWRHYDB02,29,2028,0.5082216163518658
REGION1,PWRHYDB02,30,2028,0.4834047644101396
REGION1,PWRHYDB02,31,2028,0.4751489366741502
REGION1,PWRHYDB02,32,2028,0.4763450394795395
REGION1,PWRHYDB02,33,2028,0.3975439877845044
REGION1,PWRHYDB02,34,2028,0.3951336660458138
REGION1,PWRHYDB02,35,2028,0.3946843322926788
REGION1,PWRHYDB02,36,2028,0.3903265391394719
REGION1,PWRHYDB02,37,2028,0.3200049118997443
REGION1,PWRHYDB02,38,2028,0.3185697530499887
REGION1,PWRHYDB02,39,2028,0.3170628502905468
REGION1,PWRHYDB02,40,2028,0.3160205170961204
REGION1,PWRHYDB02,1,2029,0.1873933904771927
REGION1,PWRHYDB02,2,2029,0.1867333397749722
REGION1,PWRHYDB02,3,2029,0.191128241392884
REGION1,PWRHYDB02,4,2029,0.197014069954847
REGION1,PWRHYDB02,5,2029,0.6123325357152466
REGION1,PWRHYDB02,6,2029,0.6074124234177763
REGION1,PWRHYDB02,7,2029,0.7122202212124962
REGION1,PWRHYDB02,8,2029,0.7174493968084795
REGION1,PWRHYDB02,9,2029,0.7510492041789433
REGION1,PWRHYDB02,10,2029,0.7464671625685915
REGION1,PWRHYDB02,11,2029,0.7466124593268906
REGION1,PWRHYDB02,12,2029,0.7408172708301196
REGION1,PWRHYDB02,13,2029,0.4470527408798883
REGION1,PWRHYDB02,14,2029,0.4852416145721662
REGION1,PWRHYDB02,15,2029,0.4990993010421831
REGION1,PWRHYDB02,16,2029,0.4728754304371334
REGION1,PWRHYDB02,17,2029,0.5351260935530481
REGION1,PWRHYDB02,18,2029,0.5525989665167287
REGION1,PWRHYDB02,19,2029,0.5290945228819276
REGION1,PWRHYDB02,20,2029,0.4982848521055807
REGION1,PWRHYDB02,21,2029,0.6899425368118021
REGION1,PWRHYDB02,22,2029,0.6912114052407047
REGION1,PWRHYDB02,23,2029,0.687628193692586
REGION1,PWRHYDB02,24,2029,0.6826191949528625
REGION1,PWRHYDB02,25,2029,0.5951580411853533
REGION1,PWRHYDB02,26,2029,0.5630272762511961
REGION1,PWRHYDB02,27,2029,0.5534465004701059
REGION1,PWRHYDB02,28,2029,0.5392259090578354
REGION1,PWRHYDB02,29,2029,0.5082216163518658
REGION1,PWRHYDB02,30,2029,0.4834047644101396
REGION1,PWRHYDB02,31,2029,0.4751489366741502
REGION1,PWRHYDB02,32,2029,0.4763450394795395
REGION1,PWRHYDB02,33,2029,0.3975439877845044
REGION1,PWRHYDB02,34,2029,0.3951336660458138
REGION1,PWRHYDB02,35,2029,0.3946843322926788
REGION1,PWRHYDB02,36,2029,0.3903265391394719
REGION1,PWRHYDB02,37,2029,0.3200049118997443
REGION1,PWRHYDB02,38,2029,0.3185697530499887
REGION1,PWRHYDB02,39,2029,0.3170628502905468
REGION1,PWRHYDB02,40,2029,0.3160205170961204
REGION1,PWRHYDB02,1,2030,0.1873933904771927
REGION1,PWRHYDB02,2,2030,0.1867333397749722
REGION1,PWRHYDB02,3,2030,0.191128241392884
REGION1,PWRHYDB02,4,2030,0.197014069954847
REGION1,PWRHYDB02,5,2030,0.6123325357152466
REGION1,PWRHYDB02,6,2030,0.6074124234177763
REGION1,PWRHYDB02,7,2030,0.7122202212124962
REGION1,PWRHYDB02,8,2030,0.7174493968084795
REGION1,PWRHYDB02,9,2030,0.7510492041789433
REGION1,PWRHYDB02,10,2030,0.7464671625685915
REGION1,PWRHYDB02,11,2030,0.7466124593268906
REGION1,PWRHYDB02,12,2030,0.7408172708301196
REGION1,PWRHYDB02,13,2030,0.4470527408798883
REGION1,PWRHYDB02,14,2030,0.4852416145721662
REGION1,PWRHYDB02,15,2030,0.4990993010421831
REGION1,PWRHYDB02,16,2030,0.4728754304371334
REGION1,PWRHYDB02,17,2030,0.5351260935530481
REGION1,PWRHYDB02,18,2030,0.5525989665167287
REGION1,PWRHYDB02,19,2030,0.5290945228819276
REGION1,PWRHYDB02,20,2030,0.4982848521055807
REGION1,PWRHYDB02,21,2030,0.6899425368118021
REGION1,PWRHYDB02,22,2030,0.6912114052407047
REGION1,PWRHYDB02,23,2030,0.687628193692586
REGION1,PWRHYDB02,24,2030,0.6826191949528625
REGION1,PWRHYDB02,25,2030,0.5951580411853533
REGION1,PWRHYDB02,26,2030,0.5630272762511961
REGION1,PWRHYDB02,27,2030,0.5534465004701059
REGION1,PWRHYDB02,28,2030,0.5392259090578354
REGION1,PWRHYDB02,29,2030,0.5082216163518658
REGION1,PWRHYDB02,30,2030,0.4834047644101396
REGION1,PWRHYDB02,31,2030,0.4751489366741502
REGION1,PWRHYDB02,32,2030,0.4763450394795395
REGION1,PWRHYDB02,33,2030,0.3975439877845044
REGION1,PWRHYDB02,34,2030,0.3951336660458138
REGION1,PWRHYDB02,35,2030,0.3946843322926788
REGION1,PWRHYDB02,36,2030,0.3903265391394719
REGION1,PWRHYDB02,37,2030,0.3200049118997443
REGION1,PWRHYDB02,38,2030,0.3185697530499887
REGION1,PWRHYDB02,39,2030,0.3170628502905468
REGION1,PWRHYDB02,40,2030,0.3160205170961204
REGION1,PWRHYDB02,1,2031,0.1873933904771927
REGION1,PWRHYDB02,2,2031,0.1867333397749722
REGION1,PWRHYDB02,3,2031,0.191128241392884
REGION1,PWRHYDB02,4,2031,0.197014069954847
REGION1,PWRHYDB02,5,2031,0.6123325357152466
REGION1,PWRHYDB02,6,2031,0.6074124234177763
REGION1,PWRHYDB02,7,2031,0.7122202212124962
REGION1,PWRHYDB02,8,2031,0.7174493968084795
REGION1,PWRHYDB02,9,2031,0.7510492041789433
REGION1,PWRHYDB02,10,2031,0.7464671625685915
REGION1,PWRHYDB02,11,2031,0.7466124593268906
REGION1,PWRHYDB02,12,2031,0.7408172708301196
REGION1,PWRHYDB02,13,2031,0.4470527408798883
REGION1,PWRHYDB02,14,2031,0.4852416145721662
REGION1,PWRHYDB02,15,2031,0.4990993010421831
REGION1,PWRHYDB02,16,2031,0.4728754304371334
REGION1,PWRHYDB02,17,2031,0.5351260935530481
REGION1,PWRHYDB02,18,2031,0.5525989665167287
REGION1,PWRHYDB02,19,2031,0.5290945228819276
REGION1,PWRHYDB02,20,2031,0.4982848521055807
REGION1,PWRHYDB02,21,2031,0.6899425368118021
REGION1,PWRHYDB02,22,2031,0.6912114052407047
REGION1,PWRHYDB02,23,2031,0.687628193692586
REGION1,PWRHYDB02,24,2031,0.6826191949528625
REGION1,PWRHYDB02,25,2031,0.5951580411853533
REGION1,PWRHYDB02,26,2031,0.5630272762511961
REGION1,PWRHYDB02,27,2031,0.5534465004701059
REGION1,PWRHYDB02,28,2031,0.5392259090578354
REGION1,PWRHYDB02,29,2031,0.5082216163518658
REGION1,PWRHYDB02,30,2031,0.4834047644101396
REGION1,PWRHYDB02,31,2031,0.4751489366741502
REGION1,PWRHYDB02,32,2031,0.4763450394795395
REGION1,PWRHYDB02,33,2031,0.3975439877845044
REGION1,PWRHYDB02,34,2031,0.3951336660458138
REGION1,PWRHYDB02,35,2031,0.3946843322926788
REGION1,PWRHYDB02,36,2031,0.3903265391394719
REGION1,PWRHYDB02,37,2031,0.3200049118997443
REGION1,PWRHYDB02,38,2031,0.3185697530499887
REGION1,PWRHYDB02,39,2031,0.3170628502905468
REGION1,PWRHYDB02,40,2031,0.3160205170961204
REGION1,PWRHYDB02,1,2032,0.1873933904771927
REGION1,PWRHYDB02,2,2032,0.1867333397749722
REGION1,PWRHYDB02,3,2032,0.191128241392884
REGION1,PWRHYDB02,4,2032,0.197014069954847
REGION1,PWRHYDB02,5,2032,0.6123325357152466
REGION1,PWRHYDB02,6,2032,0.6074124234177763
REGION1,PWRHYDB02,7,2032,0.7122202212124962
REGION1,PWRHYDB02,8,2032,0.7174493968084795
REGION1,PWRHYDB02,9,2032,0.7510492041789433
REGION1,PWRHYDB02,10,2032,0.7464671625685915
REGION1,PWRHYDB02,11,2032,0.7466124593268906
REGION1,PWRHYDB02,12,2032,0.7408172708301196
REGION1,PWRHYDB02,13,2032,0.4470527408798883
REGION1,PWRHYDB02,14,2032,0.4852416145721662
REGION1,PWRHYDB02,15,2032,0.4990993010421831
REGION1,PWRHYDB02,16,2032,0.4728754304371334
REGION1,PWRHYDB02,17,2032,0.5351260935530481
REGION1,PWRHYDB02,18,2032,0.5525989665167287
REGION1,PWRHYDB02,19,2032,0.5290945228819276
REGION1,PWRHYDB02,20,2032,0.4982848521055807
REGION1,PWRHYDB02,21,2032,0.6899425368118021
REGION1,PWRHYDB02,22,2032,0.6912114052407047
REGION1,PWRHYDB02,23,2032,0.687628193692586
REGION1,PWRHYDB02,24,2032,0.6826191949528625
REGION1,PWRHYDB02,25,2032,0.5951580411853533
REGION1,PWRHYDB02,26,2032,0.5630272762511961
REGION1,PWRHYDB02,27,2032,0.5534465004701059
REGION1,PWRHYDB02,28,2032,0.5392259090578354
REGION1,PWRHYDB02,29,2032,0.5082216163518658
REGION1,PWRHYDB02,30,2032,0.4834047644101396
REGION1,PWRHYDB02,31,2032,0.4751489366741502
REGION1,PWRHYDB02,32,2032,0.4763450394795395
REGION1,PWRHYDB02,33,2032,0.3975439877845044
REGION1,PWRHYDB02,34,2032,0.3951336660458138
REGION1,PWRHYDB02,35,2032,0.3946843322926788
REGION1,PWRHYDB02,36,2032,0.3903265391394719
REGION1,PWRHYDB02,37,2032,0.3200049118997443
REGION1,PWRHYDB02,38,2032,0.3185697530499887
REGION1,PWRHYDB02,39,2032,0.3170628502905468
REGION1,PWRHYDB02,40,2032,0.3160205170961204
REGION1,PWRHYDB02,1,2033,0.1873933904771927
REGION1,PWRHYDB02,2,2033,0.1867333397749722
REGION1,PWRHYDB02,3,2033,0.191128241392884
REGION1,PWRHYDB02,4,2033,0.197014069954847
REGION1,PWRHYDB02,5,2033,0.6123325357152466
REGION1,PWRHYDB02,6,2033,0.6074124234177763
REGION1,PWRHYDB02,7,2033,0.7122202212124962
REGION1,PWRHYDB02,8,2033,0.7174493968084795
REGION1,PWRHYDB02,9,2033,0.7510492041789433
REGION1,PWRHYDB02,10,2033,0.7464671625685915
REGION1,PWRHYDB02,11,2033,0.7466124593268906
REGION1,PWRHYDB02,12,2033,0.7408172708301196
REGION1,PWRHYDB02,13,2033,0.4470527408798883
REGION1,PWRHYDB02,14,2033,0.4852416145721662
REGION1,PWRHYDB02,15,2033,0.4990993010421831
REGION1,PWRHYDB02,16,2033,0.4728754304371334
REGION1,PWRHYDB02,17,2033,0.5351260935530481
REGION1,PWRHYDB02,18,2033,0.5525989665167287
REGION1,PWRHYDB02,19,2033,0.5290945228819276
REGION1,PWRHYDB02,20,2033,0.4982848521055807
REGION1,PWRHYDB02,21,2033,0.6899425368118021
REGION1,PWRHYDB02,22,2033,0.6912114052407047
REGION1,PWRHYDB02,23,2033,0.687628193692586
REGION1,PWRHYDB02,24,2033,0.6826191949528625
REGION1,PWRHYDB02,25,2033,0.5951580411853533
REGION1,PWRHYDB02,26,2033,0.5630272762511961
REGION1,PWRHYDB02,27,2033,0.5534465004701059
REGION1,PWRHYDB02,28,2033,0.5392259090578354
REGION1,PWRHYDB02,29,2033,0.5082216163518658
REGION1,PWRHYDB02,30,2033,0.4834047644101396
REGION1,PWRHYDB02,31,2033,0.4751489366741502
REGION1,PWRHYDB02,32,2033,0.4763450394795395
REGION1,PWRHYDB02,33,2033,0.3975439877845044
REGION1,PWRHYDB02,34,2033,0.3951336660458138
REGION1,PWRHYDB02,35,2033,0.3946843322926788
REGION1,PWRHYDB02,36,2033,0.3903265391394719
REGION1,PWRHYDB02,37,2033,0.3200049118997443
REGION1,PWRHYDB02,38,2033,0.3185697530499887
REGION1,PWRHYDB02,39,2033,0.3170628502905468
REGION1,PWRHYDB02,40,2033,0.3160205170961204
REGION1,PWRHYDB02,1,2034,0.1873933904771927
REGION1,PWRHYDB02,2,2034,0.1867333397749722
REGION1,PWRHYDB02,3,2034,0.191128241392884
REGION1,PWRHYDB02,4,2034,0.197014069954847
REGION1,PWRHYDB02,5,2034,0.6123325357152466
REGION1,PWRHYDB02,6,2034,0.6074124234177763
REGION1,PWRHYDB02,7,2034,0.7122202212124962
REGION1,PWRHYDB02,8,2034,0.7174493968084795
REGION1,PWRHYDB02,9,2034,0.7510492041789433
REGION1,PWRHYDB02,10,2034,0.7464671625685915
REGION1,PWRHYDB02,11,2034,0.7466124593268906
REGION1,PWRHYDB02,12,2034,0.7408172708301196
REGION1,PWRHYDB02,13,2034,0.4470527408798883
REGION1,PWRHYDB02,14,2034,0.4852416145721662
REGION1,PWRHYDB02,15,2034,0.4990993010421831
REGION1,PWRHYDB02,16,2034,0.4728754304371334
REGION1,PWRHYDB02,17,2034,0.5351260935530481
REGION1,PWRHYDB02,18,2034,0.5525989665167287
REGION1,PWRHYDB02,19,2034,0.5290945228819276
REGION1,PWRHYDB02,20,2034,0.4982848521055807
REGION1,PWRHYDB02,21,2034,0.6899425368118021
REGION1,PWRHYDB02,22,2034,0.6912114052407047
REGION1,PWRHYDB02,23,2034,0.687628193692586
REGION1,PWRHYDB02,24,2034,0.6826191949528625
REGION1,PWRHYDB02,25,2034,0.5951580411853533
REGION1,PWRHYDB02,26,2034,0.5630272762511961
REGION1,PWRHYDB02,27,2034,0.5534465004701059
REGION1,PWRHYDB02,28,2034,0.5392259090578354
REGION1,PWRHYDB02,29,2034,0.5082216163518658
REGION1,PWRHYDB02,30,2034,0.4834047644101396
REGION1,PWRHYDB02,31,2034,0.4751489366741502
REGION1,PWRHYDB02,32,2034,0.4763450394795395
REGION1,PWRHYDB02,33,2034,0.3975439877845044
REGION1,PWRHYDB02,34,2034,0.3951336660458138
REGION1,PWRHYDB02,35,2034,0.3946843322926788
REGION1,PWRHYDB02,36,2034,0.3903265391394719
REGION1,PWRHYDB02,37,2034,0.3200049118997443
REGION1,PWRHYDB02,38,2034,0.3185697530499887
REGION1,PWRHYDB02,39,2034,0.3170628502905468
REGION1,PWRHYDB02,40,2034,0.3160205170961204
REGION1,PWRHYDB02,1,2035,0.1873933904771927
REGION1,PWRHYDB02,2,2035,0.1867333397749722
REGION1,PWRHYDB02,3,2035,0.191128241392884
REGION1,PWRHYDB02,4,2035,0.197014069954847
REGION1,PWRHYDB02,5,2035,0.6123325357152466
REGION1,PWRHYDB02,6,2035,0.6074124234177763
REGION1,PWRHYDB02,7,2035,0.7122202212124962
REGION1,PWRHYDB02,8,2035,0.7174493968084795
REGION1,PWRHYDB02,9,2035,0.7510492041789433
REGION1,PWRHYDB02,10,2035,0.7464671625685915
REGION1,PWRHYDB02,11,2035,0.7466124593268906
REGION1,PWRHYDB02,12,2035,0.7408172708301196
REGION1,PWRHYDB02,13,2035,0.4470527408798883
REGION1,PWRHYDB02,14,2035,0.4852416145721662
REGION1,PWRHYDB02,15,2035,0.4990993010421831
REGION1,PWRHYDB02,16,2035,0.4728754304371334
REGION1,PWRHYDB02,17,2035,0.5351260935530481
REGION1,PWRHYDB02,18,2035,0.5525989665167287
REGION1,PWRHYDB02,19,2035,0.5290945228819276
REGION1,PWRHYDB02,20,2035,0.4982848521055807
REGION1,PWRHYDB02,21,2035,0.6899425368118021
REGION1,PWRHYDB02,22,2035,0.6912114052407047
REGION1,PWRHYDB02,23,2035,0.687628193692586
REGION1,PWRHYDB02,24,2035,0.6826191949528625
REGION1,PWRHYDB02,25,2035,0.5951580411853533
REGION1,PWRHYDB02,26,2035,0.5630272762511961
REGION1,PWRHYDB02,27,2035,0.5534465004701059
REGION1,PWRHYDB02,28,2035,0.5392259090578354
REGION1,PWRHYDB02,29,2035,0.5082216163518658
REGION1,PWRHYDB02,30,2035,0.4834047644101396
REGION1,PWRHYDB02,31,2035,0.4751489366741502
REGION1,PWRHYDB02,32,2035,0.4763450394795395
REGION1,PWRHYDB02,33,2035,0.3975439877845044
REGION1,PWRHYDB02,34,2035,0.3951336660458138
REGION1,PWRHYDB02,35,2035,0.3946843322926788
REGION1,PWRHYDB02,36,2035,0.3903265391394719
REGION1,PWRHYDB02,37,2035,0.3200049118997443
REGION1,PWRHYDB02,38,2035,0.3185697530499887
REGION1,PWRHYDB02,39,2035,0.3170628502905468
REGION1,PWRHYDB02,40,2035,0.3160205170961204
REGION1,PWRHYDB02,1,2036,0.1873933904771927
REGION1,PWRHYDB02,2,2036,0.1867333397749722
REGION1,PWRHYDB02,3,2036,0.191128241392884
REGION1,PWRHYDB02,4,2036,0.197014069954847
REGION1,PWRHYDB02,5,2036,0.6123325357152466
REGION1,PWRHYDB02,6,2036,0.6074124234177763
REGION1,PWRHYDB02,7,2036,0.7122202212124962
REGION1,PWRHYDB02,8,2036,0.7174493968084795
REGION1,PWRHYDB02,9,2036,0.7510492041789433
REGION1,PWRHYDB02,10,2036,0.7464671625685915
REGION1,PWRHYDB02,11,2036,0.7466124593268906
REGION1,PWRHYDB02,12,2036,0.7408172708301196
REGION1,PWRHYDB02,13,2036,0.4470527408798883
REGION1,PWRHYDB02,14,2036,0.4852416145721662
REGION1,PWRHYDB02,15,2036,0.4990993010421831
REGION1,PWRHYDB02,16,2036,0.4728754304371334
REGION1,PWRHYDB02,17,2036,0.5351260935530481
REGION1,PWRHYDB02,18,2036,0.5525989665167287
REGION1,PWRHYDB02,19,2036,0.5290945228819276
REGION1,PWRHYDB02,20,2036,0.4982848521055807
REGION1,PWRHYDB02,21,2036,0.6899425368118021
REGION1,PWRHYDB02,22,2036,0.6912114052407047
REGION1,PWRHYDB02,23,2036,0.687628193692586
REGION1,PWRHYDB02,24,2036,0.6826191949528625
REGION1,PWRHYDB02,25,2036,0.5951580411853533
REGION1,PWRHYDB02,26,2036,0.5630272762511961
REGION1,PWRHYDB02,27,2036,0.5534465004701059
REGION1,PWRHYDB02,28,2036,0.5392259090578354
REGION1,PWRHYDB02,29,2036,0.5082216163518658
REGION1,PWRHYDB02,30,2036,0.4834047644101396
REGION1,PWRHYDB02,31,2036,0.4751489366741502
REGION1,PWRHYDB02,32,2036,0.4763450394795395
REGION1,PWRHYDB02,33,2036,0.3975439877845044
REGION1,PWRHYDB02,34,2036,0.3951336660458138
REGION1,PWRHYDB02,35,2036,0.3946843322926788
REGION1,PWRHYDB02,36,2036,0.3903265391394719
REGION1,PWRHYDB02,37,2036,0.3200049118997443
REGION1,PWRHYDB02,38,2036,0.3185697530499887
REGION1,PWRHYDB02,39,2036,0.3170628502905468
REGION1,PWRHYDB02,40,2036,0.3160205170961204
REGION1,PWRHYDB02,1,2037,0.1873933904771927
REGION1,PWRHYDB02,2,2037,0.1867333397749722
REGION1,PWRHYDB02,3,2037,0.191128241392884
REGION1,PWRHYDB02,4,2037,0.197014069954847
REGION1,PWRHYDB02,5,2037,0.6123325357152466
REGION1,PWRHYDB02,6,2037,0.6074124234177763
REGION1,PWRHYDB02,7,2037,0.7122202212124962
REGION1,PWRHYDB02,8,2037,0.7174493968084795
REGION1,PWRHYDB02,9,2037,0.7510492041789433
REGION1,PWRHYDB02,10,2037,0.7464671625685915
REGION1,PWRHYDB02,11,2037,0.7466124593268906
REGION1,PWRHYDB02,12,2037,0.7408172708301196
REGION1,PWRHYDB02,13,2037,0.4470527408798883
REGION1,PWRHYDB02,14,2037,0.4852416145721662
REGION1,PWRHYDB02,15,2037,0.4990993010421831
REGION1,PWRHYDB02,16,2037,0.4728754304371334
REGION1,PWRHYDB02,17,2037,0.5351260935530481
REGION1,PWRHYDB02,18,2037,0.5525989665167287
REGION1,PWRHYDB02,19,2037,0.5290945228819276
REGION1,PWRHYDB02,20,2037,0.4982848521055807
REGION1,PWRHYDB02,21,2037,0.6899425368118021
REGION1,PWRHYDB02,22,2037,0.6912114052407047
REGION1,PWRHYDB02,23,2037,0.687628193692586
REGION1,PWRHYDB02,24,2037,0.6826191949528625
REGION1,PWRHYDB02,25,2037,0.5951580411853533
REGION1,PWRHYDB02,26,2037,0.5630272762511961
REGION1,PWRHYDB02,27,2037,0.5534465004701059
REGION1,PWRHYDB02,28,2037,0.5392259090578354
REGION1,PWRHYDB02,29,2037,0.5082216163518658
REGION1,PWRHYDB02,30,2037,0.4834047644101396
REGION1,PWRHYDB02,31,2037,0.4751489366741502
REGION1,PWRHYDB02,32,2037,0.4763450394795395
REGION1,PWRHYDB02,33,2037,0.3975439877845044
REGION1,PWRHYDB02,34,2037,0.3951336660458138
REGION1,PWRHYDB02,35,2037,0.3946843322926788
REGION1,PWRHYDB02,36,2037,0.3903265391394719
REGION1,PWRHYDB02,37,2037,0.3200049118997443
REGION1,PWRHYDB02,38,2037,0.3185697530499887
REGION1,PWRHYDB02,39,2037,0.3170628502905468
REGION1,PWRHYDB02,40,2037,0.3160205170961204
REGION1,PWRHYDB02,1,2038,0.1873933904771927
REGION1,PWRHYDB02,2,2038,0.1867333397749722
REGION1,PWRHYDB02,3,2038,0.191128241392884
REGION1,PWRHYDB02,4,2038,0.197014069954847
REGION1,PWRHYDB02,5,2038,0.6123325357152466
REGION1,PWRHYDB02,6,2038,0.6074124234177763
REGION1,PWRHYDB02,7,2038,0.7122202212124962
REGION1,PWRHYDB02,8,2038,0.7174493968084795
REGION1,PWRHYDB02,9,2038,0.7510492041789433
REGION1,PWRHYDB02,10,2038,0.7464671625685915
REGION1,PWRHYDB02,11,2038,0.7466124593268906
REGION1,PWRHYDB02,12,2038,0.7408172708301196
REGION1,PWRHYDB02,13,2038,0.4470527408798883
REGION1,PWRHYDB02,14,2038,0.4852416145721662
REGION1,PWRHYDB02,15,2038,0.4990993010421831
REGION1,PWRHYDB02,16,2038,0.4728754304371334
REGION1,PWRHYDB02,17,2038,0.5351260935530481
REGION1,PWRHYDB02,18,2038,0.5525989665167287
REGION1,PWRHYDB02,19,2038,0.5290945228819276
REGION1,PWRHYDB02,20,2038,0.4982848521055807
REGION1,PWRHYDB02,21,2038,0.6899425368118021
REGION1,PWRHYDB02,22,2038,0.6912114052407047
REGION1,PWRHYDB02,23,2038,0.687628193692586
REGION1,PWRHYDB02,24,2038,0.6826191949528625
REGION1,PWRHYDB02,25,2038,0.5951580411853533
REGION1,PWRHYDB02,26,2038,0.5630272762511961
REGION1,PWRHYDB02,27,2038,0.5534465004701059
REGION1,PWRHYDB02,28,2038,0.5392259090578354
REGION1,PWRHYDB02,29,2038,0.5082216163518658
REGION1,PWRHYDB02,30,2038,0.4834047644101396
REGION1,PWRHYDB02,31,2038,0.4751489366741502
REGION1,PWRHYDB02,32,2038,0.4763450394795395
REGION1,PWRHYDB02,33,2038,0.3975439877845044
REGION1,PWRHYDB02,34,2038,0.3951336660458138
REGION1,PWRHYDB02,35,2038,0.3946843322926788
REGION1,PWRHYDB02,36,2038,0.3903265391394719
REGION1,PWRHYDB02,37,2038,0.3200049118997443
REGION1,PWRHYDB02,38,2038,0.3185697530499887
REGION1,PWRHYDB02,39,2038,0.3170628502905468
REGION1,PWRHYDB02,40,2038,0.3160205170961204
REGION1,PWRHYDB02,1,2039,0.1873933904771927
REGION1,PWRHYDB02,2,2039,0.1867333397749722
REGION1,PWRHYDB02,3,2039,0.191128241392884
REGION1,PWRHYDB02,4,2039,0.197014069954847
REGION1,PWRHYDB02,5,2039,0.6123325357152466
REGION1,PWRHYDB02,6,2039,0.6074124234177763
REGION1,PWRHYDB02,7,2039,0.7122202212124962
REGION1,PWRHYDB02,8,2039,0.7174493968084795
REGION1,PWRHYDB02,9,2039,0.7510492041789433
REGION1,PWRHYDB02,10,2039,0.7464671625685915
REGION1,PWRHYDB02,11,2039,0.7466124593268906
REGION1,PWRHYDB02,12,2039,0.7408172708301196
REGION1,PWRHYDB02,13,2039,0.4470527408798883
REGION1,PWRHYDB02,14,2039,0.4852416145721662
REGION1,PWRHYDB02,15,2039,0.4990993010421831
REGION1,PWRHYDB02,16,2039,0.4728754304371334
REGION1,PWRHYDB02,17,2039,0.5351260935530481
REGION1,PWRHYDB02,18,2039,0.5525989665167287
REGION1,PWRHYDB02,19,2039,0.5290945228819276
REGION1,PWRHYDB02,20,2039,0.4982848521055807
REGION1,PWRHYDB02,21,2039,0.6899425368118021
REGION1,PWRHYDB02,22,2039,0.6912114052407047
REGION1,PWRHYDB02,23,2039,0.687628193692586
REGION1,PWRHYDB02,24,2039,0.6826191949528625
REGION1,PWRHYDB02,25,2039,0.5951580411853533
REGION1,PWRHYDB02,26,2039,0.5630272762511961
REGION1,PWRHYDB02,27,2039,0.5534465004701059
REGION1,PWRHYDB02,28,2039,0.5392259090578354
REGION1,PWRHYDB02,29,2039,0.5082216163518658
REGION1,PWRHYDB02,30,2039,0.4834047644101396
REGION1,PWRHYDB02,31,2039,0.4751489366741502
REGION1,PWRHYDB02,32,2039,0.4763450394795395
REGION1,PWRHYDB02,33,2039,0.3975439877845044
REGION1,PWRHYDB02,34,2039,0.3951336660458138
REGION1,PWRHYDB02,35,2039,0.3946843322926788
REGION1,PWRHYDB02,36,2039,0.3903265391394719
REGION1,PWRHYDB02,37,2039,0.3200049118997443
REGION1,PWRHYDB02,38,2039,0.3185697530499887
REGION1,PWRHYDB02,39,2039,0.3170628502905468
REGION1,PWRHYDB02,40,2039,0.3160205170961204
REGION1,PWRHYDB02,1,2040,0.1873933904771927
REGION1,PWRHYDB02,2,2040,0.1867333397749722
REGION1,PWRHYDB02,3,2040,0.191128241392884
REGION1,PWRHYDB02,4,2040,0.197014069954847
REGION1,PWRHYDB02,5,2040,0.6123325357152466
REGION1,PWRHYDB02,6,2040,0.6074124234177763
REGION1,PWRHYDB02,7,2040,0.7122202212124962
REGION1,PWRHYDB02,8,2040,0.7174493968084795
REGION1,PWRHYDB02,9,2040,0.7510492041789433
REGION1,PWRHYDB02,10,2040,0.7464671625685915
REGION1,PWRHYDB02,11,2040,0.7466124593268906
REGION1,PWRHYDB02,12,2040,0.7408172708301196
REGION1,PWRHYDB02,13,2040,0.4470527408798883
REGION1,PWRHYDB02,14,2040,0.4852416145721662
REGION1,PWRHYDB02,15,2040,0.4990993010421831
REGION1,PWRHYDB02,16,2040,0.4728754304371334
REGION1,PWRHYDB02,17,2040,0.5351260935530481
REGION1,PWRHYDB02,18,2040,0.5525989665167287
REGION1,PWRHYDB02,19,2040,0.5290945228819276
REGION1,PWRHYDB02,20,2040,0.4982848521055807
REGION1,PWRHYDB02,21,2040,0.6899425368118021
REGION1,PWRHYDB02,22,2040,0.6912114052407047
REGION1,PWRHYDB02,23,2040,0.687628193692586
REGION1,PWRHYDB02,24,2040,0.6826191949528625
REGION1,PWRHYDB02,25,2040,0.5951580411853533
REGION1,PWRHYDB02,26,2040,0.5630272762511961
REGION1,PWRHYDB02,27,2040,0.5534465004701059
REGION1,PWRHYDB02,28,2040,0.5392259090578354
REGION1,PWRHYDB02,29,2040,0.5082216163518658
REGION1,PWRHYDB02,30,2040,0.4834047644101396
REGION1,PWRHYDB02,31,2040,0.4751489366741502
REGION1,PWRHYDB02,32,2040,0.4763450394795395
REGION1,PWRHYDB02,33,2040,0.3975439877845044
REGION1,PWRHYDB02,34,2040,0.3951336660458138
REGION1,PWRHYDB02,35,2040,0.3946843322926788
REGION1,PWRHYDB02,36,2040,0.3903265391394719
REGION1,PWRHYDB02,37,2040,0.3200049118997443
REGION1,PWRHYDB02,38,2040,0.3185697530499887
REGION1,PWRHYDB02,39,2040,0.3170628502905468
REGION1,PWRHYDB02,40,2040,0.3160205170961204
REGION1,PWRHYDB02,1,2041,0.1873933904771927
REGION1,PWRHYDB02,2,2041,0.1867333397749722
REGION1,PWRHYDB02,3,2041,0.191128241392884
REGION1,PWRHYDB02,4,2041,0.197014069954847
REGION1,PWRHYDB02,5,2041,0.6123325357152466
REGION1,PWRHYDB02,6,2041,0.6074124234177763
REGION1,PWRHYDB02,7,2041,0.7122202212124962
REGION1,PWRHYDB02,8,2041,0.7174493968084795
REGION1,PWRHYDB02,9,2041,0.7510492041789433
REGION1,PWRHYDB02,10,2041,0.7464671625685915
REGION1,PWRHYDB02,11,2041,0.7466124593268906
REGION1,PWRHYDB02,12,2041,0.7408172708301196
REGION1,PWRHYDB02,13,2041,0.4470527408798883
REGION1,PWRHYDB02,14,2041,0.4852416145721662
REGION1,PWRHYDB02,15,2041,0.4990993010421831
REGION1,PWRHYDB02,16,2041,0.4728754304371334
REGION1,PWRHYDB02,17,2041,0.5351260935530481
REGION1,PWRHYDB02,18,2041,0.5525989665167287
REGION1,PWRHYDB02,19,2041,0.5290945228819276
REGION1,PWRHYDB02,20,2041,0.4982848521055807
REGION1,PWRHYDB02,21,2041,0.6899425368118021
REGION1,PWRHYDB02,22,2041,0.6912114052407047
REGION1,PWRHYDB02,23,2041,0.687628193692586
REGION1,PWRHYDB02,24,2041,0.6826191949528625
REGION1,PWRHYDB02,25,2041,0.5951580411853533
REGION1,PWRHYDB02,26,2041,0.5630272762511961
REGION1,PWRHYDB02,27,2041,0.5534465004701059
REGION1,PWRHYDB02,28,2041,0.5392259090578354
REGION1,PWRHYDB02,29,2041,0.5082216163518658
REGION1,PWRHYDB02,30,2041,0.4834047644101396
REGION1,PWRHYDB02,31,2041,0.4751489366741502
REGION1,PWRHYDB02,32,2041,0.4763450394795395
REGION1,PWRHYDB02,33,2041,0.3975439877845044
REGION1,PWRHYDB02,34,2041,0.3951336660458138
REGION1,PWRHYDB02,35,2041,0.3946843322926788
REGION1,PWRHYDB02,36,2041,0.3903265391394719
REGION1,PWRHYDB02,37,2041,0.3200049118997443
REGION1,PWRHYDB02,38,2041,0.3185697530499887
REGION1,PWRHYDB02,39,2041,0.3170628502905468
REGION1,PWRHYDB02,40,2041,0.3160205170961204
REGION1,PWRHYDB02,1,2042,0.1873933904771927
REGION1,PWRHYDB02,2,2042,0.1867333397749722
REGION1,PWRHYDB02,3,2042,0.191128241392884
REGION1,PWRHYDB02,4,2042,0.197014069954847
REGION1,PWRHYDB02,5,2042,0.6123325357152466
REGION1,PWRHYDB02,6,2042,0.6074124234177763
REGION1,PWRHYDB02,7,2042,0.7122202212124962
REGION1,PWRHYDB02,8,2042,0.7174493968084795
REGION1,PWRHYDB02,9,2042,0.7510492041789433
REGION1,PWRHYDB02,10,2042,0.7464671625685915
REGION1,PWRHYDB02,11,2042,0.7466124593268906
REGION1,PWRHYDB02,12,2042,0.7408172708301196
REGION1,PWRHYDB02,13,2042,0.4470527408798883
REGION1,PWRHYDB02,14,2042,0.4852416145721662
REGION1,PWRHYDB02,15,2042,0.4990993010421831
REGION1,PWRHYDB02,16,2042,0.4728754304371334
REGION1,PWRHYDB02,17,2042,0.5351260935530481
REGION1,PWRHYDB02,18,2042,0.5525989665167287
REGION1,PWRHYDB02,19,2042,0.5290945228819276
REGION1,PWRHYDB02,20,2042,0.4982848521055807
REGION1,PWRHYDB02,21,2042,0.6899425368118021
REGION1,PWRHYDB02,22,2042,0.6912114052407047
REGION1,PWRHYDB02,23,2042,0.687628193692586
REGION1,PWRHYDB02,24,2042,0.6826191949528625
REGION1,PWRHYDB02,25,2042,0.5951580411853533
REGION1,PWRHYDB02,26,2042,0.5630272762511961
REGION1,PWRHYDB02,27,2042,0.5534465004701059
REGION1,PWRHYDB02,28,2042,0.5392259090578354
REGION1,PWRHYDB02,29,2042,0.5082216163518658
REGION1,PWRHYDB02,30,2042,0.4834047644101396
REGION1,PWRHYDB02,31,2042,0.4751489366741502
REGION1,PWRHYDB02,32,2042,0.4763450394795395
REGION1,PWRHYDB02,33,2042,0.3975439877845044
REGION1,PWRHYDB02,34,2042,0.3951336660458138
REGION1,PWRHYDB02,35,2042,0.3946843322926788
REGION1,PWRHYDB02,36,2042,0.3903265391394719
REGION1,PWRHYDB02,37,2042,0.3200049118997443
REGION1,PWRHYDB02,38,2042,0.3185697530499887
REGION1,PWRHYDB02,39,2042,0.3170628502905468
REGION1,PWRHYDB02,40,2042,0.3160205170961204
REGION1,PWRHYDB02,1,2043,0.1873933904771927
REGION1,PWRHYDB02,2,2043,0.1867333397749722
REGION1,PWRHYDB02,3,2043,0.191128241392884
REGION1,PWRHYDB02,4,2043,0.197014069954847
REGION1,PWRHYDB02,5,2043,0.6123325357152466
REGION1,PWRHYDB02,6,2043,0.6074124234177763
REGION1,PWRHYDB02,7,2043,0.7122202212124962
REGION1,PWRHYDB02,8,2043,0.7174493968084795
REGION1,PWRHYDB02,9,2043,0.7510492041789433
REGION1,PWRHYDB02,10,2043,0.7464671625685915
REGION1,PWRHYDB02,11,2043,0.7466124593268906
REGION1,PWRHYDB02,12,2043,0.7408172708301196
REGION1,PWRHYDB02,13,2043,0.4470527408798883
REGION1,PWRHYDB02,14,2043,0.4852416145721662
REGION1,PWRHYDB02,15,2043,0.4990993010421831
REGION1,PWRHYDB02,16,2043,0.4728754304371334
REGION1,PWRHYDB02,17,2043,0.5351260935530481
REGION1,PWRHYDB02,18,2043,0.5525989665167287
REGION1,PWRHYDB02,19,2043,0.5290945228819276
REGION1,PWRHYDB02,20,2043,0.4982848521055807
REGION1,PWRHYDB02,21,2043,0.6899425368118021
REGION1,PWRHYDB02,22,2043,0.6912114052407047
REGION1,PWRHYDB02,23,2043,0.687628193692586
REGION1,PWRHYDB02,24,2043,0.6826191949528625
REGION1,PWRHYDB02,25,2043,0.5951580411853533
REGION1,PWRHYDB02,26,2043,0.5630272762511961
REGION1,PWRHYDB02,27,2043,0.5534465004701059
REGION1,PWRHYDB02,28,2043,0.5392259090578354
REGION1,PWRHYDB02,29,2043,0.5082216163518658
REGION1,PWRHYDB02,30,2043,0.4834047644101396
REGION1,PWRHYDB02,31,2043,0.4751489366741502
REGION1,PWRHYDB02,32,2043,0.4763450394795395
REGION1,PWRHYDB02,33,2043,0.3975439877845044
REGION1,PWRHYDB02,34,2043,0.3951336660458138
REGION1,PWRHYDB02,35,2043,0.3946843322926788
REGION1,PWRHYDB02,36,2043,0.3903265391394719
REGION1,PWRHYDB02,37,2043,0.3200049118997443
REGION1,PWRHYDB02,38,2043,0.3185697530499887
REGION1,PWRHYDB02,39,2043,0.3170628502905468
REGION1,PWRHYDB02,40,2043,0.3160205170961204
REGION1,PWRHYDB02,1,2044,0.1873933904771927
REGION1,PWRHYDB02,2,2044,0.1867333397749722
REGION1,PWRHYDB02,3,2044,0.191128241392884
REGION1,PWRHYDB02,4,2044,0.197014069954847
REGION1,PWRHYDB02,5,2044,0.6123325357152466
REGION1,PWRHYDB02,6,2044,0.6074124234177763
REGION1,PWRHYDB02,7,2044,0.7122202212124962
REGION1,PWRHYDB02,8,2044,0.7174493968084795
REGION1,PWRHYDB02,9,2044,0.7510492041789433
REGION1,PWRHYDB02,10,2044,0.7464671625685915
REGION1,PWRHYDB02,11,2044,0.7466124593268906
REGION1,PWRHYDB02,12,2044,0.7408172708301196
REGION1,PWRHYDB02,13,2044,0.4470527408798883
REGION1,PWRHYDB02,14,2044,0.4852416145721662
REGION1,PWRHYDB02,15,2044,0.4990993010421831
REGION1,PWRHYDB02,16,2044,0.4728754304371334
REGION1,PWRHYDB02,17,2044,0.5351260935530481
REGION1,PWRHYDB02,18,2044,0.5525989665167287
REGION1,PWRHYDB02,19,2044,0.5290945228819276
REGION1,PWRHYDB02,20,2044,0.4982848521055807
REGION1,PWRHYDB02,21,2044,0.6899425368118021
REGION1,PWRHYDB02,22,2044,0.6912114052407047
REGION1,PWRHYDB02,23,2044,0.687628193692586
REGION1,PWRHYDB02,24,2044,0.6826191949528625
REGION1,PWRHYDB02,25,2044,0.5951580411853533
REGION1,PWRHYDB02,26,2044,0.5630272762511961
REGION1,PWRHYDB02,27,2044,0.5534465004701059
REGION1,PWRHYDB02,28,2044,0.5392259090578354
REGION1,PWRHYDB02,29,2044,0.5082216163518658
REGION1,PWRHYDB02,30,2044,0.4834047644101396
REGION1,PWRHYDB02,31,2044,0.4751489366741502
REGION1,PWRHYDB02,32,2044,0.4763450394795395
REGION1,PWRHYDB02,33,2044,0.3975439877845044
REGION1,PWRHYDB02,34,2044,0.3951336660458138
REGION1,PWRHYDB02,35,2044,0.3946843322926788
REGION1,PWRHYDB02,36,2044,0.3903265391394719
REGION1,PWRHYDB02,37,2044,0.3200049118997443
REGION1,PWRHYDB02,38,2044,0.3185697530499887
REGION1,PWRHYDB02,39,2044,0.3170628502905468
REGION1,PWRHYDB02,40,2044,0.3160205170961204
REGION1,PWRHYDB02,1,2045,0.1873933904771927
REGION1,PWRHYDB02,2,2045,0.1867333397749722
REGION1,PWRHYDB02,3,2045,0.191128241392884
REGION1,PWRHYDB02,4,2045,0.197014069954847
REGION1,PWRHYDB02,5,2045,0.6123325357152466
REGION1,PWRHYDB02,6,2045,0.6074124234177763
REGION1,PWRHYDB02,7,2045,0.7122202212124962
REGION1,PWRHYDB02,8,2045,0.7174493968084795
REGION1,PWRHYDB02,9,2045,0.7510492041789433
REGION1,PWRHYDB02,10,2045,0.7464671625685915
REGION1,PWRHYDB02,11,2045,0.7466124593268906
REGION1,PWRHYDB02,12,2045,0.7408172708301196
REGION1,PWRHYDB02,13,2045,0.4470527408798883
REGION1,PWRHYDB02,14,2045,0.4852416145721662
REGION1,PWRHYDB02,15,2045,0.4990993010421831
REGION1,PWRHYDB02,16,2045,0.4728754304371334
REGION1,PWRHYDB02,17,2045,0.5351260935530481
REGION1,PWRHYDB02,18,2045,0.5525989665167287
REGION1,PWRHYDB02,19,2045,0.5290945228819276
REGION1,PWRHYDB02,20,2045,0.4982848521055807
REGION1,PWRHYDB02,21,2045,0.6899425368118021
REGION1,PWRHYDB02,22,2045,0.6912114052407047
REGION1,PWRHYDB02,23,2045,0.687628193692586
REGION1,PWRHYDB02,24,2045,0.6826191949528625
REGION1,PWRHYDB02,25,2045,0.5951580411853533
REGION1,PWRHYDB02,26,2045,0.5630272762511961
REGION1,PWRHYDB02,27,2045,0.5534465004701059
REGION1,PWRHYDB02,28,2045,0.5392259090578354
REGION1,PWRHYDB02,29,2045,0.5082216163518658
REGION1,PWRHYDB02,30,2045,0.4834047644101396
REGION1,PWRHYDB02,31,2045,0.4751489366741502
REGION1,PWRHYDB02,32,2045,0.4763450394795395
REGION1,PWRHYDB02,33,2045,0.3975439877845044
REGION1,PWRHYDB02,34,2045,0.3951336660458138
REGION1,PWRHYDB02,35,2045,0.3946843322926788
REGION1,PWRHYDB02,36,2045,0.3903265391394719
REGION1,PWRHYDB02,37,2045,0.3200049118997443
REGION1,PWRHYDB02,38,2045,0.3185697530499887
REGION1,PWRHYDB02,39,2045,0.3170628502905468
REGION1,PWRHYDB02,40,2045,0.3160205170961204
REGION1,PWRHYDB02,1,2046,0.1873933904771927
REGION1,PWRHYDB02,2,2046,0.1867333397749722
REGION1,PWRHYDB02,3,2046,0.191128241392884
REGION1,PWRHYDB02,4,2046,0.197014069954847
REGION1,PWRHYDB02,5,2046,0.6123325357152466
REGION1,PWRHYDB02,6,2046,0.6074124234177763
REGION1,PWRHYDB02,7,2046,0.7122202212124962
REGION1,PWRHYDB02,8,2046,0.7174493968084795
REGION1,PWRHYDB02,9,2046,0.7510492041789433
REGION1,PWRHYDB02,10,2046,0.7464671625685915
REGION1,PWRHYDB02,11,2046,0.7466124593268906
REGION1,PWRHYDB02,12,2046,0.7408172708301196
REGION1,PWRHYDB02,13,2046,0.4470527408798883
REGION1,PWRHYDB02,14,2046,0.4852416145721662
REGION1,PWRHYDB02,15,2046,0.4990993010421831
REGION1,PWRHYDB02,16,2046,0.4728754304371334
REGION1,PWRHYDB02,17,2046,0.5351260935530481
REGION1,PWRHYDB02,18,2046,0.5525989665167287
REGION1,PWRHYDB02,19,2046,0.5290945228819276
REGION1,PWRHYDB02,20,2046,0.4982848521055807
REGION1,PWRHYDB02,21,2046,0.6899425368118021
REGION1,PWRHYDB02,22,2046,0.6912114052407047
REGION1,PWRHYDB02,23,2046,0.687628193692586
REGION1,PWRHYDB02,24,2046,0.6826191949528625
REGION1,PWRHYDB02,25,2046,0.5951580411853533
REGION1,PWRHYDB02,26,2046,0.5630272762511961
REGION1,PWRHYDB02,27,2046,0.5534465004701059
REGION1,PWRHYDB02,28,2046,0.5392259090578354
REGION1,PWRHYDB02,29,2046,0.5082216163518658
REGION1,PWRHYDB02,30,2046,0.4834047644101396
REGION1,PWRHYDB02,31,2046,0.4751489366741502
REGION1,PWRHYDB02,32,2046,0.4763450394795395
REGION1,PWRHYDB02,33,2046,0.3975439877845044
REGION1,PWRHYDB02,34,2046,0.3951336660458138
REGION1,PWRHYDB02,35,2046,0.3946843322926788
REGION1,PWRHYDB02,36,2046,0.3903265391394719
REGION1,PWRHYDB02,37,2046,0.3200049118997443
REGION1,PWRHYDB02,38,2046,0.3185697530499887
REGION1,PWRHYDB02,39,2046,0.3170628502905468
REGION1,PWRHYDB02,40,2046,0.3160205170961204
REGION1,PWRHYDB02,1,2047,0.1873933904771927
REGION1,PWRHYDB02,2,2047,0.1867333397749722
REGION1,PWRHYDB02,3,2047,0.191128241392884
REGION1,PWRHYDB02,4,2047,0.197014069954847
REGION1,PWRHYDB02,5,2047,0.6123325357152466
REGION1,PWRHYDB02,6,2047,0.6074124234177763
REGION1,PWRHYDB02,7,2047,0.7122202212124962
REGION1,PWRHYDB02,8,2047,0.7174493968084795
REGION1,PWRHYDB02,9,2047,0.7510492041789433
REGION1,PWRHYDB02,10,2047,0.7464671625685915
REGION1,PWRHYDB02,11,2047,0.7466124593268906
REGION1,PWRHYDB02,12,2047,0.7408172708301196
REGION1,PWRHYDB02,13,2047,0.4470527408798883
REGION1,PWRHYDB02,14,2047,0.4852416145721662
REGION1,PWRHYDB02,15,2047,0.4990993010421831
REGION1,PWRHYDB02,16,2047,0.4728754304371334
REGION1,PWRHYDB02,17,2047,0.5351260935530481
REGION1,PWRHYDB02,18,2047,0.5525989665167287
REGION1,PWRHYDB02,19,2047,0.5290945228819276
REGION1,PWRHYDB02,20,2047,0.4982848521055807
REGION1,PWRHYDB02,21,2047,0.6899425368118021
REGION1,PWRHYDB02,22,2047,0.6912114052407047
REGION1,PWRHYDB02,23,2047,0.687628193692586
REGION1,PWRHYDB02,24,2047,0.6826191949528625
REGION1,PWRHYDB02,25,2047,0.5951580411853533
REGION1,PWRHYDB02,26,2047,0.5630272762511961
REGION1,PWRHYDB02,27,2047,0.5534465004701059
REGION1,PWRHYDB02,28,2047,0.5392259090578354
REGION1,PWRHYDB02,29,2047,0.5082216163518658
REGION1,PWRHYDB02,30,2047,0.4834047644101396
REGION1,PWRHYDB02,31,2047,0.4751489366741502
REGION1,PWRHYDB02,32,2047,0.4763450394795395
REGION1,PWRHYDB02,33,2047,0.3975439877845044
REGION1,PWRHYDB02,34,2047,0.3951336660458138
REGION1,PWRHYDB02,35,2047,0.3946843322926788
REGION1,PWRHYDB02,36,2047,0.3903265391394719
REGION1,PWRHYDB02,37,2047,0.3200049118997443
REGION1,PWRHYDB02,38,2047,0.3185697530499887
REGION1,PWRHYDB02,39,2047,0.3170628502905468
REGION1,PWRHYDB02,40,2047,0.3160205170961204
REGION1,PWRHYDB02,1,2048,0.1873933904771927
REGION1,PWRHYDB02,2,2048,0.1867333397749722
REGION1,PWRHYDB02,3,2048,0.191128241392884
REGION1,PWRHYDB02,4,2048,0.197014069954847
REGION1,PWRHYDB02,5,2048,0.6123325357152466
REGION1,PWRHYDB02,6,2048,0.6074124234177763
REGION1,PWRHYDB02,7,2048,0.7122202212124962
REGION1,PWRHYDB02,8,2048,0.7174493968084795
REGION1,PWRHYDB02,9,2048,0.7510492041789433
REGION1,PWRHYDB02,10,2048,0.7464671625685915
REGION1,PWRHYDB02,11,2048,0.7466124593268906
REGION1,PWRHYDB02,12,2048,0.7408172708301196
REGION1,PWRHYDB02,13,2048,0.4470527408798883
REGION1,PWRHYDB02,14,2048,0.4852416145721662
REGION1,PWRHYDB02,15,2048,0.4990993010421831
REGION1,PWRHYDB02,16,2048,0.4728754304371334
REGION1,PWRHYDB02,17,2048,0.5351260935530481
REGION1,PWRHYDB02,18,2048,0.5525989665167287
REGION1,PWRHYDB02,19,2048,0.5290945228819276
REGION1,PWRHYDB02,20,2048,0.4982848521055807
REGION1,PWRHYDB02,21,2048,0.6899425368118021
REGION1,PWRHYDB02,22,2048,0.6912114052407047
REGION1,PWRHYDB02,23,2048,0.687628193692586
REGION1,PWRHYDB02,24,2048,0.6826191949528625
REGION1,PWRHYDB02,25,2048,0.5951580411853533
REGION1,PWRHYDB02,26,2048,0.5630272762511961
REGION1,PWRHYDB02,27,2048,0.5534465004701059
REGION1,PWRHYDB02,28,2048,0.5392259090578354
REGION1,PWRHYDB02,29,2048,0.5082216163518658
REGION1,PWRHYDB02,30,2048,0.4834047644101396
REGION1,PWRHYDB02,31,2048,0.4751489366741502
REGION1,PWRHYDB02,32,2048,0.4763450394795395
REGION1,PWRHYDB02,33,2048,0.3975439877845044
REGION1,PWRHYDB02,34,2048,0.3951336660458138
REGION1,PWRHYDB02,35,2048,0.3946843322926788
REGION1,PWRHYDB02,36,2048,0.3903265391394719
REGION1,PWRHYDB02,37,2048,0.3200049118997443
REGION1,PWRHYDB02,38,2048,0.3185697530499887
REGION1,PWRHYDB02,39,2048,0.3170628502905468
REGION1,PWRHYDB02,40,2048,0.3160205170961204
REGION1,PWRHYDB02,1,2049,0.1873933904771927
REGION1,PWRHYDB02,2,2049,0.1867333397749722
REGION1,PWRHYDB02,3,2049,0.191128241392884
REGION1,PWRHYDB02,4,2049,0.197014069954847
REGION1,PWRHYDB02,5,2049,0.6123325357152466
REGION1,PWRHYDB02,6,2049,0.6074124234177763
REGION1,PWRHYDB02,7,2049,0.7122202212124962
REGION1,PWRHYDB02,8,2049,0.7174493968084795
REGION1,PWRHYDB02,9,2049,0.7510492041789433
REGION1,PWRHYDB02,10,2049,0.7464671625685915
REGION1,PWRHYDB02,11,2049,0.7466124593268906
REGION1,PWRHYDB02,12,2049,0.7408172708301196
REGION1,PWRHYDB02,13,2049,0.4470527408798883
REGION1,PWRHYDB02,14,2049,0.4852416145721662
REGION1,PWRHYDB02,15,2049,0.4990993010421831
REGION1,PWRHYDB02,16,2049,0.4728754304371334
REGION1,PWRHYDB02,17,2049,0.5351260935530481
REGION1,PWRHYDB02,18,2049,0.5525989665167287
REGION1,PWRHYDB02,19,2049,0.5290945228819276
REGION1,PWRHYDB02,20,2049,0.4982848521055807
REGION1,PWRHYDB02,21,2049,0.6899425368118021
REGION1,PWRHYDB02,22,2049,0.6912114052407047
REGION1,PWRHYDB02,23,2049,0.687628193692586
REGION1,PWRHYDB02,24,2049,0.6826191949528625
REGION1,PWRHYDB02,25,2049,0.5951580411853533
REGION1,PWRHYDB02,26,2049,0.5630272762511961
REGION1,PWRHYDB02,27,2049,0.5534465004701059
REGION1,PWRHYDB02,28,2049,0.5392259090578354
REGION1,PWRHYDB02,29,2049,0.5082216163518658
REGION1,PWRHYDB02,30,2049,0.4834047644101396
REGION1,PWRHYDB02,31,2049,0.4751489366741502
REGION1,PWRHYDB02,32,2049,0.4763450394795395
REGION1,PWRHYDB02,33,2049,0.3975439877845044
REGION1,PWRHYDB02,34,2049,0.3951336660458138
REGION1,PWRHYDB02,35,2049,0.3946843322926788
REGION1,PWRHYDB02,36,2049,0.3903265391394719
REGION1,PWRHYDB02,37,2049,0.3200049118997443
REGION1,PWRHYDB02,38,2049,0.3185697530499887
REGION1,PWRHYDB02,39,2049,0.3170628502905468
REGION1,PWRHYDB02,40,2049,0.3160205170961204
REGION1,PWRHYDB02,1,2050,0.1873933904771927
REGION1,PWRHYDB02,2,2050,0.1867333397749722
REGION1,PWRHYDB02,3,2050,0.191128241392884
REGION1,PWRHYDB02,4,2050,0.197014069954847
REGION1,PWRHYDB02,5,2050,0.6123325357152466
REGION1,PWRHYDB02,6,2050,0.6074124234177763
REGION1,PWRHYDB02,7,2050,0.7122202212124962
REGION1,PWRHYDB02,8,2050,0.7174493968084795
REGION1,PWRHYDB02,9,2050,0.7510492041789433
REGION1,PWRHYDB02,10,2050,0.7464671625685915
REGION1,PWRHYDB02,11,2050,0.7466124593268906
REGION1,PWRHYDB02,12,2050,0.7408172708301196
REGION1,PWRHYDB02,13,2050,0.4470527408798883
REGION1,PWRHYDB02,14,2050,0.4852416145721662
REGION1,PWRHYDB02,15,2050,0.4990993010421831
REGION1,PWRHYDB02,16,2050,0.4728754304371334
REGION1,PWRHYDB02,17,2050,0.5351260935530481
REGION1,PWRHYDB02,18,2050,0.5525989665167287
REGION1,PWRHYDB02,19,2050,0.5290945228819276
REGION1,PWRHYDB02,20,2050,0.4982848521055807
REGION1,PWRHYDB02,21,2050,0.6899425368118021
REGION1,PWRHYDB02,22,2050,0.6912114052407047
REGION1,PWRHYDB02,23,2050,0.687628193692586
REGION1,PWRHYDB02,24,2050,0.6826191949528625
REGION1,PWRHYDB02,25,2050,0.5951580411853533
REGION1,PWRHYDB02,26,2050,0.5630272762511961
REGION1,PWRHYDB02,27,2050,0.5534465004701059
REGION1,PWRHYDB02,28,2050,0.5392259090578354
REGION1,PWRHYDB02,29,2050,0.5082216163518658
REGION1,PWRHYDB02,30,2050,0.4834047644101396
REGION1,PWRHYDB02,31,2050,0.4751489366741502
REGION1,PWRHYDB02,32,2050,0.4763450394795395
REGION1,PWRHYDB02,33,2050,0.3975439877845044
REGION1,PWRHYDB02,34,2050,0.3951336660458138
REGION1,PWRHYDB02,35,2050,0.3946843322926788
REGION1,PWRHYDB02,36,2050,0.3903265391394719
REGION1,PWRHYDB02,37,2050,0.3200049118997443
REGION1,PWRHYDB02,38,2050,0.3185697530499887
REGION1,PWRHYDB02,39,2050,0.3170628502905468
REGION1,PWRHYDB02,40,2050,0.3160205170961204
REGION1,PWRSOLB01,1,2020,0.1098618947207962
REGION1,PWRSOLB01,2,2020,0.0
REGION1,PWRSOLB01,3,2020,0.132808627656527
REGION1,PWRSOLB01,4,2020,0.7370080558794477
REGION1,PWRSOLB01,5,2020,0.1105780312100122
REGION1,PWRSOLB01,6,2020,0.0
REGION1,PWRSOLB01,7,2020,0.1206497719254465
REGION1,PWRSOLB01,8,2020,0.655973984515502
REGION1,PWRSOLB01,9,2020,0.0983814456950321
REGION1,PWRSOLB01,10,2020,0.0
REGION1,PWRSOLB01,11,2020,0.1927668179941574
REGION1,PWRSOLB01,12,2020,0.4690172180188646
REGION1,PWRSOLB01,13,2020,0.1688311790744237
REGION1,PWRSOLB01,14,2020,0.0
REGION1,PWRSOLB01,15,2020,0.2133292761543317
REGION1,PWRSOLB01,16,2020,0.7728304275194239
REGION1,PWRSOLB01,17,2020,0.1063918601549305
REGION1,PWRSOLB01,18,2020,0.0
REGION1,PWRSOLB01,19,2020,0.1405402668024731
REGION1,PWRSOLB01,20,2020,0.603674758189977
REGION1,PWRSOLB01,21,2020,0.0424870612004149
REGION1,PWRSOLB01,22,2020,0.0
REGION1,PWRSOLB01,23,2020,0.1248918083179542
REGION1,PWRSOLB01,24,2020,0.6928078299417241
REGION1,PWRSOLB01,25,2020,0.0164025686833637
REGION1,PWRSOLB01,26,2020,0.0
REGION1,PWRSOLB01,27,2020,0.0822021343071347
REGION1,PWRSOLB01,28,2020,0.5424849181889096
REGION1,PWRSOLB01,29,2020,0.0
REGION1,PWRSOLB01,30,2020,0.0
REGION1,PWRSOLB01,31,2020,0.0263980534793374
REGION1,PWRSOLB01,32,2020,0.3677193672871379
REGION1,PWRSOLB01,33,2020,0.0
REGION1,PWRSOLB01,34,2020,0.0
REGION1,PWRSOLB01,35,2020,0.0062093682549189
REGION1,PWRSOLB01,36,2020,0.4101252097072546
REGION1,PWRSOLB01,37,2020,0.0015830504046393
REGION1,PWRSOLB01,38,2020,0.0
REGION1,PWRSOLB01,39,2020,0.0061742552437928
REGION1,PWRSOLB01,40,2020,0.1085779269026008
REGION1,PWRSOLB01,1,2021,0.1098618947207962
REGION1,PWRSOLB01,2,2021,0.0
REGION1,PWRSOLB01,3,2021,0.132808627656527
REGION1,PWRSOLB01,4,2021,0.7370080558794477
REGION1,PWRSOLB01,5,2021,0.1105780312100122
REGION1,PWRSOLB01,6,2021,0.0
REGION1,PWRSOLB01,7,2021,0.1206497719254465
REGION1,PWRSOLB01,8,2021,0.655973984515502
REGION1,PWRSOLB01,9,2021,0.0983814456950321
REGION1,PWRSOLB01,10,2021,0.0
REGION1,PWRSOLB01,11,2021,0.1927668179941574
REGION1,PWRSOLB01,12,2021,0.4690172180188646
REGION1,PWRSOLB01,13,2021,0.1688311790744237
REGION1,PWRSOLB01,14,2021,0.0
REGION1,PWRSOLB01,15,2021,0.2133292761543317
REGION1,PWRSOLB01,16,2021,0.7728304275194239
REGION1,PWRSOLB01,17,2021,0.1063918601549305
REGION1,PWRSOLB01,18,2021,0.0
REGION1,PWRSOLB01,19,2021,0.1405402668024731
REGION1,PWRSOLB01,20,2021,0.603674758189977
REGION1,PWRSOLB01,21,2021,0.0424870612004149
REGION1,PWRSOLB01,22,2021,0.0
REGION1,PWRSOLB01,23,2021,0.1248918083179542
REGION1,PWRSOLB01,24,2021,0.6928078299417241
REGION1,PWRSOLB01,25,2021,0.0164025686833637
REGION1,PWRSOLB01,26,2021,0.0
REGION1,PWRSOLB01,27,2021,0.0822021343071347
REGION1,PWRSOLB01,28,2021,0.5424849181889096
REGION1,PWRSOLB01,29,2021,0.0
REGION1,PWRSOLB01,30,2021,0.0
REGION1,PWRSOLB01,31,2021,0.0263980534793374
REGION1,PWRSOLB01,32,2021,0.3677193672871379
REGION1,PWRSOLB01,33,2021,0.0
REGION1,PWRSOLB01,34,2021,0.0
REGION1,PWRSOLB01,35,2021,0.0062093682549189
REGION1,PWRSOLB01,36,2021,0.4101252097072546
REGION1,PWRSOLB01,37,2021,0.0015830504046393
REGION1,PWRSOLB01,38,2021,0.0
REGION1,PWRSOLB01,39,2021,0.0061742552437928
REGION1,PWRSOLB01,40,2021,0.1085779269026008
REGION1,PWRSOLB01,1,2022,0.1098618947207962
REGION1,PWRSOLB01,2,2022,0.0
REGION1,PWRSOLB01,3,2022,0.132808627656527
REGION1,PWRSOLB01,4,2022,0.7370080558794477
REGION1,PWRSOLB01,5,2022,0.1105780312100122
REGION1,PWRSOLB01,6,2022,0.0
REGION1,PWRSOLB01,7,2022,0.1206497719254465
REGION1,PWRSOLB01,8,2022,0.655973984515502
REGION1,PWRSOLB01,9,2022,0.0983814456950321
REGION1,PWRSOLB01,10,2022,0.0
REGION1,PWRSOLB01,11,2022,0.1927668179941574
REGION1,PWRSOLB01,12,2022,0.4690172180188646
REGION1,PWRSOLB01,13,2022,0.1688311790744237
REGION1,PWRSOLB01,14,2022,0.0
REGION1,PWRSOLB01,15,2022,0.2133292761543317
REGION1,PWRSOLB01,16,2022,0.7728304275194239
REGION1,PWRSOLB01,17,2022,0.1063918601549305
REGION1,PWRSOLB01,18,2022,0.0
REGION1,PWRSOLB01,19,2022,0.1405402668024731
REGION1,PWRSOLB01,20,2022,0.603674758189977
REGION1,PWRSOLB01,21,2022,0.0424870612004149
REGION1,PWRSOLB01,22,2022,0.0
REGION1,PWRSOLB01,23,2022,0.1248918083179542
REGION1,PWRSOLB01,24,2022,0.6928078299417241
REGION1,PWRSOLB01,25,2022,0.0164025686833637
REGION1,PWRSOLB01,26,2022,0.0
REGION1,PWRSOLB01,27,2022,0.0822021343071347
REGION1,PWRSOLB01,28,2022,0.5424849181889096
REGION1,PWRSOLB01,29,2022,0.0
REGION1,PWRSOLB01,30,2022,0.0
REGION1,PWRSOLB01,31,2022,0.0263980534793374
REGION1,PWRSOLB01,32,2022,0.3677193672871379
REGION1,PWRSOLB01,33,2022,0.0
REGION1,PWRSOLB01,34,2022,0.0
REGION1,PWRSOLB01,35,2022,0.0062093682549189
REGION1,PWRSOLB01,36,2022,0.4101252097072546
REGION1,PWRSOLB01,37,2022,0.0015830504046393
REGION1,PWRSOLB01,38,2022,0.0
REGION1,PWRSOLB01,39,2022,0.0061742552437928
REGION1,PWRSOLB01,40,2022,0.1085779269026008
REGION1,PWRSOLB01,1,2023,0.1098618947207962
REGION1,PWRSOLB01,2,2023,0.0
REGION1,PWRSOLB01,3,2023,0.132808627656527
REGION1,PWRSOLB01,4,2023,0.7370080558794477
REGION1,PWRSOLB01,5,2023,0.1105780312100122
REGION1,PWRSOLB01,6,2023,0.0
REGION1,PWRSOLB01,7,2023,0.1206497719254465
REGION1,PWRSOLB01,8,2023,0.655973984515502
REGION1,PWRSOLB01,9,2023,0.0983814456950321
REGION1,PWRSOLB01,10,2023,0.0
REGION1,PWRSOLB01,11,2023,0.1927668179941574
REGION1,PWRSOLB01,12,2023,0.4690172180188646
REGION1,PWRSOLB01,13,2023,0.1688311790744237
REGION1,PWRSOLB01,14,2023,0.0
REGION1,PWRSOLB01,15,2023,0.2133292761543317
REGION1,PWRSOLB01,16,2023,0.7728304275194239
REGION1,PWRSOLB01,17,2023,0.1063918601549305
REGION1,PWRSOLB01,18,2023,0.0
REGION1,PWRSOLB01,19,2023,0.1405402668024731
REGION1,PWRSOLB01,20,2023,0.603674758189977
REGION1,PWRSOLB01,21,2023,0.0424870612004149
REGION1,PWRSOLB01,22,2023,0.0
REGION1,PWRSOLB01,23,2023,0.1248918083179542
REGION1,PWRSOLB01,24,2023,0.6928078299417241
REGION1,PWRSOLB01,25,2023,0.0164025686833637
REGION1,PWRSOLB01,26,2023,0.0
REGION1,PWRSOLB01,27,2023,0.0822021343071347
REGION1,PWRSOLB01,28,2023,0.5424849181889096
REGION1,PWRSOLB01,29,2023,0.0
REGION1,PWRSOLB01,30,2023,0.0
REGION1,PWRSOLB01,31,2023,0.0263980534793374
REGION1,PWRSOLB01,32,2023,0.3677193672871379
REGION1,PWRSOLB01,33,2023,0.0
REGION1,PWRSOLB01,34,2023,0.0
REGION1,PWRSOLB01,35,2023,0.0062093682549189
REGION1,PWRSOLB01,36,2023,0.4101252097072546
REGION1,PWRSOLB01,37,2023,0.0015830504046393
REGION1,PWRSOLB01,38,2023,0.0
REGION1,PWRSOLB01,39,2023,0.0061742552437928
REGION1,PWRSOLB01,40,2023,0.1085779269026008
REGION1,PWRSOLB01,1,2024,0.1098618947207962
REGION1,PWRSOLB01,2,2024,0.0
REGION1,PWRSOLB01,3,2024,0.132808627656527
REGION1,PWRSOLB01,4,2024,0.7370080558794477
REGION1,PWRSOLB01,5,2024,0.1105780312100122
REGION1,PWRSOLB01,6,2024,0.0
REGION1,PWRSOLB01,7,2024,0.1206497719254465
REGION1,PWRSOLB01,8,2024,0.655973984515502
REGION1,PWRSOLB01,9,2024,0.0983814456950321
REGION1,PWRSOLB01,10,2024,0.0
REGION1,PWRSOLB01,11,2024,0.1927668179941574
REGION1,PWRSOLB01,12,2024,0.4690172180188646
REGION1,PWRSOLB01,13,2024,0.1688311790744237
REGION1,PWRSOLB01,14,2024,0.0
REGION1,PWRSOLB01,15,2024,0.2133292761543317
REGION1,PWRSOLB01,16,2024,0.7728304275194239
REGION1,PWRSOLB01,17,2024,0.1063918601549305
REGION1,PWRSOLB01,18,2024,0.0
REGION1,PWRSOLB01,19,2024,0.1405402668024731
REGION1,PWRSOLB01,20,2024,0.603674758189977
REGION1,PWRSOLB01,21,2024,0.0424870612004149
REGION1,PWRSOLB01,22,2024,0.0
REGION1,PWRSOLB01,23,2024,0.1248918083179542
REGION1,PWRSOLB01,24,2024,0.6928078299417241
REGION1,PWRSOLB01,25,2024,0.0164025686833637
REGION1,PWRSOLB01,26,2024,0.0
REGION1,PWRSOLB01,27,2024,0.0822021343071347
REGION1,PWRSOLB01,28,2024,0.5424849181889096
REGION1,PWRSOLB01,29,2024,0.0
REGION1,PWRSOLB01,30,2024,0.0
REGION1,PWRSOLB01,31,2024,0.0263980534793374
REGION1,PWRSOLB01,32,2024,0.3677193672871379
REGION1,PWRSOLB01,33,2024,0.0
REGION1,PWRSOLB01,34,2024,0.0
REGION1,PWRSOLB01,35,2024,0.0062093682549189
REGION1,PWRSOLB01,36,2024,0.4101252097072546
REGION1,PWRSOLB01,37,2024,0.0015830504046393
REGION1,PWRSOLB01,38,2024,0.0
REGION1,PWRSOLB01,39,2024,0.0061742552437928
REGION1,PWRSOLB01,40,2024,0.1085779269026008
REGION1,PWRSOLB01,1,2025,0.1098618947207962
REGION1,PWRSOLB01,2,2025,0.0
REGION1,PWRSOLB01,3,2025,0.132808627656527
REGION1,PWRSOLB01,4,2025,0.7370080558794477
REGION1,PWRSOLB01,5,2025,0.1105780312100122
REGION1,PWRSOLB01,6,2025,0.0
REGION1,PWRSOLB01,7,2025,0.1206497719254465
REGION1,PWRSOLB01,8,2025,0.655973984515502
REGION1,PWRSOLB01,9,2025,0.0983814456950321
REGION1,PWRSOLB01,10,2025,0.0
REGION1,PWRSOLB01,11,2025,0.1927668179941574
REGION1,PWRSOLB01,12,2025,0.4690172180188646
REGION1,PWRSOLB01,13,2025,0.1688311790744237
REGION1,PWRSOLB01,14,2025,0.0
REGION1,PWRSOLB01,15,2025,0.2133292761543317
REGION1,PWRSOLB01,16,2025,0.7728304275194239
REGION1,PWRSOLB01,17,2025,0.1063918601549305
REGION1,PWRSOLB01,18,2025,0.0
REGION1,PWRSOLB01,19,2025,0.1405402668024731
REGION1,PWRSOLB01,20,2025,0.603674758189977
REGION1,PWRSOLB01,21,2025,0.0424870612004149
REGION1,PWRSOLB01,22,2025,0.0
REGION1,PWRSOLB01,23,2025,0.1248918083179542
REGION1,PWRSOLB01,24,2025,0.6928078299417241
REGION1,PWRSOLB01,25,2025,0.0164025686833637
REGION1,PWRSOLB01,26,2025,0.0
REGION1,PWRSOLB01,27,2025,0.0822021343071347
REGION1,PWRSOLB01,28,2025,0.5424849181889096
REGION1,PWRSOLB01,29,2025,0.0
REGION1,PWRSOLB01,30,2025,0.0
REGION1,PWRSOLB01,31,2025,0.0263980534793374
REGION1,PWRSOLB01,32,2025,0.3677193672871379
REGION1,PWRSOLB01,33,2025,0.0
REGION1,PWRSOLB01,34,2025,0.0
REGION1,PWRSOLB01,35,2025,0.0062093682549189
REGION1,PWRSOLB01,36,2025,0.4101252097072546
REGION1,PWRSOLB01,37,2025,0.0015830504046393
REGION1,PWRSOLB01,38,2025,0.0
REGION1,PWRSOLB01,39,2025,0.0061742552437928
REGION1,PWRSOLB01,40,2025,0.1085779269026008
REGION1,PWRSOLB01,1,2026,0.1098618947207962
REGION1,PWRSOLB01,2,2026,0.0
REGION1,PWRSOLB01,3,2026,0.132808627656527
REGION1,PWRSOLB01,4,2026,0.7370080558794477
REGION1,PWRSOLB01,5,2026,0.1105780312100122
REGION1,PWRSOLB01,6,2026,0.0
REGION1,PWRSOLB01,7,2026,0.1206497719254465
REGION1,PWRSOLB01,8,2026,0.655973984515502
REGION1,PWRSOLB01,9,2026,0.0983814456950321
REGION1,PWRSOLB01,10,2026,0.0
REGION1,PWRSOLB01,11,2026,0.1927668179941574
REGION1,PWRSOLB01,12,2026,0.4690172180188646
REGION1,PWRSOLB01,13,2026,0.1688311790744237
REGION1,PWRSOLB01,14,2026,0.0
REGION1,PWRSOLB01,15,2026,0.2133292761543317
REGION1,PWRSOLB01,16,2026,0.7728304275194239
REGION1,PWRSOLB01,17,2026,0.1063918601549305
REGION1,PWRSOLB01,18,2026,0.0
REGION1,PWRSOLB01,19,2026,0.1405402668024731
REGION1,PWRSOLB01,20,2026,0.603674758189977
REGION1,PWRSOLB01,21,2026,0.0424870612004149
REGION1,PWRSOLB01,22,2026,0.0
REGION1,PWRSOLB01,23,2026,0.1248918083179542
REGION1,PWRSOLB01,24,2026,0.6928078299417241
REGION1,PWRSOLB01,25,2026,0.0164025686833637
REGION1,PWRSOLB01,26,2026,0.0
REGION1,PWRSOLB01,27,2026,0.0822021343071347
REGION1,PWRSOLB01,28,2026,0.5424849181889096
REGION1,PWRSOLB01,29,2026,0.0
REGION1,PWRSOLB01,30,2026,0.0
REGION1,PWRSOLB01,31,2026,0.0263980534793374
REGION1,PWRSOLB01,32,2026,0.3677193672871379
REGION1,PWRSOLB01,33,2026,0.0
REGION1,PWRSOLB01,34,2026,0.0
REGION1,PWRSOLB01,35,2026,0.0062093682549189
REGION1,PWRSOLB01,36,2026,0.4101252097072546
REGION1,PWRSOLB01,37,2026,0.0015830504046393
REGION1,PWRSOLB01,38,2026,0.0
REGION1,PWRSOLB01,39,2026,0.0061742552437928
REGION1,PWRSOLB01,40,2026,0.1085779269026008
REGION1,PWRSOLB01,1,2027,0.1098618947207962
REGION1,PWRSOLB01,2,2027,0.0
REGION1,PWRSOLB01,3,2027,0.132808627656527
REGION1,PWRSOLB01,4,2027,0.7370080558794477
REGION1,PWRSOLB01,5,2027,0.1105780312100122
REGION1,PWRSOLB01,6,2027,0.0
REGION1,PWRSOLB01,7,2027,0.1206497719254465
REGION1,PWRSOLB01,8,2027,0.655973984515502
REGION1,PWRSOLB01,9,2027,0.0983814456950321
REGION1,PWRSOLB01,10,2027,0.0
REGION1,PWRSOLB01,11,2027,0.1927668179941574
REGION1,PWRSOLB01,12,2027,0.4690172180188646
REGION1,PWRSOLB01,13,2027,0.1688311790744237
REGION1,PWRSOLB01,14,2027,0.0
REGION1,PWRSOLB01,15,2027,0.2133292761543317
REGION1,PWRSOLB01,16,2027,0.7728304275194239
REGION1,PWRSOLB01,17,2027,0.1063918601549305
REGION1,PWRSOLB01,18,2027,0.0
REGION1,PWRSOLB01,19,2027,0.1405402668024731
REGION1,PWRSOLB01,20,2027,0.603674758189977
REGION1,PWRSOLB01,21,2027,0.0424870612004149
REGION1,PWRSOLB01,22,2027,0.0
REGION1,PWRSOLB01,23,2027,0.1248918083179542
REGION1,PWRSOLB01,24,2027,0.6928078299417241
REGION1,PWRSOLB01,25,2027,0.0164025686833637
REGION1,PWRSOLB01,26,2027,0.0
REGION1,PWRSOLB01,27,2027,0.0822021343071347
REGION1,PWRSOLB01,28,2027,0.5424849181889096
REGION1,PWRSOLB01,29,2027,0.0
REGION1,PWRSOLB01,30,2027,0.0
REGION1,PWRSOLB01,31,2027,0.0263980534793374
REGION1,PWRSOLB01,32,2027,0.3677193672871379
REGION1,PWRSOLB01,33,2027,0.0
REGION1,PWRSOLB01,34,2027,0.0
REGION1,PWRSOLB01,35,2027,0.0062093682549189
REGION1,PWRSOLB01,36,2027,0.4101252097072546
REGION1,PWRSOLB01,37,2027,0.0015830504046393
REGION1,PWRSOLB01,38,2027,0.0
REGION1,PWRSOLB01,39,2027,0.0061742552437928
REGION1,PWRSOLB01,40,2027,0.1085779269026008
REGION1,PWRSOLB01,1,2028,0.1098618947207962
REGION1,PWRSOLB01,2,2028,0.0
REGION1,PWRSOLB01,3,2028,0.132808627656527
REGION1,PWRSOLB01,4,2028,0.7370080558794477
REGION1,PWRSOLB01,5,2028,0.1105780312100122
REGION1,PWRSOLB01,6,2028,0.0
REGION1,PWRSOLB01,7,2028,0.1206497719254465
REGION1,PWRSOLB01,8,2028,0.655973984515502
REGION1,PWRSOLB01,9,2028,0.0983814456950321
REGION1,PWRSOLB01,10,2028,0.0
REGION1,PWRSOLB01,11,2028,0.1927668179941574
REGION1,PWRSOLB01,12,2028,0.4690172180188646
REGION1,PWRSOLB01,13,2028,0.1688311790744237
REGION1,PWRSOLB01,14,2028,0.0
REGION1,PWRSOLB01,15,2028,0.2133292761543317
REGION1,PWRSOLB01,16,2028,0.7728304275194239
REGION1,PWRSOLB01,17,2028,0.1063918601549305
REGION1,PWRSOLB01,18,2028,0.0
REGION1,PWRSOLB01,19,2028,0.1405402668024731
REGION1,PWRSOLB01,20,2028,0.603674758189977
REGION1,PWRSOLB01,21,2028,0.0424870612004149
REGION1,PWRSOLB01,22,2028,0.0
REGION1,PWRSOLB01,23,2028,0.1248918083179542
REGION1,PWRSOLB01,24,2028,0.6928078299417241
REGION1,PWRSOLB01,25,2028,0.0164025686833637
REGION1,PWRSOLB01,26,2028,0.0
REGION1,PWRSOLB01,27,2028,0.0822021343071347
REGION1,PWRSOLB01,28,2028,0.5424849181889096
REGION1,PWRSOLB01,29,2028,0.0
REGION1,PWRSOLB01,30,2028,0.0
REGION1,PWRSOLB01,31,2028,0.0263980534793374
REGION1,PWRSOLB01,32,2028,0.3677193672871379
REGION1,PWRSOLB01,33,2028,0.0
REGION1,PWRSOLB01,34,2028,0.0
REGION1,PWRSOLB01,35,2028,0.0062093682549189
REGION1,PWRSOLB01,36,2028,0.4101252097072546
REGION1,PWRSOLB01,37,2028,0.0015830504046393
REGION1,PWRSOLB01,38,2028,0.0
REGION1,PWRSOLB01,39,2028,0.0061742552437928
REGION1,PWRSOLB01,40,2028,0.1085779269026008
REGION1,PWRSOLB01,1,2029,0.1098618947207962
REGION1,PWRSOLB01,2,2029,0.0
REGION1,PWRSOLB01,3,2029,0.132808627656527
REGION1,PWRSOLB01,4,2029,0.7370080558794477
REGION1,PWRSOLB01,5,2029,0.1105780312100122
REGION1,PWRSOLB01,6,2029,0.0
REGION1,PWRSOLB01,7,2029,0.1206497719254465
REGION1,PWRSOLB01,8,2029,0.655973984515502
REGION1,PWRSOLB01,9,2029,0.0983814456950321
REGION1,PWRSOLB01,10,2029,0.0
REGION1,PWRSOLB01,11,2029,0.1927668179941574
REGION1,PWRSOLB01,12,2029,0.4690172180188646
REGION1,PWRSOLB01,13,2029,0.1688311790744237
REGION1,PWRSOLB01,14,2029,0.0
REGION1,PWRSOLB01,15,2029,0.2133292761543317
REGION1,PWRSOLB01,16,2029,0.7728304275194239
REGION1,PWRSOLB01,17,2029,0.1063918601549305
REGION1,PWRSOLB01,18,2029,0.0
REGION1,PWRSOLB01,19,2029,0.1405402668024731
REGION1,PWRSOLB01,20,2029,0.603674758189977
REGION1,PWRSOLB01,21,2029,0.0424870612004149
REGION1,PWRSOLB01,22,2029,0.0
REGION1,PWRSOLB01,23,2029,0.1248918083179542
REGION1,PWRSOLB01,24,2029,0.6928078299417241
REGION1,PWRSOLB01,25,2029,0.0164025686833637
REGION1,PWRSOLB01,26,2029,0.0
REGION1,PWRSOLB01,27,2029,0.0822021343071347
REGION1,PWRSOLB01,28,2029,0.5424849181889096
REGION1,PWRSOLB01,29,2029,0.0
REGION1,PWRSOLB01,30,2029,0.0
REGION1,PWRSOLB01,31,2029,0.0263980534793374
REGION1,PWRSOLB01,32,2029,0.3677193672871379
REGION1,PWRSOLB01,33,2029,0.0
REGION1,PWRSOLB01,34,2029,0.0
REGION1,PWRSOLB01,35,2029,0.0062093682549189
REGION1,PWRSOLB01,36,2029,0.4101252097072546
REGION1,PWRSOLB01,37,2029,0.0015830504046393
REGION1,PWRSOLB01,38,2029,0.0
REGION1,PWRSOLB01,39,2029,0.0061742552437928
REGION1,PWRSOLB01,40,2029,0.1085779269026008
REGION1,PWRSOLB01,1,2030,0.1098618947207962
REGION1,PWRSOLB01,2,2030,0.0
REGION1,PWRSOLB01,3,2030,0.132808627656527
REGION1,PWRSOLB01,4,2030,0.7370080558794477
REGION1,PWRSOLB01,5,2030,0.1105780312100122
REGION1,PWRSOLB01,6,2030,0.0
REGION1,PWRSOLB01,7,2030,0.1206497719254465
REGION1,PWRSOLB01,8,2030,0.655973984515502
REGION1,PWRSOLB01,9,2030,0.0983814456950321
REGION1,PWRSOLB01,10,2030,0.0
REGION1,PWRSOLB01,11,2030,0.1927668179941574
REGION1,PWRSOLB01,12,2030,0.4690172180188646
REGION1,PWRSOLB01,13,2030,0.1688311790744237
REGION1,PWRSOLB01,14,2030,0.0
REGION1,PWRSOLB01,15,2030,0.2133292761543317
REGION1,PWRSOLB01,16,2030,0.7728304275194239
REGION1,PWRSOLB01,17,2030,0.1063918601549305
REGION1,PWRSOLB01,18,2030,0.0
REGION1,PWRSOLB01,19,2030,0.1405402668024731
REGION1,PWRSOLB01,20,2030,0.603674758189977
REGION1,PWRSOLB01,21,2030,0.0424870612004149
REGION1,PWRSOLB01,22,2030,0.0
REGION1,PWRSOLB01,23,2030,0.1248918083179542
REGION1,PWRSOLB01,24,2030,0.6928078299417241
REGION1,PWRSOLB01,25,2030,0.0164025686833637
REGION1,PWRSOLB01,26,2030,0.0
REGION1,PWRSOLB01,27,2030,0.0822021343071347
REGION1,PWRSOLB01,28,2030,0.5424849181889096
REGION1,PWRSOLB01,29,2030,0.0
REGION1,PWRSOLB01,30,2030,0.0
REGION1,PWRSOLB01,31,2030,0.0263980534793374
REGION1,PWRSOLB01,32,2030,0.3677193672871379
REGION1,PWRSOLB01,33,2030,0.0
REGION1,PWRSOLB01,34,2030,0.0
REGION1,PWRSOLB01,35,2030,0.0062093682549189
REGION1,PWRSOLB01,36,2030,0.4101252097072546
REGION1,PWRSOLB01,37,2030,0.0015830504046393
REGION1,PWRSOLB01,38,2030,0.0
REGION1,PWRSOLB01,39,2030,0.0061742552437928
REGION1,PWRSOLB01,40,2030,0.1085779269026008
REGION1,PWRSOLB01,1,2031,0.1098618947207962
REGION1,PWRSOLB01,2,2031,0.0
REGION1,PWRSOLB01,3,2031,0.132808627656527
REGION1,PWRSOLB01,4,2031,0.7370080558794477
REGION1,PWRSOLB01,5,2031,0.1105780312100122
REGION1,PWRSOLB01,6,2031,0.0
REGION1,PWRSOLB01,7,2031,0.1206497719254465
REGION1,PWRSOLB01,8,2031,0.655973984515502
REGION1,PWRSOLB01,9,2031,0.0983814456950321
REGION1,PWRSOLB01,10,2031,0.0
REGION1,PWRSOLB01,11,2031,0.1927668179941574
REGION1,PWRSOLB01,12,2031,0.4690172180188646
REGION1,PWRSOLB01,13,2031,0.1688311790744237
REGION1,PWRSOLB01,14,2031,0.0
REGION1,PWRSOLB01,15,2031,0.2133292761543317
REGION1,PWRSOLB01,16,2031,0.7728304275194239
REGION1,PWRSOLB01,17,2031,0.1063918601549305
REGION1,PWRSOLB01,18,2031,0.0
REGION1,PWRSOLB01,19,2031,0.1405402668024731
REGION1,PWRSOLB01,20,2031,0.603674758189977
REGION1,PWRSOLB01,21,2031,0.0424870612004149
REGION1,PWRSOLB01,22,2031,0.0
REGION1,PWRSOLB01,23,2031,0.1248918083179542
REGION1,PWRSOLB01,24,2031,0.6928078299417241
REGION1,PWRSOLB01,25,2031,0.0164025686833637
REGION1,PWRSOLB01,26,2031,0.0
REGION1,PWRSOLB01,27,2031,0.0822021343071347
REGION1,PWRSOLB01,28,2031,0.5424849181889096
REGION1,PWRSOLB01,29,2031,0.0
REGION1,PWRSOLB01,30,2031,0.0
REGION1,PWRSOLB01,31,2031,0.0263980534793374
REGION1,PWRSOLB01,32,2031,0.3677193672871379
REGION1,PWRSOLB01,33,2031,0.0
REGION1,PWRSOLB01,34,2031,0.0
REGION1,PWRSOLB01,35,2031,0.0062093682549189
REGION1,PWRSOLB01,36,2031,0.4101252097072546
REGION1,PWRSOLB01,37,2031,0.0015830504046393
REGION1,PWRSOLB01,38,2031,0.0
REGION1,PWRSOLB01,39,2031,0.0061742552437928
REGION1,PWRSOLB01,40,2031,0.1085779269026008
REGION1,PWRSOLB01,1,2032,0.1098618947207962
REGION1,PWRSOLB01,2,2032,0.0
REGION1,PWRSOLB01,3,2032,0.132808627656527
REGION1,PWRSOLB01,4,2032,0.7370080558794477
REGION1,PWRSOLB01,5,2032,0.1105780312100122
REGION1,PWRSOLB01,6,2032,0.0
REGION1,PWRSOLB01,7,2032,0.1206497719254465
REGION1,PWRSOLB01,8,2032,0.655973984515502
REGION1,PWRSOLB01,9,2032,0.0983814456950321
REGION1,PWRSOLB01,10,2032,0.0
REGION1,PWRSOLB01,11,2032,0.1927668179941574
REGION1,PWRSOLB01,12,2032,0.4690172180188646
REGION1,PWRSOLB01,13,2032,0.1688311790744237
REGION1,PWRSOLB01,14,2032,0.0
REGION1,PWRSOLB01,15,2032,0.2133292761543317
REGION1,PWRSOLB01,16,2032,0.7728304275194239
REGION1,PWRSOLB01,17,2032,0.1063918601549305
REGION1,PWRSOLB01,18,2032,0.0
REGION1,PWRSOLB01,19,2032,0.1405402668024731
REGION1,PWRSOLB01,20,2032,0.603674758189977
REGION1,PWRSOLB01,21,2032,0.0424870612004149
REGION1,PWRSOLB01,22,2032,0.0
REGION1,PWRSOLB01,23,2032,0.1248918083179542
REGION1,PWRSOLB01,24,2032,0.6928078299417241
REGION1,PWRSOLB01,25,2032,0.0164025686833637
REGION1,PWRSOLB01,26,2032,0.0
REGION1,PWRSOLB01,27,2032,0.0822021343071347
REGION1,PWRSOLB01,28,2032,0.5424849181889096
REGION1,PWRSOLB01,29,2032,0.0
REGION1,PWRSOLB01,30,2032,0.0
REGION1,PWRSOLB01,31,2032,0.0263980534793374
REGION1,PWRSOLB01,32,2032,0.3677193672871379
REGION1,PWRSOLB01,33,2032,0.0
REGION1,PWRSOLB01,34,2032,0.0
REGION1,PWRSOLB01,35,2032,0.0062093682549189
REGION1,PWRSOLB01,36,2032,0.4101252097072546
REGION1,PWRSOLB01,37,2032,0.0015830504046393
REGION1,PWRSOLB01,38,2032,0.0
REGION1,PWRSOLB01,39,2032,0.0061742552437928
REGION1,PWRSOLB01,40,2032,0.1085779269026008
REGION1,PWRSOLB01,1,2033,0.1098618947207962
REGION1,PWRSOLB01,2,2033,0.0
REGION1,PWRSOLB01,3,2033,0.132808627656527
REGION1,PWRSOLB01,4,2033,0.7370080558794477
REGION1,PWRSOLB01,5,2033,0.1105780312100122
REGION1,PWRSOLB01,6,2033,0.0
REGION1,PWRSOLB01,7,2033,0.1206497719254465
REGION1,PWRSOLB01,8,2033,0.655973984515502
REGION1,PWRSOLB01,9,2033,0.0983814456950321
REGION1,PWRSOLB01,10,2033,0.0
REGION1,PWRSOLB01,11,2033,0.1927668179941574
REGION1,PWRSOLB01,12,2033,0.4690172180188646
REGION1,PWRSOLB01,13,2033,0.1688311790744237
REGION1,PWRSOLB01,14,2033,0.0
REGION1,PWRSOLB01,15,2033,0.2133292761543317
REGION1,PWRSOLB01,16,2033,0.7728304275194239
REGION1,PWRSOLB01,17,2033,0.1063918601549305
REGION1,PWRSOLB01,18,2033,0.0
REGION1,PWRSOLB01,19,2033,0.1405402668024731
REGION1,PWRSOLB01,20,2033,0.603674758189977
REGION1,PWRSOLB01,21,2033,0.0424870612004149
REGION1,PWRSOLB01,22,2033,0.0
REGION1,PWRSOLB01,23,2033,0.1248918083179542
REGION1,PWRSOLB01,24,2033,0.6928078299417241
REGION1,PWRSOLB01,25,2033,0.0164025686833637
REGION1,PWRSOLB01,26,2033,0.0
REGION1,PWRSOLB01,27,2033,0.0822021343071347
REGION1,PWRSOLB01,28,2033,0.5424849181889096
REGION1,PWRSOLB01,29,2033,0.0
REGION1,PWRSOLB01,30,2033,0.0
REGION1,PWRSOLB01,31,2033,0.0263980534793374
REGION1,PWRSOLB01,32,2033,0.3677193672871379
REGION1,PWRSOLB01,33,2033,0.0
REGION1,PWRSOLB01,34,2033,0.0
REGION1,PWRSOLB01,35,2033,0.0062093682549189
REGION1,PWRSOLB01,36,2033,0.4101252097072546
REGION1,PWRSOLB01,37,2033,0.0015830504046393
REGION1,PWRSOLB01,38,2033,0.0
REGION1,PWRSOLB01,39,2033,0.0061742552437928
REGION1,PWRSOLB01,40,2033,0.1085779269026008
REGION1,PWRSOLB01,1,2034,0.1098618947207962
REGION1,PWRSOLB01,2,2034,0.0
REGION1,PWRSOLB01,3,2034,0.132808627656527
REGION1,PWRSOLB01,4,2034,0.7370080558794477
REGION1,PWRSOLB01,5,2034,0.1105780312100122
REGION1,PWRSOLB01,6,2034,0.0
REGION1,PWRSOLB01,7,2034,0.1206497719254465
REGION1,PWRSOLB01,8,2034,0.655973984515502
REGION1,PWRSOLB01,9,2034,0.0983814456950321
REGION1,PWRSOLB01,10,2034,0.0
REGION1,PWRSOLB01,11,2034,0.1927668179941574
REGION1,PWRSOLB01,12,2034,0.4690172180188646
REGION1,PWRSOLB01,13,2034,0.1688311790744237
REGION1,PWRSOLB01,14,2034,0.0
REGION1,PWRSOLB01,15,2034,0.2133292761543317
REGION1,PWRSOLB01,16,2034,0.7728304275194239
REGION1,PWRSOLB01,17,2034,0.1063918601549305
REGION1,PWRSOLB01,18,2034,0.0
REGION1,PWRSOLB01,19,2034,0.1405402668024731
REGION1,PWRSOLB01,20,2034,0.603674758189977
REGION1,PWRSOLB01,21,2034,0.0424870612004149
REGION1,PWRSOLB01,22,2034,0.0
REGION1,PWRSOLB01,23,2034,0.1248918083179542
REGION1,PWRSOLB01,24,2034,0.6928078299417241
REGION1,PWRSOLB01,25,2034,0.0164025686833637
REGION1,PWRSOLB01,26,2034,0.0
REGION1,PWRSOLB01,27,2034,0.0822021343071347
REGION1,PWRSOLB01,28,2034,0.5424849181889096
REGION1,PWRSOLB01,29,2034,0.0
REGION1,PWRSOLB01,30,2034,0.0
REGION1,PWRSOLB01,31,2034,0.0263980534793374
REGION1,PWRSOLB01,32,2034,0.3677193672871379
REGION1,PWRSOLB01,33,2034,0.0
REGION1,PWRSOLB01,34,2034,0.0
REGION1,PWRSOLB01,35,2034,0.0062093682549189
REGION1,PWRSOLB01,36,2034,0.4101252097072546
REGION1,PWRSOLB01,37,2034,0.0015830504046393
REGION1,PWRSOLB01,38,2034,0.0
REGION1,PWRSOLB01,39,2034,0.0061742552437928
REGION1,PWRSOLB01,40,2034,0.1085779269026008
REGION1,PWRSOLB01,1,2035,0.1098618947207962
REGION1,PWRSOLB01,2,2035,0.0
REGION1,PWRSOLB01,3,2035,0.132808627656527
REGION1,PWRSOLB01,4,2035,0.7370080558794477
REGION1,PWRSOLB01,5,2035,0.1105780312100122
REGION1,PWRSOLB01,6,2035,0.0
REGION1,PWRSOLB01,7,2035,0.1206497719254465
REGION1,PWRSOLB01,8,2035,0.655973984515502
REGION1,PWRSOLB01,9,2035,0.0983814456950321
REGION1,PWRSOLB01,10,2035,0.0
REGION1,PWRSOLB01,11,2035,0.1927668179941574
REGION1,PWRSOLB01,12,2035,0.4690172180188646
REGION1,PWRSOLB01,13,2035,0.1688311790744237
REGION1,PWRSOLB01,14,2035,0.0
REGION1,PWRSOLB01,15,2035,0.2133292761543317
REGION1,PWRSOLB01,16,2035,0.7728304275194239
REGION1,PWRSOLB01,17,2035,0.1063918601549305
REGION1,PWRSOLB01,18,2035,0.0
REGION1,PWRSOLB01,19,2035,0.1405402668024731
REGION1,PWRSOLB01,20,2035,0.603674758189977
REGION1,PWRSOLB01,21,2035,0.0424870612004149
REGION1,PWRSOLB01,22,2035,0.0
REGION1,PWRSOLB01,23,2035,0.1248918083179542
REGION1,PWRSOLB01,24,2035,0.6928078299417241
REGION1,PWRSOLB01,25,2035,0.0164025686833637
REGION1,PWRSOLB01,26,2035,0.0
REGION1,PWRSOLB01,27,2035,0.0822021343071347
REGION1,PWRSOLB01,28,2035,0.5424849181889096
REGION1,PWRSOLB01,29,2035,0.0
REGION1,PWRSOLB01,30,2035,0.0
REGION1,PWRSOLB01,31,2035,0.0263980534793374
REGION1,PWRSOLB01,32,2035,0.3677193672871379
REGION1,PWRSOLB01,33,2035,0.0
REGION1,PWRSOLB01,34,2035,0.0
REGION1,PWRSOLB01,35,2035,0.0062093682549189
REGION1,PWRSOLB01,36,2035,0.4101252097072546
REGION1,PWRSOLB01,37,2035,0.0015830504046393
REGION1,PWRSOLB01,38,2035,0.0
REGION1,PWRSOLB01,39,2035,0.0061742552437928
REGION1,PWRSOLB01,40,2035,0.1085779269026008
REGION1,PWRSOLB01,1,2036,0.1098618947207962
REGION1,PWRSOLB01,2,2036,0.0
REGION1,PWRSOLB01,3,2036,0.132808627656527
REGION1,PWRSOLB01,4,2036,0.7370080558794477
REGION1,PWRSOLB01,5,2036,0.1105780312100122
REGION1,PWRSOLB01,6,2036,0.0
REGION1,PWRSOLB01,7,2036,0.1206497719254465
REGION1,PWRSOLB01,8,2036,0.655973984515502
REGION1,PWRSOLB01,9,2036,0.0983814456950321
REGION1,PWRSOLB01,10,2036,0.0
REGION1,PWRSOLB01,11,2036,0.1927668179941574
REGION1,PWRSOLB01,12,2036,0.4690172180188646
REGION1,PWRSOLB01,13,2036,0.1688311790744237
REGION1,PWRSOLB01,14,2036,0.0
REGION1,PWRSOLB01,15,2036,0.2133292761543317
REGION1,PWRSOLB01,16,2036,0.7728304275194239
REGION1,PWRSOLB01,17,2036,0.1063918601549305
REGION1,PWRSOLB01,18,2036,0.0
REGION1,PWRSOLB01,19,2036,0.1405402668024731
REGION1,PWRSOLB01,20,2036,0.603674758189977
REGION1,PWRSOLB01,21,2036,0.0424870612004149
REGION1,PWRSOLB01,22,2036,0.0
REGION1,PWRSOLB01,23,2036,0.1248918083179542
REGION1,PWRSOLB01,24,2036,0.6928078299417241
REGION1,PWRSOLB01,25,2036,0.0164025686833637
REGION1,PWRSOLB01,26,2036,0.0
REGION1,PWRSOLB01,27,2036,0.0822021343071347
REGION1,PWRSOLB01,28,2036,0.5424849181889096
REGION1,PWRSOLB01,29,2036,0.0
REGION1,PWRSOLB01,30,2036,0.0
REGION1,PWRSOLB01,31,2036,0.0263980534793374
REGION1,PWRSOLB01,32,2036,0.3677193672871379
REGION1,PWRSOLB01,33,2036,0.0
REGION1,PWRSOLB01,34,2036,0.0
REGION1,PWRSOLB01,35,2036,0.0062093682549189
REGION1,PWRSOLB01,36,2036,0.4101252097072546
REGION1,PWRSOLB01,37,2036,0.0015830504046393
REGION1,PWRSOLB01,38,2036,0.0
REGION1,PWRSOLB01,39,2036,0.0061742552437928
REGION1,PWRSOLB01,40,2036,0.1085779269026008
REGION1,PWRSOLB01,1,2037,0.1098618947207962
REGION1,PWRSOLB01,2,2037,0.0
REGION1,PWRSOLB01,3,2037,0.132808627656527
REGION1,PWRSOLB01,4,2037,0.7370080558794477
REGION1,PWRSOLB01,5,2037,0.1105780312100122
REGION1,PWRSOLB01,6,2037,0.0
REGION1,PWRSOLB01,7,2037,0.1206497719254465
REGION1,PWRSOLB01,8,2037,0.655973984515502
REGION1,PWRSOLB01,9,2037,0.0983814456950321
REGION1,PWRSOLB01,10,2037,0.0
REGION1,PWRSOLB01,11,2037,0.1927668179941574
REGION1,PWRSOLB01,12,2037,0.4690172180188646
REGION1,PWRSOLB01,13,2037,0.1688311790744237
REGION1,PWRSOLB01,14,2037,0.0
REGION1,PWRSOLB01,15,2037,0.2133292761543317
REGION1,PWRSOLB01,16,2037,0.7728304275194239
REGION1,PWRSOLB01,17,2037,0.1063918601549305
REGION1,PWRSOLB01,18,2037,0.0
REGION1,PWRSOLB01,19,2037,0.1405402668024731
REGION1,PWRSOLB01,20,2037,0.603674758189977
REGION1,PWRSOLB01,21,2037,0.0424870612004149
REGION1,PWRSOLB01,22,2037,0.0
REGION1,PWRSOLB01,23,2037,0.1248918083179542
REGION1,PWRSOLB01,24,2037,0.6928078299417241
REGION1,PWRSOLB01,25,2037,0.0164025686833637
REGION1,PWRSOLB01,26,2037,0.0
REGION1,PWRSOLB01,27,2037,0.0822021343071347
REGION1,PWRSOLB01,28,2037,0.5424849181889096
REGION1,PWRSOLB01,29,2037,0.0
REGION1,PWRSOLB01,30,2037,0.0
REGION1,PWRSOLB01,31,2037,0.0263980534793374
REGION1,PWRSOLB01,32,2037,0.3677193672871379
REGION1,PWRSOLB01,33,2037,0.0
REGION1,PWRSOLB01,34,2037,0.0
REGION1,PWRSOLB01,35,2037,0.0062093682549189
REGION1,PWRSOLB01,36,2037,0.4101252097072546
REGION1,PWRSOLB01,37,2037,0.0015830504046393
REGION1,PWRSOLB01,38,2037,0.0
REGION1,PWRSOLB01,39,2037,0.0061742552437928
REGION1,PWRSOLB01,40,2037,0.1085779269026008
REGION1,PWRSOLB01,1,2038,0.1098618947207962
REGION1,PWRSOLB01,2,2038,0.0
REGION1,PWRSOLB01,3,2038,0.132808627656527
REGION1,PWRSOLB01,4,2038,0.7370080558794477
REGION1,PWRSOLB01,5,2038,0.1105780312100122
REGION1,PWRSOLB01,6,2038,0.0
REGION1,PWRSOLB01,7,2038,0.1206497719254465
REGION1,PWRSOLB01,8,2038,0.655973984515502
REGION1,PWRSOLB01,9,2038,0.0983814456950321
REGION1,PWRSOLB01,10,2038,0.0
REGION1,PWRSOLB01,11,2038,0.1927668179941574
REGION1,PWRSOLB01,12,2038,0.4690172180188646
REGION1,PWRSOLB01,13,2038,0.1688311790744237
REGION1,PWRSOLB01,14,2038,0.0
REGION1,PWRSOLB01,15,2038,0.2133292761543317
REGION1,PWRSOLB01,16,2038,0.7728304275194239
REGION1,PWRSOLB01,17,2038,0.1063918601549305
REGION1,PWRSOLB01,18,2038,0.0
REGION1,PWRSOLB01,19,2038,0.1405402668024731
REGION1,PWRSOLB01,20,2038,0.603674758189977
REGION1,PWRSOLB01,21,2038,0.0424870612004149
REGION1,PWRSOLB01,22,2038,0.0
REGION1,PWRSOLB01,23,2038,0.1248918083179542
REGION1,PWRSOLB01,24,2038,0.6928078299417241
REGION1,PWRSOLB01,25,2038,0.0164025686833637
REGION1,PWRSOLB01,26,2038,0.0
REGION1,PWRSOLB01,27,2038,0.0822021343071347
REGION1,PWRSOLB01,28,2038,0.5424849181889096
REGION1,PWRSOLB01,29,2038,0.0
REGION1,PWRSOLB01,30,2038,0.0
REGION1,PWRSOLB01,31,2038,0.0263980534793374
REGION1,PWRSOLB01,32,2038,0.3677193672871379
REGION1,PWRSOLB01,33,2038,0.0
REGION1,PWRSOLB01,34,2038,0.0
REGION1,PWRSOLB01,35,2038,0.0062093682549189
REGION1,PWRSOLB01,36,2038,0.4101252097072546
REGION1,PWRSOLB01,37,2038,0.0015830504046393
REGION1,PWRSOLB01,38,2038,0.0
REGION1,PWRSOLB01,39,2038,0.0061742552437928
REGION1,PWRSOLB01,40,2038,0.1085779269026008
REGION1,PWRSOLB01,1,2039,0.1098618947207962
REGION1,PWRSOLB01,2,2039,0.0
REGION1,PWRSOLB01,3,2039,0.132808627656527
REGION1,PWRSOLB01,4,2039,0.7370080558794477
REGION1,PWRSOLB01,5,2039,0.1105780312100122
REGION1,PWRSOLB01,6,2039,0.0
REGION1,PWRSOLB01,7,2039,0.1206497719254465
REGION1,PWRSOLB01,8,2039,0.655973984515502
REGION1,PWRSOLB01,9,2039,0.0983814456950321
REGION1,PWRSOLB01,10,2039,0.0
REGION1,PWRSOLB01,11,2039,0.1927668179941574
REGION1,PWRSOLB01,12,2039,0.4690172180188646
REGION1,PWRSOLB01,13,2039,0.1688311790744237
REGION1,PWRSOLB01,14,2039,0.0
REGION1,PWRSOLB01,15,2039,0.2133292761543317
REGION1,PWRSOLB01,16,2039,0.7728304275194239
REGION1,PWRSOLB01,17,2039,0.1063918601549305
REGION1,PWRSOLB01,18,2039,0.0
REGION1,PWRSOLB01,19,2039,0.1405402668024731
REGION1,PWRSOLB01,20,2039,0.603674758189977
REGION1,PWRSOLB01,21,2039,0.0424870612004149
REGION1,PWRSOLB01,22,2039,0.0
REGION1,PWRSOLB01,23,2039,0.1248918083179542
REGION1,PWRSOLB01,24,2039,0.6928078299417241
REGION1,PWRSOLB01,25,2039,0.0164025686833637
REGION1,PWRSOLB01,26,2039,0.0
REGION1,PWRSOLB01,27,2039,0.0822021343071347
REGION1,PWRSOLB01,28,2039,0.5424849181889096
REGION1,PWRSOLB01,29,2039,0.0
REGION1,PWRSOLB01,30,2039,0.0
REGION1,PWRSOLB01,31,2039,0.0263980534793374
REGION1,PWRSOLB01,32,2039,0.3677193672871379
REGION1,PWRSOLB01,33,2039,0.0
REGION1,PWRSOLB01,34,2039,0.0
REGION1,PWRSOLB01,35,2039,0.0062093682549189
REGION1,PWRSOLB01,36,2039,0.4101252097072546
REGION1,PWRSOLB01,37,2039,0.0015830504046393
REGION1,PWRSOLB01,38,2039,0.0
REGION1,PWRSOLB01,39,2039,0.0061742552437928
REGION1,PWRSOLB01,40,2039,0.1085779269026008
REGION1,PWRSOLB01,1,2040,0.1098618947207962
REGION1,PWRSOLB01,2,2040,0.0
REGION1,PWRSOLB01,3,2040,0.132808627656527
REGION1,PWRSOLB01,4,2040,0.7370080558794477
REGION1,PWRSOLB01,5,2040,0.1105780312100122
REGION1,PWRSOLB01,6,2040,0.0
REGION1,PWRSOLB01,7,2040,0.1206497719254465
REGION1,PWRSOLB01,8,2040,0.655973984515502
REGION1,PWRSOLB01,9,2040,0.0983814456950321
REGION1,PWRSOLB01,10,2040,0.0
REGION1,PWRSOLB01,11,2040,0.1927668179941574
REGION1,PWRSOLB01,12,2040,0.4690172180188646
REGION1,PWRSOLB01,13,2040,0.1688311790744237
REGION1,PWRSOLB01,14,2040,0.0
REGION1,PWRSOLB01,15,2040,0.2133292761543317
REGION1,PWRSOLB01,16,2040,0.7728304275194239
REGION1,PWRSOLB01,17,2040,0.1063918601549305
REGION1,PWRSOLB01,18,2040,0.0
REGION1,PWRSOLB01,19,2040,0.1405402668024731
REGION1,PWRSOLB01,20,2040,0.603674758189977
REGION1,PWRSOLB01,21,2040,0.0424870612004149
REGION1,PWRSOLB01,22,2040,0.0
REGION1,PWRSOLB01,23,2040,0.1248918083179542
REGION1,PWRSOLB01,24,2040,0.6928078299417241
REGION1,PWRSOLB01,25,2040,0.0164025686833637
REGION1,PWRSOLB01,26,2040,0.0
REGION1,PWRSOLB01,27,2040,0.0822021343071347
REGION1,PWRSOLB01,28,2040,0.5424849181889096
REGION1,PWRSOLB01,29,2040,0.0
REGION1,PWRSOLB01,30,2040,0.0
REGION1,PWRSOLB01,31,2040,0.0263980534793374
REGION1,PWRSOLB01,32,2040,0.3677193672871379
REGION1,PWRSOLB01,33,2040,0.0
REGION1,PWRSOLB01,34,2040,0.0
REGION1,PWRSOLB01,35,2040,0.0062093682549189
REGION1,PWRSOLB01,36,2040,0.4101252097072546
REGION1,PWRSOLB01,37,2040,0.0015830504046393
REGION1,PWRSOLB01,38,2040,0.0
REGION1,PWRSOLB01,39,2040,0.0061742552437928
REGION1,PWRSOLB01,40,2040,0.1085779269026008
REGION1,PWRSOLB01,1,2041,0.1098618947207962
REGION1,PWRSOLB01,2,2041,0.0
REGION1,PWRSOLB01,3,2041,0.132808627656527
REGION1,PWRSOLB01,4,2041,0.7370080558794477
REGION1,PWRSOLB01,5,2041,0.1105780312100122
REGION1,PWRSOLB01,6,2041,0.0
REGION1,PWRSOLB01,7,2041,0.1206497719254465
REGION1,PWRSOLB01,8,2041,0.655973984515502
REGION1,PWRSOLB01,9,2041,0.0983814456950321
REGION1,PWRSOLB01,10,2041,0.0
REGION1,PWRSOLB01,11,2041,0.1927668179941574
REGION1,PWRSOLB01,12,2041,0.4690172180188646
REGION1,PWRSOLB01,13,2041,0.1688311790744237
REGION1,PWRSOLB01,14,2041,0.0
REGION1,PWRSOLB01,15,2041,0.2133292761543317
REGION1,PWRSOLB01,16,2041,0.7728304275194239
REGION1,PWRSOLB01,17,2041,0.1063918601549305
REGION1,PWRSOLB01,18,2041,0.0
REGION1,PWRSOLB01,19,2041,0.1405402668024731
REGION1,PWRSOLB01,20,2041,0.603674758189977
REGION1,PWRSOLB01,21,2041,0.0424870612004149
REGION1,PWRSOLB01,22,2041,0.0
REGION1,PWRSOLB01,23,2041,0.1248918083179542
REGION1,PWRSOLB01,24,2041,0.6928078299417241
REGION1,PWRSOLB01,25,2041,0.0164025686833637
REGION1,PWRSOLB01,26,2041,0.0
REGION1,PWRSOLB01,27,2041,0.0822021343071347
REGION1,PWRSOLB01,28,2041,0.5424849181889096
REGION1,PWRSOLB01,29,2041,0.0
REGION1,PWRSOLB01,30,2041,0.0
REGION1,PWRSOLB01,31,2041,0.0263980534793374
REGION1,PWRSOLB01,32,2041,0.3677193672871379
REGION1,PWRSOLB01,33,2041,0.0
REGION1,PWRSOLB01,34,2041,0.0
REGION1,PWRSOLB01,35,2041,0.0062093682549189
REGION1,PWRSOLB01,36,2041,0.4101252097072546
REGION1,PWRSOLB01,37,2041,0.0015830504046393
REGION1,PWRSOLB01,38,2041,0.0
REGION1,PWRSOLB01,39,2041,0.0061742552437928
REGION1,PWRSOLB01,40,2041,0.1085779269026008
REGION1,PWRSOLB01,1,2042,0.1098618947207962
REGION1,PWRSOLB01,2,2042,0.0
REGION1,PWRSOLB01,3,2042,0.132808627656527
REGION1,PWRSOLB01,4,2042,0.7370080558794477
REGION1,PWRSOLB01,5,2042,0.1105780312100122
REGION1,PWRSOLB01,6,2042,0.0
REGION1,PWRSOLB01,7,2042,0.1206497719254465
REGION1,PWRSOLB01,8,2042,0.655973984515502
REGION1,PWRSOLB01,9,2042,0.0983814456950321
REGION1,PWRSOLB01,10,2042,0.0
REGION1,PWRSOLB01,11,2042,0.1927668179941574
REGION1,PWRSOLB01,12,2042,0.4690172180188646
REGION1,PWRSOLB01,13,2042,0.1688311790744237
REGION1,PWRSOLB01,14,2042,0.0
REGION1,PWRSOLB01,15,2042,0.2133292761543317
REGION1,PWRSOLB01,16,2042,0.7728304275194239
REGION1,PWRSOLB01,17,2042,0.1063918601549305
REGION1,PWRSOLB01,18,2042,0.0
REGION1,PWRSOLB01,19,2042,0.1405402668024731
REGION1,PWRSOLB01,20,2042,0.603674758189977
REGION1,PWRSOLB01,21,2042,0.0424870612004149
REGION1,PWRSOLB01,22,2042,0.0
REGION1,PWRSOLB01,23,2042,0.1248918083179542
REGION1,PWRSOLB01,24,2042,0.6928078299417241
REGION1,PWRSOLB01,25,2042,0.0164025686833637
REGION1,PWRSOLB01,26,2042,0.0
REGION1,PWRSOLB01,27,2042,0.0822021343071347
REGION1,PWRSOLB01,28,2042,0.5424849181889096
REGION1,PWRSOLB01,29,2042,0.0
REGION1,PWRSOLB01,30,2042,0.0
REGION1,PWRSOLB01,31,2042,0.0263980534793374
REGION1,PWRSOLB01,32,2042,0.3677193672871379
REGION1,PWRSOLB01,33,2042,0.0
REGION1,PWRSOLB01,34,2042,0.0
REGION1,PWRSOLB01,35,2042,0.0062093682549189
REGION1,PWRSOLB01,36,2042,0.4101252097072546
REGION1,PWRSOLB01,37,2042,0.0015830504046393
REGION1,PWRSOLB01,38,2042,0.0
REGION1,PWRSOLB01,39,2042,0.0061742552437928
REGION1,PWRSOLB01,40,2042,0.1085779269026008
REGION1,PWRSOLB01,1,2043,0.1098618947207962
REGION1,PWRSOLB01,2,2043,0.0
REGION1,PWRSOLB01,3,2043,0.132808627656527
REGION1,PWRSOLB01,4,2043,0.7370080558794477
REGION1,PWRSOLB01,5,2043,0.1105780312100122
REGION1,PWRSOLB01,6,2043,0.0
REGION1,PWRSOLB01,7,2043,0.1206497719254465
REGION1,PWRSOLB01,8,2043,0.655973984515502
REGION1,PWRSOLB01,9,2043,0.0983814456950321
REGION1,PWRSOLB01,10,2043,0.0
REGION1,PWRSOLB01,11,2043,0.1927668179941574
REGION1,PWRSOLB01,12,2043,0.4690172180188646
REGION1,PWRSOLB01,13,2043,0.1688311790744237
REGION1,PWRSOLB01,14,2043,0.0
REGION1,PWRSOLB01,15,2043,0.2133292761543317
REGION1,PWRSOLB01,16,2043,0.7728304275194239
REGION1,PWRSOLB01,17,2043,0.1063918601549305
REGION1,PWRSOLB01,18,2043,0.0
REGION1,PWRSOLB01,19,2043,0.1405402668024731
REGION1,PWRSOLB01,20,2043,0.603674758189977
REGION1,PWRSOLB01,21,2043,0.0424870612004149
REGION1,PWRSOLB01,22,2043,0.0
REGION1,PWRSOLB01,23,2043,0.1248918083179542
REGION1,PWRSOLB01,24,2043,0.6928078299417241
REGION1,PWRSOLB01,25,2043,0.0164025686833637
REGION1,PWRSOLB01,26,2043,0.0
REGION1,PWRSOLB01,27,2043,0.0822021343071347
REGION1,PWRSOLB01,28,2043,0.5424849181889096
REGION1,PWRSOLB01,29,2043,0.0
REGION1,PWRSOLB01,30,2043,0.0
REGION1,PWRSOLB01,31,2043,0.0263980534793374
REGION1,PWRSOLB01,32,2043,0.3677193672871379
REGION1,PWRSOLB01,33,2043,0.0
REGION1,PWRSOLB01,34,2043,0.0
REGION1,PWRSOLB01,35,2043,0.0062093682549189
REGION1,PWRSOLB01,36,2043,0.4101252097072546
REGION1,PWRSOLB01,37,2043,0.0015830504046393
REGION1,PWRSOLB01,38,2043,0.0
REGION1,PWRSOLB01,39,2043,0.0061742552437928
REGION1,PWRSOLB01,40,2043,0.1085779269026008
REGION1,PWRSOLB01,1,2044,0.1098618947207962
REGION1,PWRSOLB01,2,2044,0.0
REGION1,PWRSOLB01,3,2044,0.132808627656527
REGION1,PWRSOLB01,4,2044,0.7370080558794477
REGION1,PWRSOLB01,5,2044,0.1105780312100122
REGION1,PWRSOLB01,6,2044,0.0
REGION1,PWRSOLB01,7,2044,0.1206497719254465
REGION1,PWRSOLB01,8,2044,0.655973984515502
REGION1,PWRSOLB01,9,2044,0.0983814456950321
REGION1,PWRSOLB01,10,2044,0.0
REGION1,PWRSOLB01,11,2044,0.1927668179941574
REGION1,PWRSOLB01,12,2044,0.4690172180188646
REGION1,PWRSOLB01,13,2044,0.1688311790744237
REGION1,PWRSOLB01,14,2044,0.0
REGION1,PWRSOLB01,15,2044,0.2133292761543317
REGION1,PWRSOLB01,16,2044,0.7728304275194239
REGION1,PWRSOLB01,17,2044,0.1063918601549305
REGION1,PWRSOLB01,18,2044,0.0
REGION1,PWRSOLB01,19,2044,0.1405402668024731
REGION1,PWRSOLB01,20,2044,0.603674758189977
REGION1,PWRSOLB01,21,2044,0.0424870612004149
REGION1,PWRSOLB01,22,2044,0.0
REGION1,PWRSOLB01,23,2044,0.1248918083179542
REGION1,PWRSOLB01,24,2044,0.6928078299417241
REGION1,PWRSOLB01,25,2044,0.0164025686833637
REGION1,PWRSOLB01,26,2044,0.0
REGION1,PWRSOLB01,27,2044,0.0822021343071347
REGION1,PWRSOLB01,28,2044,0.5424849181889096
REGION1,PWRSOLB01,29,2044,0.0
REGION1,PWRSOLB01,30,2044,0.0
REGION1,PWRSOLB01,31,2044,0.0263980534793374
REGION1,PWRSOLB01,32,2044,0.3677193672871379
REGION1,PWRSOLB01,33,2044,0.0
REGION1,PWRSOLB01,34,2044,0.0
REGION1,PWRSOLB01,35,2044,0.0062093682549189
REGION1,PWRSOLB01,36,2044,0.4101252097072546
REGION1,PWRSOLB01,37,2044,0.0015830504046393
REGION1,PWRSOLB01,38,2044,0.0
REGION1,PWRSOLB01,39,2044,0.0061742552437928
REGION1,PWRSOLB01,40,2044,0.1085779269026008
REGION1,PWRSOLB01,1,2045,0.1098618947207962
REGION1,PWRSOLB01,2,2045,0.0
REGION1,PWRSOLB01,3,2045,0.132808627656527
REGION1,PWRSOLB01,4,2045,0.7370080558794477
REGION1,PWRSOLB01,5,2045,0.1105780312100122
REGION1,PWRSOLB01,6,2045,0.0
REGION1,PWRSOLB01,7,2045,0.1206497719254465
REGION1,PWRSOLB01,8,2045,0.655973984515502
REGION1,PWRSOLB01,9,2045,0.0983814456950321
REGION1,PWRSOLB01,10,2045,0.0
REGION1,PWRSOLB01,11,2045,0.1927668179941574
REGION1,PWRSOLB01,12,2045,0.4690172180188646
REGION1,PWRSOLB01,13,2045,0.1688311790744237
REGION1,PWRSOLB01,14,2045,0.0
REGION1,PWRSOLB01,15,2045,0.2133292761543317
REGION1,PWRSOLB01,16,2045,0.7728304275194239
REGION1,PWRSOLB01,17,2045,0.1063918601549305
REGION1,PWRSOLB01,18,2045,0.0
REGION1,PWRSOLB01,19,2045,0.1405402668024731
REGION1,PWRSOLB01,20,2045,0.603674758189977
REGION1,PWRSOLB01,21,2045,0.0424870612004149
REGION1,PWRSOLB01,22,2045,0.0
REGION1,PWRSOLB01,23,2045,0.1248918083179542
REGION1,PWRSOLB01,24,2045,0.6928078299417241
REGION1,PWRSOLB01,25,2045,0.0164025686833637
REGION1,PWRSOLB01,26,2045,0.0
REGION1,PWRSOLB01,27,2045,0.0822021343071347
REGION1,PWRSOLB01,28,2045,0.5424849181889096
REGION1,PWRSOLB01,29,2045,0.0
REGION1,PWRSOLB01,30,2045,0.0
REGION1,PWRSOLB01,31,2045,0.0263980534793374
REGION1,PWRSOLB01,32,2045,0.3677193672871379
REGION1,PWRSOLB01,33,2045,0.0
REGION1,PWRSOLB01,34,2045,0.0
REGION1,PWRSOLB01,35,2045,0.0062093682549189
REGION1,PWRSOLB01,36,2045,0.4101252097072546
REGION1,PWRSOLB01,37,2045,0.0015830504046393
REGION1,PWRSOLB01,38,2045,0.0
REGION1,PWRSOLB01,39,2045,0.0061742552437928
REGION1,PWRSOLB01,40,2045,0.1085779269026008
REGION1,PWRSOLB01,1,2046,0.1098618947207962
REGION1,PWRSOLB01,2,2046,0.0
REGION1,PWRSOLB01,3,2046,0.132808627656527
REGION1,PWRSOLB01,4,2046,0.7370080558794477
REGION1,PWRSOLB01,5,2046,0.1105780312100122
REGION1,PWRSOLB01,6,2046,0.0
REGION1,PWRSOLB01,7,2046,0.1206497719254465
REGION1,PWRSOLB01,8,2046,0.655973984515502
REGION1,PWRSOLB01,9,2046,0.0983814456950321
REGION1,PWRSOLB01,10,2046,0.0
REGION1,PWRSOLB01,11,2046,0.1927668179941574
REGION1,PWRSOLB01,12,2046,0.4690172180188646
REGION1,PWRSOLB01,13,2046,0.1688311790744237
REGION1,PWRSOLB01,14,2046,0.0
REGION1,PWRSOLB01,15,2046,0.2133292761543317
REGION1,PWRSOLB01,16,2046,0.7728304275194239
REGION1,PWRSOLB01,17,2046,0.1063918601549305
REGION1,PWRSOLB01,18,2046,0.0
REGION1,PWRSOLB01,19,2046,0.1405402668024731
REGION1,PWRSOLB01,20,2046,0.603674758189977
REGION1,PWRSOLB01,21,2046,0.0424870612004149
REGION1,PWRSOLB01,22,2046,0.0
REGION1,PWRSOLB01,23,2046,0.1248918083179542
REGION1,PWRSOLB01,24,2046,0.6928078299417241
REGION1,PWRSOLB01,25,2046,0.0164025686833637
REGION1,PWRSOLB01,26,2046,0.0
REGION1,PWRSOLB01,27,2046,0.0822021343071347
REGION1,PWRSOLB01,28,2046,0.5424849181889096
REGION1,PWRSOLB01,29,2046,0.0
REGION1,PWRSOLB01,30,2046,0.0
REGION1,PWRSOLB01,31,2046,0.0263980534793374
REGION1,PWRSOLB01,32,2046,0.3677193672871379
REGION1,PWRSOLB01,33,2046,0.0
REGION1,PWRSOLB01,34,2046,0.0
REGION1,PWRSOLB01,35,2046,0.0062093682549189
REGION1,PWRSOLB01,36,2046,0.4101252097072546
REGION1,PWRSOLB01,37,2046,0.0015830504046393
REGION1,PWRSOLB01,38,2046,0.0
REGION1,PWRSOLB01,39,2046,0.0061742552437928
REGION1,PWRSOLB01,40,2046,0.1085779269026008
REGION1,PWRSOLB01,1,2047,0.1098618947207962
REGION1,PWRSOLB01,2,2047,0.0
REGION1,PWRSOLB01,3,2047,0.132808627656527
REGION1,PWRSOLB01,4,2047,0.7370080558794477
REGION1,PWRSOLB01,5,2047,0.1105780312100122
REGION1,PWRSOLB01,6,2047,0.0
REGION1,PWRSOLB01,7,2047,0.1206497719254465
REGION1,PWRSOLB01,8,2047,0.655973984515502
REGION1,PWRSOLB01,9,2047,0.0983814456950321
REGION1,PWRSOLB01,10,2047,0.0
REGION1,PWRSOLB01,11,2047,0.1927668179941574
REGION1,PWRSOLB01,12,2047,0.4690172180188646
REGION1,PWRSOLB01,13,2047,0.1688311790744237
REGION1,PWRSOLB01,14,2047,0.0
REGION1,PWRSOLB01,15,2047,0.2133292761543317
REGION1,PWRSOLB01,16,2047,0.7728304275194239
REGION1,PWRSOLB01,17,2047,0.1063918601549305
REGION1,PWRSOLB01,18,2047,0.0
REGION1,PWRSOLB01,19,2047,0.1405402668024731
REGION1,PWRSOLB01,20,2047,0.603674758189977
REGION1,PWRSOLB01,21,2047,0.0424870612004149
REGION1,PWRSOLB01,22,2047,0.0
REGION1,PWRSOLB01,23,2047,0.1248918083179542
REGION1,PWRSOLB01,24,2047,0.6928078299417241
REGION1,PWRSOLB01,25,2047,0.0164025686833637
REGION1,PWRSOLB01,26,2047,0.0
REGION1,PWRSOLB01,27,2047,0.0822021343071347
REGION1,PWRSOLB01,28,2047,0.5424849181889096
REGION1,PWRSOLB01,29,2047,0.0
REGION1,PWRSOLB01,30,2047,0.0
REGION1,PWRSOLB01,31,2047,0.0263980534793374
REGION1,PWRSOLB01,32,2047,0.3677193672871379
REGION1,PWRSOLB01,33,2047,0.0
REGION1,PWRSOLB01,34,2047,0.0
REGION1,PWRSOLB01,35,2047,0.0062093682549189
REGION1,PWRSOLB01,36,2047,0.4101252097072546
REGION1,PWRSOLB01,37,2047,0.0015830504046393
REGION1,PWRSOLB01,38,2047,0.0
REGION1,PWRSOLB01,39,2047,0.0061742552437928
REGION1,PWRSOLB01,40,2047,0.1085779269026008
REGION1,PWRSOLB01,1,2048,0.1098618947207962
REGION1,PWRSOLB01,2,2048,0.0
REGION1,PWRSOLB01,3,2048,0.132808627656527
REGION1,PWRSOLB01,4,2048,0.7370080558794477
REGION1,PWRSOLB01,5,2048,0.1105780312100122
REGION1,PWRSOLB01,6,2048,0.0
REGION1,PWRSOLB01,7,2048,0.1206497719254465
REGION1,PWRSOLB01,8,2048,0.655973984515502
REGION1,PWRSOLB01,9,2048,0.0983814456950321
REGION1,PWRSOLB01,10,2048,0.0
REGION1,PWRSOLB01,11,2048,0.1927668179941574
REGION1,PWRSOLB01,12,2048,0.4690172180188646
REGION1,PWRSOLB01,13,2048,0.1688311790744237
REGION1,PWRSOLB01,14,2048,0.0
REGION1,PWRSOLB01,15,2048,0.2133292761543317
REGION1,PWRSOLB01,16,2048,0.7728304275194239
REGION1,PWRSOLB01,17,2048,0.1063918601549305
REGION1,PWRSOLB01,18,2048,0.0
REGION1,PWRSOLB01,19,2048,0.1405402668024731
REGION1,PWRSOLB01,20,2048,0.603674758189977
REGION1,PWRSOLB01,21,2048,0.0424870612004149
REGION1,PWRSOLB01,22,2048,0.0
REGION1,PWRSOLB01,23,2048,0.1248918083179542
REGION1,PWRSOLB01,24,2048,0.6928078299417241
REGION1,PWRSOLB01,25,2048,0.0164025686833637
REGION1,PWRSOLB01,26,2048,0.0
REGION1,PWRSOLB01,27,2048,0.0822021343071347
REGION1,PWRSOLB01,28,2048,0.5424849181889096
REGION1,PWRSOLB01,29,2048,0.0
REGION1,PWRSOLB01,30,2048,0.0
REGION1,PWRSOLB01,31,2048,0.0263980534793374
REGION1,PWRSOLB01,32,2048,0.3677193672871379
REGION1,PWRSOLB01,33,2048,0.0
REGION1,PWRSOLB01,34,2048,0.0
REGION1,PWRSOLB01,35,2048,0.0062093682549189
REGION1,PWRSOLB01,36,2048,0.4101252097072546
REGION1,PWRSOLB01,37,2048,0.0015830504046393
REGION1,PWRSOLB01,38,2048,0.0
REGION1,PWRSOLB01,39,2048,0.0061742552437928
REGION1,PWRSOLB01,40,2048,0.1085779269026008
REGION1,PWRSOLB01,1,2049,0.1098618947207962
REGION1,PWRSOLB01,2,2049,0.0
REGION1,PWRSOLB01,3,2049,0.132808627656527
REGION1,PWRSOLB01,4,2049,0.7370080558794477
REGION1,PWRSOLB01,5,2049,0.1105780312100122
REGION1,PWRSOLB01,6,2049,0.0
REGION1,PWRSOLB01,7,2049,0.1206497719254465
REGION1,PWRSOLB01,8,2049,0.655973984515502
REGION1,PWRSOLB01,9,2049,0.0983814456950321
REGION1,PWRSOLB01,10,2049,0.0
REGION1,PWRSOLB01,11,2049,0.1927668179941574
REGION1,PWRSOLB01,12,2049,0.4690172180188646
REGION1,PWRSOLB01,13,2049,0.1688311790744237
REGION1,PWRSOLB01,14,2049,0.0
REGION1,PWRSOLB01,15,2049,0.2133292761543317
REGION1,PWRSOLB01,16,2049,0.7728304275194239
REGION1,PWRSOLB01,17,2049,0.1063918601549305
REGION1,PWRSOLB01,18,2049,0.0
REGION1,PWRSOLB01,19,2049,0.1405402668024731
REGION1,PWRSOLB01,20,2049,0.603674758189977
REGION1,PWRSOLB01,21,2049,0.0424870612004149
REGION1,PWRSOLB01,22,2049,0.0
REGION1,PWRSOLB01,23,2049,0.1248918083179542
REGION1,PWRSOLB01,24,2049,0.6928078299417241
REGION1,PWRSOLB01,25,2049,0.0164025686833637
REGION1,PWRSOLB01,26,2049,0.0
REGION1,PWRSOLB01,27,2049,0.0822021343071347
REGION1,PWRSOLB01,28,2049,0.5424849181889096
REGION1,PWRSOLB01,29,2049,0.0
REGION1,PWRSOLB01,30,2049,0.0
REGION1,PWRSOLB01,31,2049,0.0263980534793374
REGION1,PWRSOLB01,32,2049,0.3677193672871379
REGION1,PWRSOLB01,33,2049,0.0
REGION1,PWRSOLB01,34,2049,0.0
REGION1,PWRSOLB01,35,2049,0.0062093682549189
REGION1,PWRSOLB01,36,2049,0.4101252097072546
REGION1,PWRSOLB01,37,2049,0.0015830504046393
REGION1,PWRSOLB01,38,2049,0.0
REGION1,PWRSOLB01,39,2049,0.0061742552437928
REGION1,PWRSOLB01,40,2049,0.1085779269026008
REGION1,PWRSOLB01,1,2050,0.1098618947207962
REGION1,PWRSOLB01,2,2050,0.0
REGION1,PWRSOLB01,3,2050,0.132808627656527
REGION1,PWRSOLB01,4,2050,0.7370080558794477
REGION1,PWRSOLB01,5,2050,0.1105780312100122
REGION1,PWRSOLB01,6,2050,0.0
REGION1,PWRSOLB01,7,2050,0.1206497719254465
REGION1,PWRSOLB01,8,2050,0.655973984515502
REGION1,PWRSOLB01,9,2050,0.0983814456950321
REGION1,PWRSOLB01,10,2050,0.0
REGION1,PWRSOLB01,11,2050,0.1927668179941574
REGION1,PWRSOLB01,12,2050,0.4690172180188646
REGION1,PWRSOLB01,13,2050,0.1688311790744237
REGION1,PWRSOLB01,14,2050,0.0
REGION1,PWRSOLB01,15,2050,0.2133292761543317
REGION1,PWRSOLB01,16,2050,0.7728304275194239
REGION1,PWRSOLB01,17,2050,0.1063918601549305
REGION1,PWRSOLB01,18,2050,0.0
REGION1,PWRSOLB01,19,2050,0.1405402668024731
REGION1,PWRSOLB01,20,2050,0.603674758189977
REGION1,PWRSOLB01,21,2050,0.0424870612004149
REGION1,PWRSOLB01,22,2050,0.0
REGION1,PWRSOLB01,23,2050,0.1248918083179542
REGION1,PWRSOLB01,24,2050,0.6928078299417241
REGION1,PWRSOLB01,25,2050,0.0164025686833637
REGION1,PWRSOLB01,26,2050,0.0
REGION1,PWRSOLB01,27,2050,0.0822021343071347
REGION1,PWRSOLB01,28,2050,0.5424849181889096
REGION1,PWRSOLB01,29,2050,0.0
REGION1,PWRSOLB01,30,2050,0.0
REGION1,PWRSOLB01,31,2050,0.0263980534793374
REGION1,PWRSOLB01,32,2050,0.3677193672871379
REGION1,PWRSOLB01,33,2050,0.0
REGION1,PWRSOLB01,34,2050,0.0
REGION1,PWRSOLB01,35,2050,0.0062093682549189
REGION1,PWRSOLB01,36,2050,0.4101252097072546
REGION1,PWRSOLB01,37,2050,0.0015830504046393
REGION1,PWRSOLB01,38,2050,0.0
REGION1,PWRSOLB01,39,2050,0.0061742552437928
REGION1,PWRSOLB01,40,2050,0.1085779269026008
REGION1,PWRSOLB02,1,2020,0.0
REGION1,PWRSOLB02,2,2020,0.4097235708531001
REGION1,PWRSOLB02,3,2020,0.7556404477944901
REGION1,PWRSOLB02,4,2020,0.1761130548995738
REGION1,PWRSOLB02,5,2020,0.0
REGION1,PWRSOLB02,6,2020,0.330411986255295
REGION1,PWRSOLB02,7,2020,0.7125223888418747
REGION1,PWRSOLB02,8,2020,0.2934961822679567
REGION1,PWRSOLB02,9,2020,0.0
REGION1,PWRSOLB02,10,2020,0.4400838136332681
REGION1,PWRSOLB02,11,2020,0.3954652565670575
REGION1,PWRSOLB02,12,2020,0.2407961497190276
REGION1,PWRSOLB02,13,2020,0.0
REGION1,PWRSOLB02,14,2020,0.6278546282200984
REGION1,PWRSOLB02,15,2020,0.7524443228570461
REGION1,PWRSOLB02,16,2020,0.2700576221142829
REGION1,PWRSOLB02,17,2020,0.0
REGION1,PWRSOLB02,18,2020,0.3254569771820588
REGION1,PWRSOLB02,19,2020,0.584882975075495
REGION1,PWRSOLB02,20,2020,0.0696768070203251
REGION1,PWRSOLB02,21,2020,0.0
REGION1,PWRSOLB02,22,2020,0.3473747461785928
REGION1,PWRSOLB02,23,2020,0.7784342392767956
REGION1,PWRSOLB02,24,2020,0.0
REGION1,PWRSOLB02,25,2020,0.0
REGION1,PWRSOLB02,26,2020,0.1769783454973223
REGION1,PWRSOLB02,27,2020,0.5096544866505692
REGION1,PWRSOLB02,28,2020,0.0
REGION1,PWRSOLB02,29,2020,0.0
REGION1,PWRSOLB02,30,2020,0.078893014699691
REGION1,PWRSOLB02,31,2020,0.38422657710994
REGION1,PWRSOLB02,32,2020,0.0
REGION1,PWRSOLB02,33,2020,0.0
REGION1,PWRSOLB02,34,2020,0.0453206428168153
REGION1,PWRSOLB02,35,2020,0.456448235287023
REGION1,PWRSOLB02,36,2020,0.0
REGION1,PWRSOLB02,37,2020,0.0
REGION1,PWRSOLB02,38,2020,0.0116619934163103
REGION1,PWRSOLB02,39,2020,0.0965869918891011
REGION1,PWRSOLB02,40,2020,0.0
REGION1,PWRSOLB02,1,2021,0.0
REGION1,PWRSOLB02,2,2021,0.4097235708531001
REGION1,PWRSOLB02,3,2021,0.7556404477944901
REGION1,PWRSOLB02,4,2021,0.1761130548995738
REGION1,PWRSOLB02,5,2021,0.0
REGION1,PWRSOLB02,6,2021,0.330411986255295
REGION1,PWRSOLB02,7,2021,0.7125223888418747
REGION1,PWRSOLB02,8,2021,0.2934961822679567
REGION1,PWRSOLB02,9,2021,0.0
REGION1,PWRSOLB02,10,2021,0.4400838136332681
REGION1,PWRSOLB02,11,2021,0.3954652565670575
REGION1,PWRSOLB02,12,2021,0.2407961497190276
REGION1,PWRSOLB02,13,2021,0.0
REGION1,PWRSOLB02,14,2021,0.6278546282200984
REGION1,PWRSOLB02,15,2021,0.7524443228570461
REGION1,PWRSOLB02,16,2021,0.2700576221142829
REGION1,PWRSOLB02,17,2021,0.0
REGION1,PWRSOLB02,18,2021,0.3254569771820588
REGION1,PWRSOLB02,19,2021,0.584882975075495
REGION1,PWRSOLB02,20,2021,0.0696768070203251
REGION1,PWRSOLB02,21,2021,0.0
REGION1,PWRSOLB02,22,2021,0.3473747461785928
REGION1,PWRSOLB02,23,2021,0.7784342392767956
REGION1,PWRSOLB02,24,2021,0.0
REGION1,PWRSOLB02,25,2021,0.0
REGION1,PWRSOLB02,26,2021,0.1769783454973223
REGION1,PWRSOLB02,27,2021,0.5096544866505692
REGION1,PWRSOLB02,28,2021,0.0
REGION1,PWRSOLB02,29,2021,0.0
REGION1,PWRSOLB02,30,2021,0.078893014699691
REGION1,PWRSOLB02,31,2021,0.38422657710994
REGION1,PWRSOLB02,32,2021,0.0
REGION1,PWRSOLB02,33,2021,0.0
REGION1,PWRSOLB02,34,2021,0.0453206428168153
REGION1,PWRSOLB02,35,2021,0.456448235287023
REGION1,PWRSOLB02,36,2021,0.0
REGION1,PWRSOLB02,37,2021,0.0
REGION1,PWRSOLB02,38,2021,0.0116619934163103
REGION1,PWRSOLB02,39,2021,0.0965869918891011
REGION1,PWRSOLB02,40,2021,0.0
REGION1,PWRSOLB02,1,2022,0.0
REGION1,PWRSOLB02,2,2022,0.4097235708531001
REGION1,PWRSOLB02,3,2022,0.7556404477944901
REGION1,PWRSOLB02,4,2022,0.1761130548995738
REGION1,PWRSOLB02,5,2022,0.0
REGION1,PWRSOLB02,6,2022,0.330411986255295
REGION1,PWRSOLB02,7,2022,0.7125223888418747
REGION1,PWRSOLB02,8,2022,0.2934961822679567
REGION1,PWRSOLB02,9,2022,0.0
REGION1,PWRSOLB02,10,2022,0.4400838136332681
REGION1,PWRSOLB02,11,2022,0.3954652565670575
REGION1,PWRSOLB02,12,2022,0.2407961497190276
REGION1,PWRSOLB02,13,2022,0.0
REGION1,PWRSOLB02,14,2022,0.6278546282200984
REGION1,PWRSOLB02,15,2022,0.7524443228570461
REGION1,PWRSOLB02,16,2022,0.2700576221142829
REGION1,PWRSOLB02,17,2022,0.0
REGION1,PWRSOLB02,18,2022,0.3254569771820588
REGION1,PWRSOLB02,19,2022,0.584882975075495
REGION1,PWRSOLB02,20,2022,0.0696768070203251
REGION1,PWRSOLB02,21,2022,0.0
REGION1,PWRSOLB02,22,2022,0.3473747461785928
REGION1,PWRSOLB02,23,2022,0.7784342392767956
REGION1,PWRSOLB02,24,2022,0.0
REGION1,PWRSOLB02,25,2022,0.0
REGION1,PWRSOLB02,26,2022,0.1769783454973223
REGION1,PWRSOLB02,27,2022,0.5096544866505692
REGION1,PWRSOLB02,28,2022,0.0
REGION1,PWRSOLB02,29,2022,0.0
REGION1,PWRSOLB02,30,2022,0.078893014699691
REGION1,PWRSOLB02,31,2022,0.38422657710994
REGION1,PWRSOLB02,32,2022,0.0
REGION1,PWRSOLB02,33,2022,0.0
REGION1,PWRSOLB02,34,2022,0.0453206428168153
REGION1,PWRSOLB02,35,2022,0.456448235287023
REGION1,PWRSOLB02,36,2022,0.0
REGION1,PWRSOLB02,37,2022,0.0
REGION1,PWRSOLB02,38,2022,0.0116619934163103
REGION1,PWRSOLB02,39,2022,0.0965869918891011
REGION1,PWRSOLB02,40,2022,0.0
REGION1,PWRSOLB02,1,2023,0.0
REGION1,PWRSOLB02,2,2023,0.4097235708531001
REGION1,PWRSOLB02,3,2023,0.7556404477944901
REGION1,PWRSOLB02,4,2023,0.1761130548995738
REGION1,PWRSOLB02,5,2023,0.0
REGION1,PWRSOLB02,6,2023,0.330411986255295
REGION1,PWRSOLB02,7,2023,0.7125223888418747
REGION1,PWRSOLB02,8,2023,0.2934961822679567
REGION1,PWRSOLB02,9,2023,0.0
REGION1,PWRSOLB02,10,2023,0.4400838136332681
REGION1,PWRSOLB02,11,2023,0.3954652565670575
REGION1,PWRSOLB02,12,2023,0.2407961497190276
REGION1,PWRSOLB02,13,2023,0.0
REGION1,PWRSOLB02,14,2023,0.6278546282200984
REGION1,PWRSOLB02,15,2023,0.7524443228570461
REGION1,PWRSOLB02,16,2023,0.2700576221142829
REGION1,PWRSOLB02,17,2023,0.0
REGION1,PWRSOLB02,18,2023,0.3254569771820588
REGION1,PWRSOLB02,19,2023,0.584882975075495
REGION1,PWRSOLB02,20,2023,0.0696768070203251
REGION1,PWRSOLB02,21,2023,0.0
REGION1,PWRSOLB02,22,2023,0.3473747461785928
REGION1,PWRSOLB02,23,2023,0.7784342392767956
REGION1,PWRSOLB02,24,2023,0.0
REGION1,PWRSOLB02,25,2023,0.0
REGION1,PWRSOLB02,26,2023,0.1769783454973223
REGION1,PWRSOLB02,27,2023,0.5096544866505692
REGION1,PWRSOLB02,28,2023,0.0
REGION1,PWRSOLB02,29,2023,0.0
REGION1,PWRSOLB02,30,2023,0.078893014699691
REGION1,PWRSOLB02,31,2023,0.38422657710994
REGION1,PWRSOLB02,32,2023,0.0
REGION1,PWRSOLB02,33,2023,0.0
REGION1,PWRSOLB02,34,2023,0.0453206428168153
REGION1,PWRSOLB02,35,2023,0.456448235287023
REGION1,PWRSOLB02,36,2023,0.0
REGION1,PWRSOLB02,37,2023,0.0
REGION1,PWRSOLB02,38,2023,0.0116619934163103
REGION1,PWRSOLB02,39,2023,0.0965869918891011
REGION1,PWRSOLB02,40,2023,0.0
REGION1,PWRSOLB02,1,2024,0.0
REGION1,PWRSOLB02,2,2024,0.4097235708531001
REGION1,PWRSOLB02,3,2024,0.7556404477944901
REGION1,PWRSOLB02,4,2024,0.1761130548995738
REGION1,PWRSOLB02,5,2024,0.0
REGION1,PWRSOLB02,6,2024,0.330411986255295
REGION1,PWRSOLB02,7,2024,0.7125223888418747
REGION1,PWRSOLB02,8,2024,0.2934961822679567
REGION1,PWRSOLB02,9,2024,0.0
REGION1,PWRSOLB02,10,2024,0.4400838136332681
REGION1,PWRSOLB02,11,2024,0.3954652565670575
REGION1,PWRSOLB02,12,2024,0.2407961497190276
REGION1,PWRSOLB02,13,2024,0.0
REGION1,PWRSOLB02,14,2024,0.6278546282200984
REGION1,PWRSOLB02,15,2024,0.7524443228570461
REGION1,PWRSOLB02,16,2024,0.2700576221142829
REGION1,PWRSOLB02,17,2024,0.0
REGION1,PWRSOLB02,18,2024,0.3254569771820588
REGION1,PWRSOLB02,19,2024,0.584882975075495
REGION1,PWRSOLB02,20,2024,0.0696768070203251
REGION1,PWRSOLB02,21,2024,0.0
REGION1,PWRSOLB02,22,2024,0.3473747461785928
REGION1,PWRSOLB02,23,2024,0.7784342392767956
REGION1,PWRSOLB02,24,2024,0.0
REGION1,PWRSOLB02,25,2024,0.0
REGION1,PWRSOLB02,26,2024,0.1769783454973223
REGION1,PWRSOLB02,27,2024,0.5096544866505692
REGION1,PWRSOLB02,28,2024,0.0
REGION1,PWRSOLB02,29,2024,0.0
REGION1,PWRSOLB02,30,2024,0.078893014699691
REGION1,PWRSOLB02,31,2024,0.38422657710994
REGION1,PWRSOLB02,32,2024,0.0
REGION1,PWRSOLB02,33,2024,0.0
REGION1,PWRSOLB02,34,2024,0.0453206428168153
REGION1,PWRSOLB02,35,2024,0.456448235287023
REGION1,PWRSOLB02,36,2024,0.0
REGION1,PWRSOLB02,37,2024,0.0
REGION1,PWRSOLB02,38,2024,0.0116619934163103
REGION1,PWRSOLB02,39,2024,0.0965869918891011
REGION1,PWRSOLB02,40,2024,0.0
REGION1,PWRSOLB02,1,2025,0.0
REGION1,PWRSOLB02,2,2025,0.4097235708531001
REGION1,PWRSOLB02,3,2025,0.7556404477944901
REGION1,PWRSOLB02,4,2025,0.1761130548995738
REGION1,PWRSOLB02,5,2025,0.0
REGION1,PWRSOLB02,6,2025,0.330411986255295
REGION1,PWRSOLB02,7,2025,0.7125223888418747
REGION1,PWRSOLB02,8,2025,0.2934961822679567
REGION1,PWRSOLB02,9,2025,0.0
REGION1,PWRSOLB02,10,2025,0.4400838136332681
REGION1,PWRSOLB02,11,2025,0.3954652565670575
REGION1,PWRSOLB02,12,2025,0.2407961497190276
REGION1,PWRSOLB02,13,2025,0.0
REGION1,PWRSOLB02,14,2025,0.6278546282200984
REGION1,PWRSOLB02,15,2025,0.7524443228570461
REGION1,PWRSOLB02,16,2025,0.2700576221142829
REGION1,PWRSOLB02,17,2025,0.0
REGION1,PWRSOLB02,18,2025,0.3254569771820588
REGION1,PWRSOLB02,19,2025,0.584882975075495
REGION1,PWRSOLB02,20,2025,0.0696768070203251
REGION1,PWRSOLB02,21,2025,0.0
REGION1,PWRSOLB02,22,2025,0.3473747461785928
REGION1,PWRSOLB02,23,2025,0.7784342392767956
REGION1,PWRSOLB02,24,2025,0.0
REGION1,PWRSOLB02,25,2025,0.0
REGION1,PWRSOLB02,26,2025,0.1769783454973223
REGION1,PWRSOLB02,27,2025,0.5096544866505692
REGION1,PWRSOLB02,28,2025,0.0
REGION1,PWRSOLB02,29,2025,0.0
REGION1,PWRSOLB02,30,2025,0.078893014699691
REGION1,PWRSOLB02,31,2025,0.38422657710994
REGION1,PWRSOLB02,32,2025,0.0
REGION1,PWRSOLB02,33,2025,0.0
REGION1,PWRSOLB02,34,2025,0.0453206428168153
REGION1,PWRSOLB02,35,2025,0.456448235287023
REGION1,PWRSOLB02,36,2025,0.0
REGION1,PWRSOLB02,37,2025,0.0
REGION1,PWRSOLB02,38,2025,0.0116619934163103
REGION1,PWRSOLB02,39,2025,0.0965869918891011
REGION1,PWRSOLB02,40,2025,0.0
REGION1,PWRSOLB02,1,2026,0.0
REGION1,PWRSOLB02,2,2026,0.4097235708531001
REGION1,PWRSOLB02,3,2026,0.7556404477944901
REGION1,PWRSOLB02,4,2026,0.1761130548995738
REGION1,PWRSOLB02,5,2026,0.0
REGION1,PWRSOLB02,6,2026,0.330411986255295
REGION1,PWRSOLB02,7,2026,0.7125223888418747
REGION1,PWRSOLB02,8,2026,0.2934961822679567
REGION1,PWRSOLB02,9,2026,0.0
REGION1,PWRSOLB02,10,2026,0.4400838136332681
REGION1,PWRSOLB02,11,2026,0.3954652565670575
REGION1,PWRSOLB02,12,2026,0.2407961497190276
REGION1,PWRSOLB02,13,2026,0.0
REGION1,PWRSOLB02,14,2026,0.6278546282200984
REGION1,PWRSOLB02,15,2026,0.7524443228570461
REGION1,PWRSOLB02,16,2026,0.2700576221142829
REGION1,PWRSOLB02,17,2026,0.0
REGION1,PWRSOLB02,18,2026,0.3254569771820588
REGION1,PWRSOLB02,19,2026,0.584882975075495
REGION1,PWRSOLB02,20,2026,0.0696768070203251
REGION1,PWRSOLB02,21,2026,0.0
REGION1,PWRSOLB02,22,2026,0.3473747461785928
REGION1,PWRSOLB02,23,2026,0.7784342392767956
REGION1,PWRSOLB02,24,2026,0.0
REGION1,PWRSOLB02,25,2026,0.0
REGION1,PWRSOLB02,26,2026,0.1769783454973223
REGION1,PWRSOLB02,27,2026,0.5096544866505692
REGION1,PWRSOLB02,28,2026,0.0
REGION1,PWRSOLB02,29,2026,0.0
REGION1,PWRSOLB02,30,2026,0.078893014699691
REGION1,PWRSOLB02,31,2026,0.38422657710994
REGION1,PWRSOLB02,32,2026,0.0
REGION1,PWRSOLB02,33,2026,0.0
REGION1,PWRSOLB02,34,2026,0.0453206428168153
REGION1,PWRSOLB02,35,2026,0.456448235287023
REGION1,PWRSOLB02,36,2026,0.0
REGION1,PWRSOLB02,37,2026,0.0
REGION1,PWRSOLB02,38,2026,0.0116619934163103
REGION1,PWRSOLB02,39,2026,0.0965869918891011
REGION1,PWRSOLB02,40,2026,0.0
REGION1,PWRSOLB02,1,2027,0.0
REGION1,PWRSOLB02,2,2027,0.4097235708531001
REGION1,PWRSOLB02,3,2027,0.7556404477944901
REGION1,PWRSOLB02,4,2027,0.1761130548995738
REGION1,PWRSOLB02,5,2027,0.0
REGION1,PWRSOLB02,6,2027,0.330411986255295
REGION1,PWRSOLB02,7,2027,0.7125223888418747
REGION1,PWRSOLB02,8,2027,0.2934961822679567
REGION1,PWRSOLB02,9,2027,0.0
REGION1,PWRSOLB02,10,2027,0.4400838136332681
REGION1,PWRSOLB02,11,2027,0.3954652565670575
REGION1,PWRSOLB02,12,2027,0.2407961497190276
REGION1,PWRSOLB02,13,2027,0.0
REGION1,PWRSOLB02,14,2027,0.6278546282200984
REGION1,PWRSOLB02,15,2027,0.7524443228570461
REGION1,PWRSOLB02,16,2027,0.2700576221142829
REGION1,PWRSOLB02,17,2027,0.0
REGION1,PWRSOLB02,18,2027,0.3254569771820588
REGION1,PWRSOLB02,19,2027,0.584882975075495
REGION1,PWRSOLB02,20,2027,0.0696768070203251
REGION1,PWRSOLB02,21,2027,0.0
REGION1,PWRSOLB02,22,2027,0.3473747461785928
REGION1,PWRSOLB02,23,2027,0.7784342392767956
REGION1,PWRSOLB02,24,2027,0.0
REGION1,PWRSOLB02,25,2027,0.0
REGION1,PWRSOLB02,26,2027,0.1769783454973223
REGION1,PWRSOLB02,27,2027,0.5096544866505692
REGION1,PWRSOLB02,28,2027,0.0
REGION1,PWRSOLB02,29,2027,0.0
REGION1,PWRSOLB02,30,2027,0.078893014699691
REGION1,PWRSOLB02,31,2027,0.38422657710994
REGION1,PWRSOLB02,32,2027,0.0
REGION1,PWRSOLB02,33,2027,0.0
REGION1,PWRSOLB02,34,2027,0.0453206428168153
REGION1,PWRSOLB02,35,2027,0.456448235287023
REGION1,PWRSOLB02,36,2027,0.0
REGION1,PWRSOLB02,37,2027,0.0
REGION1,PWRSOLB02,38,2027,0.0116619934163103
REGION1,PWRSOLB02,39,2027,0.0965869918891011
REGION1,PWRSOLB02,40,2027,0.0
REGION1,PWRSOLB02,1,2028,0.0
REGION1,PWRSOLB02,2,2028,0.4097235708531001
REGION1,PWRSOLB02,3,2028,0.7556404477944901
REGION1,PWRSOLB02,4,2028,0.1761130548995738
REGION1,PWRSOLB02,5,2028,0.0
REGION1,PWRSOLB02,6,2028,0.330411986255295
REGION1,PWRSOLB02,7,2028,0.7125223888418747
REGION1,PWRSOLB02,8,2028,0.2934961822679567
REGION1,PWRSOLB02,9,2028,0.0
REGION1,PWRSOLB02,10,2028,0.4400838136332681
REGION1,PWRSOLB02,11,2028,0.3954652565670575
REGION1,PWRSOLB02,12,2028,0.2407961497190276
REGION1,PWRSOLB02,13,2028,0.0
REGION1,PWRSOLB02,14,2028,0.6278546282200984
REGION1,PWRSOLB02,15,2028,0.7524443228570461
REGION1,PWRSOLB02,16,2028,0.2700576221142829
REGION1,PWRSOLB02,17,2028,0.0
REGION1,PWRSOLB02,18,2028,0.3254569771820588
REGION1,PWRSOLB02,19,2028,0.584882975075495
REGION1,PWRSOLB02,20,2028,0.0696768070203251
REGION1,PWRSOLB02,21,2028,0.0
REGION1,PWRSOLB02,22,2028,0.3473747461785928
REGION1,PWRSOLB02,23,2028,0.7784342392767956
REGION1,PWRSOLB02,24,2028,0.0
REGION1,PWRSOLB02,25,2028,0.0
REGION1,PWRSOLB02,26,2028,0.1769783454973223
REGION1,PWRSOLB02,27,2028,0.5096544866505692
REGION1,PWRSOLB02,28,2028,0.0
REGION1,PWRSOLB02,29,2028,0.0
REGION1,PWRSOLB02,30,2028,0.078893014699691
REGION1,PWRSOLB02,31,2028,0.38422657710994
REGION1,PWRSOLB02,32,2028,0.0
REGION1,PWRSOLB02,33,2028,0.0
REGION1,PWRSOLB02,34,2028,0.0453206428168153
REGION1,PWRSOLB02,35,2028,0.456448235287023
REGION1,PWRSOLB02,36,2028,0.0
REGION1,PWRSOLB02,37,2028,0.0
REGION1,PWRSOLB02,38,2028,0.0116619934163103
REGION1,PWRSOLB02,39,2028,0.0965869918891011
REGION1,PWRSOLB02,40,2028,0.0
REGION1,PWRSOLB02,1,2029,0.0
REGION1,PWRSOLB02,2,2029,0.4097235708531001
REGION1,PWRSOLB02,3,2029,0.7556404477944901
REGION1,PWRSOLB02,4,2029,0.1761130548995738
REGION1,PWRSOLB02,5,2029,0.0
REGION1,PWRSOLB02,6,2029,0.330411986255295
REGION1,PWRSOLB02,7,2029,0.7125223888418747
REGION1,PWRSOLB02,8,2029,0.2934961822679567
REGION1,PWRSOLB02,9,2029,0.0
REGION1,PWRSOLB02,10,2029,0.4400838136332681
REGION1,PWRSOLB02,11,2029,0.3954652565670575
REGION1,PWRSOLB02,12,2029,0.2407961497190276
REGION1,PWRSOLB02,13,2029,0.0
REGION1,PWRSOLB02,14,2029,0.6278546282200984
REGION1,PWRSOLB02,15,2029,0.7524443228570461
REGION1,PWRSOLB02,16,2029,0.2700576221142829
REGION1,PWRSOLB02,17,2029,0.0
REGION1,PWRSOLB02,18,2029,0.3254569771820588
REGION1,PWRSOLB02,19,2029,0.584882975075495
REGION1,PWRSOLB02,20,2029,0.0696768070203251
REGION1,PWRSOLB02,21,2029,0.0
REGION1,PWRSOLB02,22,2029,0.3473747461785928
REGION1,PWRSOLB02,23,2029,0.7784342392767956
REGION1,PWRSOLB02,24,2029,0.0
REGION1,PWRSOLB02,25,2029,0.0
REGION1,PWRSOLB02,26,2029,0.1769783454973223
REGION1,PWRSOLB02,27,2029,0.5096544866505692
REGION1,PWRSOLB02,28,2029,0.0
REGION1,PWRSOLB02,29,2029,0.0
REGION1,PWRSOLB02,30,2029,0.078893014699691
REGION1,PWRSOLB02,31,2029,0.38422657710994
REGION1,PWRSOLB02,32,2029,0.0
REGION1,PWRSOLB02,33,2029,0.0
REGION1,PWRSOLB02,34,2029,0.0453206428168153
REGION1,PWRSOLB02,35,2029,0.456448235287023
REGION1,PWRSOLB02,36,2029,0.0
REGION1,PWRSOLB02,37,2029,0.0
REGION1,PWRSOLB02,38,2029,0.0116619934163103
REGION1,PWRSOLB02,39,2029,0.0965869918891011
REGION1,PWRSOLB02,40,2029,0.0
REGION1,PWRSOLB02,1,2030,0.0
REGION1,PWRSOLB02,2,2030,0.4097235708531001
REGION1,PWRSOLB02,3,2030,0.7556404477944901
REGION1,PWRSOLB02,4,2030,0.1761130548995738
REGION1,PWRSOLB02,5,2030,0.0
REGION1,PWRSOLB02,6,2030,0.330411986255295
REGION1,PWRSOLB02,7,2030,0.7125223888418747
REGION1,PWRSOLB02,8,2030,0.2934961822679567
REGION1,PWRSOLB02,9,2030,0.0
REGION1,PWRSOLB02,10,2030,0.4400838136332681
REGION1,PWRSOLB02,11,2030,0.3954652565670575
REGION1,PWRSOLB02,12,2030,0.2407961497190276
REGION1,PWRSOLB02,13,2030,0.0
REGION1,PWRSOLB02,14,2030,0.6278546282200984
REGION1,PWRSOLB02,15,2030,0.7524443228570461
REGION1,PWRSOLB02,16,2030,0.2700576221142829
REGION1,PWRSOLB02,17,2030,0.0
REGION1,PWRSOLB02,18,2030,0.3254569771820588
REGION1,PWRSOLB02,19,2030,0.584882975075495
REGION1,PWRSOLB02,20,2030,0.0696768070203251
REGION1,PWRSOLB02,21,2030,0.0
REGION1,PWRSOLB02,22,2030,0.3473747461785928
REGION1,PWRSOLB02,23,2030,0.7784342392767956
REGION1,PWRSOLB02,24,2030,0.0
REGION1,PWRSOLB02,25,2030,0.0
REGION1,PWRSOLB02,26,2030,0.1769783454973223
REGION1,PWRSOLB02,27,2030,0.5096544866505692
REGION1,PWRSOLB02,28,2030,0.0
REGION1,PWRSOLB02,29,2030,0.0
REGION1,PWRSOLB02,30,2030,0.078893014699691
REGION1,PWRSOLB02,31,2030,0.38422657710994
REGION1,PWRSOLB02,32,2030,0.0
REGION1,PWRSOLB02,33,2030,0.0
REGION1,PWRSOLB02,34,2030,0.0453206428168153
REGION1,PWRSOLB02,35,2030,0.456448235287023
REGION1,PWRSOLB02,36,2030,0.0
REGION1,PWRSOLB02,37,2030,0.0
REGION1,PWRSOLB02,38,2030,0.0116619934163103
REGION1,PWRSOLB02,39,2030,0.0965869918891011
REGION1,PWRSOLB02,40,2030,0.0
REGION1,PWRSOLB02,1,2031,0.0
REGION1,PWRSOLB02,2,2031,0.4097235708531001
REGION1,PWRSOLB02,3,2031,0.7556404477944901
REGION1,PWRSOLB02,4,2031,0.1761130548995738
REGION1,PWRSOLB02,5,2031,0.0
REGION1,PWRSOLB02,6,2031,0.330411986255295
REGION1,PWRSOLB02,7,2031,0.7125223888418747
REGION1,PWRSOLB02,8,2031,0.2934961822679567
REGION1,PWRSOLB02,9,2031,0.0
REGION1,PWRSOLB02,10,2031,0.4400838136332681
REGION1,PWRSOLB02,11,2031,0.3954652565670575
REGION1,PWRSOLB02,12,2031,0.2407961497190276
REGION1,PWRSOLB02,13,2031,0.0
REGION1,PWRSOLB02,14,2031,0.6278546282200984
REGION1,PWRSOLB02,15,2031,0.7524443228570461
REGION1,PWRSOLB02,16,2031,0.2700576221142829
REGION1,PWRSOLB02,17,2031,0.0
REGION1,PWRSOLB02,18,2031,0.3254569771820588
REGION1,PWRSOLB02,19,2031,0.584882975075495
REGION1,PWRSOLB02,20,2031,0.0696768070203251
REGION1,PWRSOLB02,21,2031,0.0
REGION1,PWRSOLB02,22,2031,0.3473747461785928
REGION1,PWRSOLB02,23,2031,0.7784342392767956
REGION1,PWRSOLB02,24,2031,0.0
REGION1,PWRSOLB02,25,2031,0.0
REGION1,PWRSOLB02,26,2031,0.1769783454973223
REGION1,PWRSOLB02,27,2031,0.5096544866505692
REGION1,PWRSOLB02,28,2031,0.0
REGION1,PWRSOLB02,29,2031,0.0
REGION1,PWRSOLB02,30,2031,0.078893014699691
REGION1,PWRSOLB02,31,2031,0.38422657710994
REGION1,PWRSOLB02,32,2031,0.0
REGION1,PWRSOLB02,33,2031,0.0
REGION1,PWRSOLB02,34,2031,0.0453206428168153
REGION1,PWRSOLB02,35,2031,0.456448235287023
REGION1,PWRSOLB02,36,2031,0.0
REGION1,PWRSOLB02,37,2031,0.0
REGION1,PWRSOLB02,38,2031,0.0116619934163103
REGION1,PWRSOLB02,39,2031,0.0965869918891011
REGION1,PWRSOLB02,40,2031,0.0
REGION1,PWRSOLB02,1,2032,0.0
REGION1,PWRSOLB02,2,2032,0.4097235708531001
REGION1,PWRSOLB02,3,2032,0.7556404477944901
REGION1,PWRSOLB02,4,2032,0.1761130548995738
REGION1,PWRSOLB02,5,2032,0.0
REGION1,PWRSOLB02,6,2032,0.330411986255295
REGION1,PWRSOLB02,7,2032,0.7125223888418747
REGION1,PWRSOLB02,8,2032,0.2934961822679567
REGION1,PWRSOLB02,9,2032,0.0
REGION1,PWRSOLB02,10,2032,0.4400838136332681
REGION1,PWRSOLB02,11,2032,0.3954652565670575
REGION1,PWRSOLB02,12,2032,0.2407961497190276
REGION1,PWRSOLB02,13,2032,0.0
REGION1,PWRSOLB02,14,2032,0.6278546282200984
REGION1,PWRSOLB02,15,2032,0.7524443228570461
REGION1,PWRSOLB02,16,2032,0.2700576221142829
REGION1,PWRSOLB02,17,2032,0.0
REGION1,PWRSOLB02,18,2032,0.3254569771820588
REGION1,PWRSOLB02,19,2032,0.584882975075495
REGION1,PWRSOLB02,20,2032,0.0696768070203251
REGION1,PWRSOLB02,21,2032,0.0
REGION1,PWRSOLB02,22,2032,0.3473747461785928
REGION1,PWRSOLB02,23,2032,0.7784342392767956
REGION1,PWRSOLB02,24,2032,0.0
REGION1,PWRSOLB02,25,2032,0.0
REGION1,PWRSOLB02,26,2032,0.1769783454973223
REGION1,PWRSOLB02,27,2032,0.5096544866505692
REGION1,PWRSOLB02,28,2032,0.0
REGION1,PWRSOLB02,29,2032,0.0
REGION1,PWRSOLB02,30,2032,0.078893014699691
REGION1,PWRSOLB02,31,2032,0.38422657710994
REGION1,PWRSOLB02,32,2032,0.0
REGION1,PWRSOLB02,33,2032,0.0
REGION1,PWRSOLB02,34,2032,0.0453206428168153
REGION1,PWRSOLB02,35,2032,0.456448235287023
REGION1,PWRSOLB02,36,2032,0.0
REGION1,PWRSOLB02,37,2032,0.0
REGION1,PWRSOLB02,38,2032,0.0116619934163103
REGION1,PWRSOLB02,39,2032,0.0965869918891011
REGION1,PWRSOLB02,40,2032,0.0
REGION1,PWRSOLB02,1,2033,0.0
REGION1,PWRSOLB02,2,2033,0.4097235708531001
REGION1,PWRSOLB02,3,2033,0.7556404477944901
REGION1,PWRSOLB02,4,2033,0.1761130548995738
REGION1,PWRSOLB02,5,2033,0.0
REGION1,PWRSOLB02,6,2033,0.330411986255295
REGION1,PWRSOLB02,7,2033,0.7125223888418747
REGION1,PWRSOLB02,8,2033,0.2934961822679567
REGION1,PWRSOLB02,9,2033,0.0
REGION1,PWRSOLB02,10,2033,0.4400838136332681
REGION1,PWRSOLB02,11,2033,0.3954652565670575
REGION1,PWRSOLB02,12,2033,0.2407961497190276
REGION1,PWRSOLB02,13,2033,0.0
REGION1,PWRSOLB02,14,2033,0.6278546282200984
REGION1,PWRSOLB02,15,2033,0.7524443228570461
REGION1,PWRSOLB02,16,2033,0.2700576221142829
REGION1,PWRSOLB02,17,2033,0.0
REGION1,PWRSOLB02,18,2033,0.3254569771820588
REGION1,PWRSOLB02,19,2033,0.584882975075495
REGION1,PWRSOLB02,20,2033,0.0696768070203251
REGION1,PWRSOLB02,21,2033,0.0
REGION1,PWRSOLB02,22,2033,0.3473747461785928
REGION1,PWRSOLB02,23,2033,0.7784342392767956
REGION1,PWRSOLB02,24,2033,0.0
REGION1,PWRSOLB02,25,2033,0.0
REGION1,PWRSOLB02,26,2033,0.1769783454973223
REGION1,PWRSOLB02,27,2033,0.5096544866505692
REGION1,PWRSOLB02,28,2033,0.0
REGION1,PWRSOLB02,29,2033,0.0
REGION1,PWRSOLB02,30,2033,0.078893014699691
REGION1,PWRSOLB02,31,2033,0.38422657710994
REGION1,PWRSOLB02,32,2033,0.0
REGION1,PWRSOLB02,33,2033,0.0
REGION1,PWRSOLB02,34,2033,0.0453206428168153
REGION1,PWRSOLB02,35,2033,0.456448235287023
REGION1,PWRSOLB02,36,2033,0.0
REGION1,PWRSOLB02,37,2033,0.0
REGION1,PWRSOLB02,38,2033,0.0116619934163103
REGION1,PWRSOLB02,39,2033,0.0965869918891011
REGION1,PWRSOLB02,40,2033,0.0
REGION1,PWRSOLB02,1,2034,0.0
REGION1,PWRSOLB02,2,2034,0.4097235708531001
REGION1,PWRSOLB02,3,2034,0.7556404477944901
REGION1,PWRSOLB02,4,2034,0.1761130548995738
REGION1,PWRSOLB02,5,2034,0.0
REGION1,PWRSOLB02,6,2034,0.330411986255295
REGION1,PWRSOLB02,7,2034,0.7125223888418747
REGION1,PWRSOLB02,8,2034,0.2934961822679567
REGION1,PWRSOLB02,9,2034,0.0
REGION1,PWRSOLB02,10,2034,0.4400838136332681
REGION1,PWRSOLB02,11,2034,0.3954652565670575
REGION1,PWRSOLB02,12,2034,0.2407961497190276
REGION1,PWRSOLB02,13,2034,0.0
REGION1,PWRSOLB02,14,2034,0.6278546282200984
REGION1,PWRSOLB02,15,2034,0.7524443228570461
REGION1,PWRSOLB02,16,2034,0.2700576221142829
REGION1,PWRSOLB02,17,2034,0.0
REGION1,PWRSOLB02,18,2034,0.3254569771820588
REGION1,PWRSOLB02,19,2034,0.584882975075495
REGION1,PWRSOLB02,20,2034,0.0696768070203251
REGION1,PWRSOLB02,21,2034,0.0
REGION1,PWRSOLB02,22,2034,0.3473747461785928
REGION1,PWRSOLB02,23,2034,0.7784342392767956
REGION1,PWRSOLB02,24,2034,0.0
REGION1,PWRSOLB02,25,2034,0.0
REGION1,PWRSOLB02,26,2034,0.1769783454973223
REGION1,PWRSOLB02,27,2034,0.5096544866505692
REGION1,PWRSOLB02,28,2034,0.0
REGION1,PWRSOLB02,29,2034,0.0
REGION1,PWRSOLB02,30,2034,0.078893014699691
REGION1,PWRSOLB02,31,2034,0.38422657710994
REGION1,PWRSOLB02,32,2034,0.0
REGION1,PWRSOLB02,33,2034,0.0
REGION1,PWRSOLB02,34,2034,0.0453206428168153
REGION1,PWRSOLB02,35,2034,0.456448235287023
REGION1,PWRSOLB02,36,2034,0.0
REGION1,PWRSOLB02,37,2034,0.0
REGION1,PWRSOLB02,38,2034,0.0116619934163103
REGION1,PWRSOLB02,39,2034,0.0965869918891011
REGION1,PWRSOLB02,40,2034,0.0
REGION1,PWRSOLB02,1,2035,0.0
REGION1,PWRSOLB02,2,2035,0.4097235708531001
REGION1,PWRSOLB02,3,2035,0.7556404477944901
REGION1,PWRSOLB02,4,2035,0.1761130548995738
REGION1,PWRSOLB02,5,2035,0.0
REGION1,PWRSOLB02,6,2035,0.330411986255295
REGION1,PWRSOLB02,7,2035,0.7125223888418747
REGION1,PWRSOLB02,8,2035,0.2934961822679567
REGION1,PWRSOLB02,9,2035,0.0
REGION1,PWRSOLB02,10,2035,0.4400838136332681
REGION1,PWRSOLB02,11,2035,0.3954652565670575
REGION1,PWRSOLB02,12,2035,0.2407961497190276
REGION1,PWRSOLB02,13,2035,0.0
REGION1,PWRSOLB02,14,2035,0.6278546282200984
REGION1,PWRSOLB02,15,2035,0.7524443228570461
REGION1,PWRSOLB02,16,2035,0.2700576221142829
REGION1,PWRSOLB02,17,2035,0.0
REGION1,PWRSOLB02,18,2035,0.3254569771820588
REGION1,PWRSOLB02,19,2035,0.584882975075495
REGION1,PWRSOLB02,20,2035,0.0696768070203251
REGION1,PWRSOLB02,21,2035,0.0
REGION1,PWRSOLB02,22,2035,0.3473747461785928
REGION1,PWRSOLB02,23,2035,0.7784342392767956
REGION1,PWRSOLB02,24,2035,0.0
REGION1,PWRSOLB02,25,2035,0.0
REGION1,PWRSOLB02,26,2035,0.1769783454973223
REGION1,PWRSOLB02,27,2035,0.5096544866505692
REGION1,PWRSOLB02,28,2035,0.0
REGION1,PWRSOLB02,29,2035,0.0
REGION1,PWRSOLB02,30,2035,0.078893014699691
REGION1,PWRSOLB02,31,2035,0.38422657710994
REGION1,PWRSOLB02,32,2035,0.0
REGION1,PWRSOLB02,33,2035,0.0
REGION1,PWRSOLB02,34,2035,0.0453206428168153
REGION1,PWRSOLB02,35,2035,0.456448235287023
REGION1,PWRSOLB02,36,2035,0.0
REGION1,PWRSOLB02,37,2035,0.0
REGION1,PWRSOLB02,38,2035,0.0116619934163103
REGION1,PWRSOLB02,39,2035,0.0965869918891011
REGION1,PWRSOLB02,40,2035,0.0
REGION1,PWRSOLB02,1,2036,0.0
REGION1,PWRSOLB02,2,2036,0.4097235708531001
REGION1,PWRSOLB02,3,2036,0.7556404477944901
REGION1,PWRSOLB02,4,2036,0.1761130548995738
REGION1,PWRSOLB02,5,2036,0.0
REGION1,PWRSOLB02,6,2036,0.330411986255295
REGION1,PWRSOLB02,7,2036,0.7125223888418747
REGION1,PWRSOLB02,8,2036,0.2934961822679567
REGION1,PWRSOLB02,9,2036,0.0
REGION1,PWRSOLB02,10,2036,0.4400838136332681
REGION1,PWRSOLB02,11,2036,0.3954652565670575
REGION1,PWRSOLB02,12,2036,0.2407961497190276
REGION1,PWRSOLB02,13,2036,0.0
REGION1,PWRSOLB02,14,2036,0.6278546282200984
REGION1,PWRSOLB02,15,2036,0.7524443228570461
REGION1,PWRSOLB02,16,2036,0.2700576221142829
REGION1,PWRSOLB02,17,2036,0.0
REGION1,PWRSOLB02,18,2036,0.3254569771820588
REGION1,PWRSOLB02,19,2036,0.584882975075495
REGION1,PWRSOLB02,20,2036,0.0696768070203251
REGION1,PWRSOLB02,21,2036,0.0
REGION1,PWRSOLB02,22,2036,0.3473747461785928
REGION1,PWRSOLB02,23,2036,0.7784342392767956
REGION1,PWRSOLB02,24,2036,0.0
REGION1,PWRSOLB02,25,2036,0.0
REGION1,PWRSOLB02,26,2036,0.1769783454973223
REGION1,PWRSOLB02,27,2036,0.5096544866505692
REGION1,PWRSOLB02,28,2036,0.0
REGION1,PWRSOLB02,29,2036,0.0
REGION1,PWRSOLB02,30,2036,0.078893014699691
REGION1,PWRSOLB02,31,2036,0.38422657710994
REGION1,PWRSOLB02,32,2036,0.0
REGION1,PWRSOLB02,33,2036,0.0
REGION1,PWRSOLB02,34,2036,0.0453206428168153
REGION1,PWRSOLB02,35,2036,0.456448235287023
REGION1,PWRSOLB02,36,2036,0.0
REGION1,PWRSOLB02,37,2036,0.0
REGION1,PWRSOLB02,38,2036,0.0116619934163103
REGION1,PWRSOLB02,39,2036,0.0965869918891011
REGION1,PWRSOLB02,40,2036,0.0
REGION1,PWRSOLB02,1,2037,0.0
REGION1,PWRSOLB02,2,2037,0.4097235708531001
REGION1,PWRSOLB02,3,2037,0.7556404477944901
REGION1,PWRSOLB02,4,2037,0.1761130548995738
REGION1,PWRSOLB02,5,2037,0.0
REGION1,PWRSOLB02,6,2037,0.330411986255295
REGION1,PWRSOLB02,7,2037,0.7125223888418747
REGION1,PWRSOLB02,8,2037,0.2934961822679567
REGION1,PWRSOLB02,9,2037,0.0
REGION1,PWRSOLB02,10,2037,0.4400838136332681
REGION1,PWRSOLB02,11,2037,0.3954652565670575
REGION1,PWRSOLB02,12,2037,0.2407961497190276
REGION1,PWRSOLB02,13,2037,0.0
REGION1,PWRSOLB02,14,2037,0.6278546282200984
REGION1,PWRSOLB02,15,2037,0.7524443228570461
REGION1,PWRSOLB02,16,2037,0.2700576221142829
REGION1,PWRSOLB02,17,2037,0.0
REGION1,PWRSOLB02,18,2037,0.3254569771820588
REGION1,PWRSOLB02,19,2037,0.584882975075495
REGION1,PWRSOLB02,20,2037,0.0696768070203251
REGION1,PWRSOLB02,21,2037,0.0
REGION1,PWRSOLB02,22,2037,0.3473747461785928
REGION1,PWRSOLB02,23,2037,0.7784342392767956
REGION1,PWRSOLB02,24,2037,0.0
REGION1,PWRSOLB02,25,2037,0.0
REGION1,PWRSOLB02,26,2037,0.1769783454973223
REGION1,PWRSOLB02,27,2037,0.5096544866505692
REGION1,PWRSOLB02,28,2037,0.0
REGION1,PWRSOLB02,29,2037,0.0
REGION1,PWRSOLB02,30,2037,0.078893014699691
REGION1,PWRSOLB02,31,2037,0.38422657710994
REGION1,PWRSOLB02,32,2037,0.0
REGION1,PWRSOLB02,33,2037,0.0
REGION1,PWRSOLB02,34,2037,0.0453206428168153
REGION1,PWRSOLB02,35,2037,0.456448235287023
REGION1,PWRSOLB02,36,2037,0.0
REGION1,PWRSOLB02,37,2037,0.0
REGION1,PWRSOLB02,38,2037,0.0116619934163103
REGION1,PWRSOLB02,39,2037,0.0965869918891011
REGION1,PWRSOLB02,40,2037,0.0
REGION1,PWRSOLB02,1,2038,0.0
REGION1,PWRSOLB02,2,2038,0.4097235708531001
REGION1,PWRSOLB02,3,2038,0.7556404477944901
REGION1,PWRSOLB02,4,2038,0.1761130548995738
REGION1,PWRSOLB02,5,2038,0.0
REGION1,PWRSOLB02,6,2038,0.330411986255295
REGION1,PWRSOLB02,7,2038,0.7125223888418747
REGION1,PWRSOLB02,8,2038,0.2934961822679567
REGION1,PWRSOLB02,9,2038,0.0
REGION1,PWRSOLB02,10,2038,0.4400838136332681
REGION1,PWRSOLB02,11,2038,0.3954652565670575
REGION1,PWRSOLB02,12,2038,0.2407961497190276
REGION1,PWRSOLB02,13,2038,0.0
REGION1,PWRSOLB02,14,2038,0.6278546282200984
REGION1,PWRSOLB02,15,2038,0.7524443228570461
REGION1,PWRSOLB02,16,2038,0.2700576221142829
REGION1,PWRSOLB02,17,2038,0.0
REGION1,PWRSOLB02,18,2038,0.3254569771820588
REGION1,PWRSOLB02,19,2038,0.584882975075495
REGION1,PWRSOLB02,20,2038,0.0696768070203251
REGION1,PWRSOLB02,21,2038,0.0
REGION1,PWRSOLB02,22,2038,0.3473747461785928
REGION1,PWRSOLB02,23,2038,0.7784342392767956
REGION1,PWRSOLB02,24,2038,0.0
REGION1,PWRSOLB02,25,2038,0.0
REGION1,PWRSOLB02,26,2038,0.1769783454973223
REGION1,PWRSOLB02,27,2038,0.5096544866505692
REGION1,PWRSOLB02,28,2038,0.0
REGION1,PWRSOLB02,29,2038,0.0
REGION1,PWRSOLB02,30,2038,0.078893014699691
REGION1,PWRSOLB02,31,2038,0.38422657710994
REGION1,PWRSOLB02,32,2038,0.0
REGION1,PWRSOLB02,33,2038,0.0
REGION1,PWRSOLB02,34,2038,0.0453206428168153
REGION1,PWRSOLB02,35,2038,0.456448235287023
REGION1,PWRSOLB02,36,2038,0.0
REGION1,PWRSOLB02,37,2038,0.0
REGION1,PWRSOLB02,38,2038,0.0116619934163103
REGION1,PWRSOLB02,39,2038,0.0965869918891011
REGION1,PWRSOLB02,40,2038,0.0
REGION1,PWRSOLB02,1,2039,0.0
REGION1,PWRSOLB02,2,2039,0.4097235708531001
REGION1,PWRSOLB02,3,2039,0.7556404477944901
REGION1,PWRSOLB02,4,2039,0.1761130548995738
REGION1,PWRSOLB02,5,2039,0.0
REGION1,PWRSOLB02,6,2039,0.330411986255295
REGION1,PWRSOLB02,7,2039,0.7125223888418747
REGION1,PWRSOLB02,8,2039,0.2934961822679567
REGION1,PWRSOLB02,9,2039,0.0
REGION1,PWRSOLB02,10,2039,0.4400838136332681
REGION1,PWRSOLB02,11,2039,0.3954652565670575
REGION1,PWRSOLB02,12,2039,0.2407961497190276
REGION1,PWRSOLB02,13,2039,0.0
REGION1,PWRSOLB02,14,2039,0.6278546282200984
REGION1,PWRSOLB02,15,2039,0.7524443228570461
REGION1,PWRSOLB02,16,2039,0.2700576221142829
REGION1,PWRSOLB02,17,2039,0.0
REGION1,PWRSOLB02,18,2039,0.3254569771820588
REGION1,PWRSOLB02,19,2039,0.584882975075495
REGION1,PWRSOLB02,20,2039,0.0696768070203251
REGION1,PWRSOLB02,21,2039,0.0
REGION1,PWRSOLB02,22,2039,0.3473747461785928
REGION1,PWRSOLB02,23,2039,0.7784342392767956
REGION1,PWRSOLB02,24,2039,0.0
REGION1,PWRSOLB02,25,2039,0.0
REGION1,PWRSOLB02,26,2039,0.1769783454973223
REGION1,PWRSOLB02,27,2039,0.5096544866505692
REGION1,PWRSOLB02,28,2039,0.0
REGION1,PWRSOLB02,29,2039,0.0
REGION1,PWRSOLB02,30,2039,0.078893014699691
REGION1,PWRSOLB02,31,2039,0.38422657710994
REGION1,PWRSOLB02,32,2039,0.0
REGION1,PWRSOLB02,33,2039,0.0
REGION1,PWRSOLB02,34,2039,0.0453206428168153
REGION1,PWRSOLB02,35,2039,0.456448235287023
REGION1,PWRSOLB02,36,2039,0.0
REGION1,PWRSOLB02,37,2039,0.0
REGION1,PWRSOLB02,38,2039,0.0116619934163103
REGION1,PWRSOLB02,39,2039,0.0965869918891011
REGION1,PWRSOLB02,40,2039,0.0
REGION1,PWRSOLB02,1,2040,0.0
REGION1,PWRSOLB02,2,2040,0.4097235708531001
REGION1,PWRSOLB02,3,2040,0.7556404477944901
REGION1,PWRSOLB02,4,2040,0.1761130548995738
REGION1,PWRSOLB02,5,2040,0.0
REGION1,PWRSOLB02,6,2040,0.330411986255295
REGION1,PWRSOLB02,7,2040,0.7125223888418747
REGION1,PWRSOLB02,8,2040,0.2934961822679567
REGION1,PWRSOLB02,9,2040,0.0
REGION1,PWRSOLB02,10,2040,0.4400838136332681
REGION1,PWRSOLB02,11,2040,0.3954652565670575
REGION1,PWRSOLB02,12,2040,0.2407961497190276
REGION1,PWRSOLB02,13,2040,0.0
REGION1,PWRSOLB02,14,2040,0.6278546282200984
REGION1,PWRSOLB02,15,2040,0.7524443228570461
REGION1,PWRSOLB02,16,2040,0.2700576221142829
REGION1,PWRSOLB02,17,2040,0.0
REGION1,PWRSOLB02,18,2040,0.3254569771820588
REGION1,PWRSOLB02,19,2040,0.584882975075495
REGION1,PWRSOLB02,20,2040,0.0696768070203251
REGION1,PWRSOLB02,21,2040,0.0
REGION1,PWRSOLB02,22,2040,0.3473747461785928
REGION1,PWRSOLB02,23,2040,0.7784342392767956
REGION1,PWRSOLB02,24,2040,0.0
REGION1,PWRSOLB02,25,2040,0.0
REGION1,PWRSOLB02,26,2040,0.1769783454973223
REGION1,PWRSOLB02,27,2040,0.5096544866505692
REGION1,PWRSOLB02,28,2040,0.0
REGION1,PWRSOLB02,29,2040,0.0
REGION1,PWRSOLB02,30,2040,0.078893014699691
REGION1,PWRSOLB02,31,2040,0.38422657710994
REGION1,PWRSOLB02,32,2040,0.0
REGION1,PWRSOLB02,33,2040,0.0
REGION1,PWRSOLB02,34,2040,0.0453206428168153
REGION1,PWRSOLB02,35,2040,0.456448235287023
REGION1,PWRSOLB02,36,2040,0.0
REGION1,PWRSOLB02,37,2040,0.0
REGION1,PWRSOLB02,38,2040,0.0116619934163103
REGION1,PWRSOLB02,39,2040,0.0965869918891011
REGION1,PWRSOLB02,40,2040,0.0
REGION1,PWRSOLB02,1,2041,0.0
REGION1,PWRSOLB02,2,2041,0.4097235708531001
REGION1,PWRSOLB02,3,2041,0.7556404477944901
REGION1,PWRSOLB02,4,2041,0.1761130548995738
REGION1,PWRSOLB02,5,2041,0.0
REGION1,PWRSOLB02,6,2041,0.330411986255295
REGION1,PWRSOLB02,7,2041,0.7125223888418747
REGION1,PWRSOLB02,8,2041,0.2934961822679567
REGION1,PWRSOLB02,9,2041,0.0
REGION1,PWRSOLB02,10,2041,0.4400838136332681
REGION1,PWRSOLB02,11,2041,0.3954652565670575
REGION1,PWRSOLB02,12,2041,0.2407961497190276
REGION1,PWRSOLB02,13,2041,0.0
REGION1,PWRSOLB02,14,2041,0.6278546282200984
REGION1,PWRSOLB02,15,2041,0.7524443228570461
REGION1,PWRSOLB02,16,2041,0.2700576221142829
REGION1,PWRSOLB02,17,2041,0.0
REGION1,PWRSOLB02,18,2041,0.3254569771820588
REGION1,PWRSOLB02,19,2041,0.584882975075495
REGION1,PWRSOLB02,20,2041,0.0696768070203251
REGION1,PWRSOLB02,21,2041,0.0
REGION1,PWRSOLB02,22,2041,0.3473747461785928
REGION1,PWRSOLB02,23,2041,0.7784342392767956
REGION1,PWRSOLB02,24,2041,0.0
REGION1,PWRSOLB02,25,2041,0.0
REGION1,PWRSOLB02,26,2041,0.1769783454973223
REGION1,PWRSOLB02,27,2041,0.5096544866505692
REGION1,PWRSOLB02,28,2041,0.0
REGION1,PWRSOLB02,29,2041,0.0
REGION1,PWRSOLB02,30,2041,0.078893014699691
REGION1,PWRSOLB02,31,2041,0.38422657710994
REGION1,PWRSOLB02,32,2041,0.0
REGION1,PWRSOLB02,33,2041,0.0
REGION1,PWRSOLB02,34,2041,0.0453206428168153
REGION1,PWRSOLB02,35,2041,0.456448235287023
REGION1,PWRSOLB02,36,2041,0.0
REGION1,PWRSOLB02,37,2041,0.0
REGION1,PWRSOLB02,38,2041,0.0116619934163103
REGION1,PWRSOLB02,39,2041,0.0965869918891011
REGION1,PWRSOLB02,40,2041,0.0
REGION1,PWRSOLB02,1,2042,0.0
REGION1,PWRSOLB02,2,2042,0.4097235708531001
REGION1,PWRSOLB02,3,2042,0.7556404477944901
REGION1,PWRSOLB02,4,2042,0.1761130548995738
REGION1,PWRSOLB02,5,2042,0.0
REGION1,PWRSOLB02,6,2042,0.330411986255295
REGION1,PWRSOLB02,7,2042,0.7125223888418747
REGION1,PWRSOLB02,8,2042,0.2934961822679567
REGION1,PWRSOLB02,9,2042,0.0
REGION1,PWRSOLB02,10,2042,0.4400838136332681
REGION1,PWRSOLB02,11,2042,0.3954652565670575
REGION1,PWRSOLB02,12,2042,0.2407961497190276
REGION1,PWRSOLB02,13,2042,0.0
REGION1,PWRSOLB02,14,2042,0.6278546282200984
REGION1,PWRSOLB02,15,2042,0.7524443228570461
REGION1,PWRSOLB02,16,2042,0.2700576221142829
REGION1,PWRSOLB02,17,2042,0.0
REGION1,PWRSOLB02,18,2042,0.3254569771820588
REGION1,PWRSOLB02,19,2042,0.584882975075495
REGION1,PWRSOLB02,20,2042,0.0696768070203251
REGION1,PWRSOLB02,21,2042,0.0
REGION1,PWRSOLB02,22,2042,0.3473747461785928
REGION1,PWRSOLB02,23,2042,0.7784342392767956
REGION1,PWRSOLB02,24,2042,0.0
REGION1,PWRSOLB02,25,2042,0.0
REGION1,PWRSOLB02,26,2042,0.1769783454973223
REGION1,PWRSOLB02,27,2042,0.5096544866505692
REGION1,PWRSOLB02,28,2042,0.0
REGION1,PWRSOLB02,29,2042,0.0
REGION1,PWRSOLB02,30,2042,0.078893014699691
REGION1,PWRSOLB02,31,2042,0.38422657710994
REGION1,PWRSOLB02,32,2042,0.0
REGION1,PWRSOLB02,33,2042,0.0
REGION1,PWRSOLB02,34,2042,0.0453206428168153
REGION1,PWRSOLB02,35,2042,0.456448235287023
REGION1,PWRSOLB02,36,2042,0.0
REGION1,PWRSOLB02,37,2042,0.0
REGION1,PWRSOLB02,38,2042,0.0116619934163103
REGION1,PWRSOLB02,39,2042,0.0965869918891011
REGION1,PWRSOLB02,40,2042,0.0
REGION1,PWRSOLB02,1,2043,0.0
REGION1,PWRSOLB02,2,2043,0.4097235708531001
REGION1,PWRSOLB02,3,2043,0.7556404477944901
REGION1,PWRSOLB02,4,2043,0.1761130548995738
REGION1,PWRSOLB02,5,2043,0.0
REGION1,PWRSOLB02,6,2043,0.330411986255295
REGION1,PWRSOLB02,7,2043,0.7125223888418747
REGION1,PWRSOLB02,8,2043,0.2934961822679567
REGION1,PWRSOLB02,9,2043,0.0
REGION1,PWRSOLB02,10,2043,0.4400838136332681
REGION1,PWRSOLB02,11,2043,0.3954652565670575
REGION1,PWRSOLB02,12,2043,0.2407961497190276
REGION1,PWRSOLB02,13,2043,0.0
REGION1,PWRSOLB02,14,2043,0.6278546282200984
REGION1,PWRSOLB02,15,2043,0.7524443228570461
REGION1,PWRSOLB02,16,2043,0.2700576221142829
REGION1,PWRSOLB02,17,2043,0.0
REGION1,PWRSOLB02,18,2043,0.3254569771820588
REGION1,PWRSOLB02,19,2043,0.584882975075495
REGION1,PWRSOLB02,20,2043,0.0696768070203251
REGION1,PWRSOLB02,21,2043,0.0
REGION1,PWRSOLB02,22,2043,0.3473747461785928
REGION1,PWRSOLB02,23,2043,0.7784342392767956
REGION1,PWRSOLB02,24,2043,0.0
REGION1,PWRSOLB02,25,2043,0.0
REGION1,PWRSOLB02,26,2043,0.1769783454973223
REGION1,PWRSOLB02,27,2043,0.5096544866505692
REGION1,PWRSOLB02,28,2043,0.0
REGION1,PWRSOLB02,29,2043,0.0
REGION1,PWRSOLB02,30,2043,0.078893014699691
REGION1,PWRSOLB02,31,2043,0.38422657710994
REGION1,PWRSOLB02,32,2043,0.0
REGION1,PWRSOLB02,33,2043,0.0
REGION1,PWRSOLB02,34,2043,0.0453206428168153
REGION1,PWRSOLB02,35,2043,0.456448235287023
REGION1,PWRSOLB02,36,2043,0.0
REGION1,PWRSOLB02,37,2043,0.0
REGION1,PWRSOLB02,38,2043,0.0116619934163103
REGION1,PWRSOLB02,39,2043,0.0965869918891011
REGION1,PWRSOLB02,40,2043,0.0
REGION1,PWRSOLB02,1,2044,0.0
REGION1,PWRSOLB02,2,2044,0.4097235708531001
REGION1,PWRSOLB02,3,2044,0.7556404477944901
REGION1,PWRSOLB02,4,2044,0.1761130548995738
REGION1,PWRSOLB02,5,2044,0.0
REGION1,PWRSOLB02,6,2044,0.330411986255295
REGION1,PWRSOLB02,7,2044,0.7125223888418747
REGION1,PWRSOLB02,8,2044,0.2934961822679567
REGION1,PWRSOLB02,9,2044,0.0
REGION1,PWRSOLB02,10,2044,0.4400838136332681
REGION1,PWRSOLB02,11,2044,0.3954652565670575
REGION1,PWRSOLB02,12,2044,0.2407961497190276
REGION1,PWRSOLB02,13,2044,0.0
REGION1,PWRSOLB02,14,2044,0.6278546282200984
REGION1,PWRSOLB02,15,2044,0.7524443228570461
REGION1,PWRSOLB02,16,2044,0.2700576221142829
REGION1,PWRSOLB02,17,2044,0.0
REGION1,PWRSOLB02,18,2044,0.3254569771820588
REGION1,PWRSOLB02,19,2044,0.584882975075495
REGION1,PWRSOLB02,20,2044,0.0696768070203251
REGION1,PWRSOLB02,21,2044,0.0
REGION1,PWRSOLB02,22,2044,0.3473747461785928
REGION1,PWRSOLB02,23,2044,0.7784342392767956
REGION1,PWRSOLB02,24,2044,0.0
REGION1,PWRSOLB02,25,2044,0.0
REGION1,PWRSOLB02,26,2044,0.1769783454973223
REGION1,PWRSOLB02,27,2044,0.5096544866505692
REGION1,PWRSOLB02,28,2044,0.0
REGION1,PWRSOLB02,29,2044,0.0
REGION1,PWRSOLB02,30,2044,0.078893014699691
REGION1,PWRSOLB02,31,2044,0.38422657710994
REGION1,PWRSOLB02,32,2044,0.0
REGION1,PWRSOLB02,33,2044,0.0
REGION1,PWRSOLB02,34,2044,0.0453206428168153
REGION1,PWRSOLB02,35,2044,0.456448235287023
REGION1,PWRSOLB02,36,2044,0.0
REGION1,PWRSOLB02,37,2044,0.0
REGION1,PWRSOLB02,38,2044,0.0116619934163103
REGION1,PWRSOLB02,39,2044,0.0965869918891011
REGION1,PWRSOLB02,40,2044,0.0
REGION1,PWRSOLB02,1,2045,0.0
REGION1,PWRSOLB02,2,2045,0.4097235708531001
REGION1,PWRSOLB02,3,2045,0.7556404477944901
REGION1,PWRSOLB02,4,2045,0.1761130548995738
REGION1,PWRSOLB02,5,2045,0.0
REGION1,PWRSOLB02,6,2045,0.330411986255295
REGION1,PWRSOLB02,7,2045,0.7125223888418747
REGION1,PWRSOLB02,8,2045,0.2934961822679567
REGION1,PWRSOLB02,9,2045,0.0
REGION1,PWRSOLB02,10,2045,0.4400838136332681
REGION1,PWRSOLB02,11,2045,0.3954652565670575
REGION1,PWRSOLB02,12,2045,0.2407961497190276
REGION1,PWRSOLB02,13,2045,0.0
REGION1,PWRSOLB02,14,2045,0.6278546282200984
REGION1,PWRSOLB02,15,2045,0.7524443228570461
REGION1,PWRSOLB02,16,2045,0.2700576221142829
REGION1,PWRSOLB02,17,2045,0.0
REGION1,PWRSOLB02,18,2045,0.3254569771820588
REGION1,PWRSOLB02,19,2045,0.584882975075495
REGION1,PWRSOLB02,20,2045,0.0696768070203251
REGION1,PWRSOLB02,21,2045,0.0
REGION1,PWRSOLB02,22,2045,0.3473747461785928
REGION1,PWRSOLB02,23,2045,0.7784342392767956
REGION1,PWRSOLB02,24,2045,0.0
REGION1,PWRSOLB02,25,2045,0.0
REGION1,PWRSOLB02,26,2045,0.1769783454973223
REGION1,PWRSOLB02,27,2045,0.5096544866505692
REGION1,PWRSOLB02,28,2045,0.0
REGION1,PWRSOLB02,29,2045,0.0
REGION1,PWRSOLB02,30,2045,0.078893014699691
REGION1,PWRSOLB02,31,2045,0.38422657710994
REGION1,PWRSOLB02,32,2045,0.0
REGION1,PWRSOLB02,33,2045,0.0
REGION1,PWRSOLB02,34,2045,0.0453206428168153
REGION1,PWRSOLB02,35,2045,0.456448235287023
REGION1,PWRSOLB02,36,2045,0.0
REGION1,PWRSOLB02,37,2045,0.0
REGION1,PWRSOLB02,38,2045,0.0116619934163103
REGION1,PWRSOLB02,39,2045,0.0965869918891011
REGION1,PWRSOLB02,40,2045,0.0
REGION1,PWRSOLB02,1,2046,0.0
REGION1,PWRSOLB02,2,2046,0.4097235708531001
REGION1,PWRSOLB02,3,2046,0.7556404477944901
REGION1,PWRSOLB02,4,2046,0.1761130548995738
REGION1,PWRSOLB02,5,2046,0.0
REGION1,PWRSOLB02,6,2046,0.330411986255295
REGION1,PWRSOLB02,7,2046,0.7125223888418747
REGION1,PWRSOLB02,8,2046,0.2934961822679567
REGION1,PWRSOLB02,9,2046,0.0
REGION1,PWRSOLB02,10,2046,0.4400838136332681
REGION1,PWRSOLB02,11,2046,0.3954652565670575
REGION1,PWRSOLB02,12,2046,0.2407961497190276
REGION1,PWRSOLB02,13,2046,0.0
REGION1,PWRSOLB02,14,2046,0.6278546282200984
REGION1,PWRSOLB02,15,2046,0.7524443228570461
REGION1,PWRSOLB02,16,2046,0.2700576221142829
REGION1,PWRSOLB02,17,2046,0.0
REGION1,PWRSOLB02,18,2046,0.3254569771820588
REGION1,PWRSOLB02,19,2046,0.584882975075495
REGION1,PWRSOLB02,20,2046,0.0696768070203251
REGION1,PWRSOLB02,21,2046,0.0
REGION1,PWRSOLB02,22,2046,0.3473747461785928
REGION1,PWRSOLB02,23,2046,0.7784342392767956
REGION1,PWRSOLB02,24,2046,0.0
REGION1,PWRSOLB02,25,2046,0.0
REGION1,PWRSOLB02,26,2046,0.1769783454973223
REGION1,PWRSOLB02,27,2046,0.5096544866505692
REGION1,PWRSOLB02,28,2046,0.0
REGION1,PWRSOLB02,29,2046,0.0
REGION1,PWRSOLB02,30,2046,0.078893014699691
REGION1,PWRSOLB02,31,2046,0.38422657710994
REGION1,PWRSOLB02,32,2046,0.0
REGION1,PWRSOLB02,33,2046,0.0
REGION1,PWRSOLB02,34,2046,0.0453206428168153
REGION1,PWRSOLB02,35,2046,0.456448235287023
REGION1,PWRSOLB02,36,2046,0.0
REGION1,PWRSOLB02,37,2046,0.0
REGION1,PWRSOLB02,38,2046,0.0116619934163103
REGION1,PWRSOLB02,39,2046,0.0965869918891011
REGION1,PWRSOLB02,40,2046,0.0
REGION1,PWRSOLB02,1,2047,0.0
REGION1,PWRSOLB02,2,2047,0.4097235708531001
REGION1,PWRSOLB02,3,2047,0.7556404477944901
REGION1,PWRSOLB02,4,2047,0.1761130548995738
REGION1,PWRSOLB02,5,2047,0.0
REGION1,PWRSOLB02,6,2047,0.330411986255295
REGION1,PWRSOLB02,7,2047,0.7125223888418747
REGION1,PWRSOLB02,8,2047,0.2934961822679567
REGION1,PWRSOLB02,9,2047,0.0
REGION1,PWRSOLB02,10,2047,0.4400838136332681
REGION1,PWRSOLB02,11,2047,0.3954652565670575
REGION1,PWRSOLB02,12,2047,0.2407961497190276
REGION1,PWRSOLB02,13,2047,0.0
REGION1,PWRSOLB02,14,2047,0.6278546282200984
REGION1,PWRSOLB02,15,2047,0.7524443228570461
REGION1,PWRSOLB02,16,2047,0.2700576221142829
REGION1,PWRSOLB02,17,2047,0.0
REGION1,PWRSOLB02,18,2047,0.3254569771820588
REGION1,PWRSOLB02,19,2047,0.584882975075495
REGION1,PWRSOLB02,20,2047,0.0696768070203251
REGION1,PWRSOLB02,21,2047,0.0
REGION1,PWRSOLB02,22,2047,0.3473747461785928
REGION1,PWRSOLB02,23,2047,0.7784342392767956
REGION1,PWRSOLB02,24,2047,0.0
REGION1,PWRSOLB02,25,2047,0.0
REGION1,PWRSOLB02,26,2047,0.1769783454973223
REGION1,PWRSOLB02,27,2047,0.5096544866505692
REGION1,PWRSOLB02,28,2047,0.0
REGION1,PWRSOLB02,29,2047,0.0
REGION1,PWRSOLB02,30,2047,0.078893014699691
REGION1,PWRSOLB02,31,2047,0.38422657710994
REGION1,PWRSOLB02,32,2047,0.0
REGION1,PWRSOLB02,33,2047,0.0
REGION1,PWRSOLB02,34,2047,0.0453206428168153
REGION1,PWRSOLB02,35,2047,0.456448235287023
REGION1,PWRSOLB02,36,2047,0.0
REGION1,PWRSOLB02,37,2047,0.0
REGION1,PWRSOLB02,38,2047,0.0116619934163103
REGION1,PWRSOLB02,39,2047,0.0965869918891011
REGION1,PWRSOLB02,40,2047,0.0
REGION1,PWRSOLB02,1,2048,0.0
REGION1,PWRSOLB02,2,2048,0.4097235708531001
REGION1,PWRSOLB02,3,2048,0.7556404477944901
REGION1,PWRSOLB02,4,2048,0.1761130548995738
REGION1,PWRSOLB02,5,2048,0.0
REGION1,PWRSOLB02,6,2048,0.330411986255295
REGION1,PWRSOLB02,7,2048,0.7125223888418747
REGION1,PWRSOLB02,8,2048,0.2934961822679567
REGION1,PWRSOLB02,9,2048,0.0
REGION1,PWRSOLB02,10,2048,0.4400838136332681
REGION1,PWRSOLB02,11,2048,0.3954652565670575
REGION1,PWRSOLB02,12,2048,0.2407961497190276
REGION1,PWRSOLB02,13,2048,0.0
REGION1,PWRSOLB02,14,2048,0.6278546282200984
REGION1,PWRSOLB02,15,2048,0.7524443228570461
REGION1,PWRSOLB02,16,2048,0.2700576221142829
REGION1,PWRSOLB02,17,2048,0.0
REGION1,PWRSOLB02,18,2048,0.3254569771820588
REGION1,PWRSOLB02,19,2048,0.584882975075495
REGION1,PWRSOLB02,20,2048,0.0696768070203251
REGION1,PWRSOLB02,21,2048,0.0
REGION1,PWRSOLB02,22,2048,0.3473747461785928
REGION1,PWRSOLB02,23,2048,0.7784342392767956
REGION1,PWRSOLB02,24,2048,0.0
REGION1,PWRSOLB02,25,2048,0.0
REGION1,PWRSOLB02,26,2048,0.1769783454973223
REGION1,PWRSOLB02,27,2048,0.5096544866505692
REGION1,PWRSOLB02,28,2048,0.0
REGION1,PWRSOLB02,29,2048,0.0
REGION1,PWRSOLB02,30,2048,0.078893014699691
REGION1,PWRSOLB02,31,2048,0.38422657710994
REGION1,PWRSOLB02,32,2048,0.0
REGION1,PWRSOLB02,33,2048,0.0
REGION1,PWRSOLB02,34,2048,0.0453206428168153
REGION1,PWRSOLB02,35,2048,0.456448235287023
REGION1,PWRSOLB02,36,2048,0.0
REGION1,PWRSOLB02,37,2048,0.0
REGION1,PWRSOLB02,38,2048,0.0116619934163103
REGION1,PWRSOLB02,39,2048,0.0965869918891011
REGION1,PWRSOLB02,40,2048,0.0
REGION1,PWRSOLB02,1,2049,0.0
REGION1,PWRSOLB02,2,2049,0.4097235708531001
REGION1,PWRSOLB02,3,2049,0.7556404477944901
REGION1,PWRSOLB02,4,2049,0.1761130548995738
REGION1,PWRSOLB02,5,2049,0.0
REGION1,PWRSOLB02,6,2049,0.330411986255295
REGION1,PWRSOLB02,7,2049,0.7125223888418747
REGION1,PWRSOLB02,8,2049,0.2934961822679567
REGION1,PWRSOLB02,9,2049,0.0
REGION1,PWRSOLB02,10,2049,0.4400838136332681
REGION1,PWRSOLB02,11,2049,0.3954652565670575
REGION1,PWRSOLB02,12,2049,0.2407961497190276
REGION1,PWRSOLB02,13,2049,0.0
REGION1,PWRSOLB02,14,2049,0.6278546282200984
REGION1,PWRSOLB02,15,2049,0.7524443228570461
REGION1,PWRSOLB02,16,2049,0.2700576221142829
REGION1,PWRSOLB02,17,2049,0.0
REGION1,PWRSOLB02,18,2049,0.3254569771820588
REGION1,PWRSOLB02,19,2049,0.584882975075495
REGION1,PWRSOLB02,20,2049,0.0696768070203251
REGION1,PWRSOLB02,21,2049,0.0
REGION1,PWRSOLB02,22,2049,0.3473747461785928
REGION1,PWRSOLB02,23,2049,0.7784342392767956
REGION1,PWRSOLB02,24,2049,0.0
REGION1,PWRSOLB02,25,2049,0.0
REGION1,PWRSOLB02,26,2049,0.1769783454973223
REGION1,PWRSOLB02,27,2049,0.5096544866505692
REGION1,PWRSOLB02,28,2049,0.0
REGION1,PWRSOLB02,29,2049,0.0
REGION1,PWRSOLB02,30,2049,0.078893014699691
REGION1,PWRSOLB02,31,2049,0.38422657710994
REGION1,PWRSOLB02,32,2049,0.0
REGION1,PWRSOLB02,33,2049,0.0
REGION1,PWRSOLB02,34,2049,0.0453206428168153
REGION1,PWRSOLB02,35,2049,0.456448235287023
REGION1,PWRSOLB02,36,2049,0.0
REGION1,PWRSOLB02,37,2049,0.0
REGION1,PWRSOLB02,38,2049,0.0116619934163103
REGION1,PWRSOLB02,39,2049,0.0965869918891011
REGION1,PWRSOLB02,40,2049,0.0
REGION1,PWRSOLB02,1,2050,0.0
REGION1,PWRSOLB02,2,2050,0.4097235708531001
REGION1,PWRSOLB02,3,2050,0.7556404477944901
REGION1,PWRSOLB02,4,2050,0.1761130548995738
REGION1,PWRSOLB02,5,2050,0.0
REGION1,PWRSOLB02,6,2050,0.330411986255295
REGION1,PWRSOLB02,7,2050,0.7125223888418747
REGION1,PWRSOLB02,8,2050,0.2934961822679567
REGION1,PWRSOLB02,9,2050,0.0
REGION1,PWRSOLB02,10,2050,0.4400838136332681
REGION1,PWRSOLB02,11,2050,0.3954652565670575
REGION1,PWRSOLB02,12,2050,0.2407961497190276
REGION1,PWRSOLB02,13,2050,0.0
REGION1,PWRSOLB02,14,2050,0.6278546282200984
REGION1,PWRSOLB02,15,2050,0.7524443228570461
REGION1,PWRSOLB02,16,2050,0.2700576221142829
REGION1,PWRSOLB02,17,2050,0.0
REGION1,PWRSOLB02,18,2050,0.3254569771820588
REGION1,PWRSOLB02,19,2050,0.584882975075495
REGION1,PWRSOLB02,20,2050,0.0696768070203251
REGION1,PWRSOLB02,21,2050,0.0
REGION1,PWRSOLB02,22,2050,0.3473747461785928
REGION1,PWRSOLB02,23,2050,0.7784342392767956
REGION1,PWRSOLB02,24,2050,0.0
REGION1,PWRSOLB02,25,2050,0.0
REGION1,PWRSOLB02,26,2050,0.1769783454973223
REGION1,PWRSOLB02,27,2050,0.5096544866505692
REGION1,PWRSOLB02,28,2050,0.0
REGION1,PWRSOLB02,29,2050,0.0
REGION1,PWRSOLB02,30,2050,0.078893014699691
REGION1,PWRSOLB02,31,2050,0.38422657710994
REGION1,PWRSOLB02,32,2050,0.0
REGION1,PWRSOLB02,33,2050,0.0
REGION1,PWRSOLB02,34,2050,0.0453206428168153
REGION1,PWRSOLB02,35,2050,0.456448235287023
REGION1,PWRSOLB02,36,2050,0.0
REGION1,PWRSOLB02,37,2050,0.0
REGION1,PWRSOLB02,38,2050,0.0116619934163103
REGION1,PWRSOLB02,39,2050,0.0965869918891011
REGION1,PWRSOLB02,40,2050,0.0
REGION1,PWRWNDB01,1,2020,0.443190314062563
REGION1,PWRWNDB01,2,2020,0.5817806951052992
REGION1,PWRWNDB01,3,2020,0.5985359245359246
REGION1,PWRWNDB01,4,2020,0.4981126550106411
REGION1,PWRWNDB01,5,2020,0.2978589437657612
REGION1,PWRWNDB01,6,2020,0.2982276816449624
REGION1,PWRWNDB01,7,2020,0.1362342628538565
REGION1,PWRWNDB01,8,2020,0.0864203496189798
REGION1,PWRWNDB01,9,2020,0.0785844721189437
REGION1,PWRWNDB01,10,2020,0.025496987034793
REGION1,PWRWNDB01,11,2020,0.0061526276794012
REGION1,PWRWNDB01,12,2020,0.0
REGION1,PWRWNDB01,13,2020,0.1989925222526495
REGION1,PWRWNDB01,14,2020,0.3177622440056729
REGION1,PWRWNDB01,15,2020,0.1269910433103157
REGION1,PWRWNDB01,16,2020,0.0825386461563172
REGION1,PWRWNDB01,17,2020,0.3102363770493582
REGION1,PWRWNDB01,18,2020,0.4892942752687251
REGION1,PWRWNDB01,19,2020,0.554269500945663
REGION1,PWRWNDB01,20,2020,0.5919626418452035
REGION1,PWRWNDB01,21,2020,0.02753521204529
REGION1,PWRWNDB01,22,2020,0.04255978898889
REGION1,PWRWNDB01,23,2020,0.0572141475114673
REGION1,PWRWNDB01,24,2020,0.0135881167020904
REGION1,PWRWNDB01,25,2020,0.0967795295108628
REGION1,PWRWNDB01,26,2020,0.2157082650350389
REGION1,PWRWNDB01,27,2020,0.2798163065779507
REGION1,PWRWNDB01,28,2020,0.2505844470637176
REGION1,PWRWNDB01,29,2020,0.2232872739432426
REGION1,PWRWNDB01,30,2020,0.2599669154170245
REGION1,PWRWNDB01,31,2020,0.6143078943812124
REGION1,PWRWNDB01,32,2020,0.5955765125086075
REGION1,PWRWNDB01,33,2020,0.2827585232257542
REGION1,PWRWNDB01,34,2020,0.1246149013134833
REGION1,PWRWNDB01,35,2020,0.0282988264541216
REGION1,PWRWNDB01,36,2020,0.0258021852488351
REGION1,PWRWNDB01,37,2020,0.0670079797489819
REGION1,PWRWNDB01,38,2020,0.0699217978918287
REGION1,PWRWNDB01,39,2020,0.0376812646363274
REGION1,PWRWNDB01,40,2020,0.0282425068213288
REGION1,PWRWNDB01,1,2021,0.443190314062563
REGION1,PWRWNDB01,2,2021,0.5817806951052992
REGION1,PWRWNDB01,3,2021,0.5985359245359246
REGION1,PWRWNDB01,4,2021,0.4981126550106411
REGION1,PWRWNDB01,5,2021,0.2978589437657612
REGION1,PWRWNDB01,6,2021,0.2982276816449624
REGION1,PWRWNDB01,7,2021,0.1362342628538565
REGION1,PWRWNDB01,8,2021,0.0864203496189798
REGION1,PWRWNDB01,9,2021,0.0785844721189437
REGION1,PWRWNDB01,10,2021,0.025496987034793
REGION1,PWRWNDB01,11,2021,0.0061526276794012
REGION1,PWRWNDB01,12,2021,0.0
REGION1,PWRWNDB01,13,2021,0.1989925222526495
REGION1,PWRWNDB01,14,2021,0.3177622440056729
REGION1,PWRWNDB01,15,2021,0.1269910433103157
REGION1,PWRWNDB01,16,2021,0.0825386461563172
REGION1,PWRWNDB01,17,2021,0.3102363770493582
REGION1,PWRWNDB01,18,2021,0.4892942752687251
REGION1,PWRWNDB01,19,2021,0.554269500945663
REGION1,PWRWNDB01,20,2021,0.5919626418452035
REGION1,PWRWNDB01,21,2021,0.02753521204529
REGION1,PWRWNDB01,22,2021,0.04255978898889
REGION1,PWRWNDB01,23,2021,0.0572141475114673
REGION1,PWRWNDB01,24,2021,0.0135881167020904
REGION1,PWRWNDB01,25,2021,0.0967795295108628
REGION1,PWRWNDB01,26,2021,0.2157082650350389
REGION1,PWRWNDB01,27,2021,0.2798163065779507
REGION1,PWRWNDB01,28,2021,0.2505844470637176
REGION1,PWRWNDB01,29,2021,0.2232872739432426
REGION1,PWRWNDB01,30,2021,0.2599669154170245
REGION1,PWRWNDB01,31,2021,0.6143078943812124
REGION1,PWRWNDB01,32,2021,0.5955765125086075
REGION1,PWRWNDB01,33,2021,0.2827585232257542
REGION1,PWRWNDB01,34,2021,0.1246149013134833
REGION1,PWRWNDB01,35,2021,0.0282988264541216
REGION1,PWRWNDB01,36,2021,0.0258021852488351
REGION1,PWRWNDB01,37,2021,0.0670079797489819
REGION1,PWRWNDB01,38,2021,0.0699217978918287
REGION1,PWRWNDB01,39,2021,0.0376812646363274
REGION1,PWRWNDB01,40,2021,0.0282425068213288
REGION1,PWRWNDB01,1,2022,0.443190314062563
REGION1,PWRWNDB01,2,2022,0.5817806951052992
REGION1,PWRWNDB01,3,2022,0.5985359245359246
REGION1,PWRWNDB01,4,2022,0.4981126550106411
REGION1,PWRWNDB01,5,2022,0.2978589437657612
REGION1,PWRWNDB01,6,2022,0.2982276816449624
REGION1,PWRWNDB01,7,2022,0.1362342628538565
REGION1,PWRWNDB01,8,2022,0.0864203496189798
REGION1,PWRWNDB01,9,2022,0.0785844721189437
REGION1,PWRWNDB01,10,2022,0.025496987034793
REGION1,PWRWNDB01,11,2022,0.0061526276794012
REGION1,PWRWNDB01,12,2022,0.0
REGION1,PWRWNDB01,13,2022,0.1989925222526495
REGION1,PWRWNDB01,14,2022,0.3177622440056729
REGION1,PWRWNDB01,15,2022,0.1269910433103157
REGION1,PWRWNDB01,16,2022,0.0825386461563172
REGION1,PWRWNDB01,17,2022,0.3102363770493582
REGION1,PWRWNDB01,18,2022,0.4892942752687251
REGION1,PWRWNDB01,19,2022,0.554269500945663
REGION1,PWRWNDB01,20,2022,0.5919626418452035
REGION1,PWRWNDB01,21,2022,0.02753521204529
REGION1,PWRWNDB01,22,2022,0.04255978898889
REGION1,PWRWNDB01,23,2022,0.0572141475114673
REGION1,PWRWNDB01,24,2022,0.0135881167020904
REGION1,PWRWNDB01,25,2022,0.0967795295108628
REGION1,PWRWNDB01,26,2022,0.2157082650350389
REGION1,PWRWNDB01,27,2022,0.2798163065779507
REGION1,PWRWNDB01,28,2022,0.2505844470637176
REGION1,PWRWNDB01,29,2022,0.2232872739432426
REGION1,PWRWNDB01,30,2022,0.2599669154170245
REGION1,PWRWNDB01,31,2022,0.6143078943812124
REGION1,PWRWNDB01,32,2022,0.5955765125086075
REGION1,PWRWNDB01,33,2022,0.2827585232257542
REGION1,PWRWNDB01,34,2022,0.1246149013134833
REGION1,PWRWNDB01,35,2022,0.0282988264541216
REGION1,PWRWNDB01,36,2022,0.0258021852488351
REGION1,PWRWNDB01,37,2022,0.0670079797489819
REGION1,PWRWNDB01,38,2022,0.0699217978918287
REGION1,PWRWNDB01,39,2022,0.0376812646363274
REGION1,PWRWNDB01,40,2022,0.0282425068213288
REGION1,PWRWNDB01,1,2023,0.443190314062563
REGION1,PWRWNDB01,2,2023,0.5817806951052992
REGION1,PWRWNDB01,3,2023,0.5985359245359246
REGION1,PWRWNDB01,4,2023,0.4981126550106411
REGION1,PWRWNDB01,5,2023,0.2978589437657612
REGION1,PWRWNDB01,6,2023,0.2982276816449624
REGION1,PWRWNDB01,7,2023,0.1362342628538565
REGION1,PWRWNDB01,8,2023,0.0864203496189798
REGION1,PWRWNDB01,9,2023,0.0785844721189437
REGION1,PWRWNDB01,10,2023,0.025496987034793
REGION1,PWRWNDB01,11,2023,0.0061526276794012
REGION1,PWRWNDB01,12,2023,0.0
REGION1,PWRWNDB01,13,2023,0.1989925222526495
REGION1,PWRWNDB01,14,2023,0.3177622440056729
REGION1,PWRWNDB01,15,2023,0.1269910433103157
REGION1,PWRWNDB01,16,2023,0.0825386461563172
REGION1,PWRWNDB01,17,2023,0.3102363770493582
REGION1,PWRWNDB01,18,2023,0.4892942752687251
REGION1,PWRWNDB01,19,2023,0.554269500945663
REGION1,PWRWNDB01,20,2023,0.5919626418452035
REGION1,PWRWNDB01,21,2023,0.02753521204529
REGION1,PWRWNDB01,22,2023,0.04255978898889
REGION1,PWRWNDB01,23,2023,0.0572141475114673
REGION1,PWRWNDB01,24,2023,0.0135881167020904
REGION1,PWRWNDB01,25,2023,0.0967795295108628
REGION1,PWRWNDB01,26,2023,0.2157082650350389
REGION1,PWRWNDB01,27,2023,0.2798163065779507
REGION1,PWRWNDB01,28,2023,0.2505844470637176
REGION1,PWRWNDB01,29,2023,0.2232872739432426
REGION1,PWRWNDB01,30,2023,0.2599669154170245
REGION1,PWRWNDB01,31,2023,0.6143078943812124
REGION1,PWRWNDB01,32,2023,0.5955765125086075
REGION1,PWRWNDB01,33,2023,0.2827585232257542
REGION1,PWRWNDB01,34,2023,0.1246149013134833
REGION1,PWRWNDB01,35,2023,0.0282988264541216
REGION1,PWRWNDB01,36,2023,0.0258021852488351
REGION1,PWRWNDB01,37,2023,0.0670079797489819
REGION1,PWRWNDB01,38,2023,0.0699217978918287
REGION1,PWRWNDB01,39,2023,0.0376812646363274
REGION1,PWRWNDB01,40,2023,0.0282425068213288
REGION1,PWRWNDB01,1,2024,0.443190314062563
REGION1,PWRWNDB01,2,2024,0.5817806951052992
REGION1,PWRWNDB01,3,2024,0.5985359245359246
REGION1,PWRWNDB01,4,2024,0.4981126550106411
REGION1,PWRWNDB01,5,2024,0.2978589437657612
REGION1,PWRWNDB01,6,2024,0.2982276816449624
REGION1,PWRWNDB01,7,2024,0.1362342628538565
REGION1,PWRWNDB01,8,2024,0.0864203496189798
REGION1,PWRWNDB01,9,2024,0.0785844721189437
REGION1,PWRWNDB01,10,2024,0.025496987034793
REGION1,PWRWNDB01,11,2024,0.0061526276794012
REGION1,PWRWNDB01,12,2024,0.0
REGION1,PWRWNDB01,13,2024,0.1989925222526495
REGION1,PWRWNDB01,14,2024,0.3177622440056729
REGION1,PWRWNDB01,15,2024,0.1269910433103157
REGION1,PWRWNDB01,16,2024,0.0825386461563172
REGION1,PWRWNDB01,17,2024,0.3102363770493582
REGION1,PWRWNDB01,18,2024,0.4892942752687251
REGION1,PWRWNDB01,19,2024,0.554269500945663
REGION1,PWRWNDB01,20,2024,0.5919626418452035
REGION1,PWRWNDB01,21,2024,0.02753521204529
REGION1,PWRWNDB01,22,2024,0.04255978898889
REGION1,PWRWNDB01,23,2024,0.0572141475114673
REGION1,PWRWNDB01,24,2024,0.0135881167020904
REGION1,PWRWNDB01,25,2024,0.0967795295108628
REGION1,PWRWNDB01,26,2024,0.2157082650350389
REGION1,PWRWNDB01,27,2024,0.2798163065779507
REGION1,PWRWNDB01,28,2024,0.2505844470637176
REGION1,PWRWNDB01,29,2024,0.2232872739432426
REGION1,PWRWNDB01,30,2024,0.2599669154170245
REGION1,PWRWNDB01,31,2024,0.6143078943812124
REGION1,PWRWNDB01,32,2024,0.5955765125086075
REGION1,PWRWNDB01,33,2024,0.2827585232257542
REGION1,PWRWNDB01,34,2024,0.1246149013134833
REGION1,PWRWNDB01,35,2024,0.0282988264541216
REGION1,PWRWNDB01,36,2024,0.0258021852488351
REGION1,PWRWNDB01,37,2024,0.0670079797489819
REGION1,PWRWNDB01,38,2024,0.0699217978918287
REGION1,PWRWNDB01,39,2024,0.0376812646363274
REGION1,PWRWNDB01,40,2024,0.0282425068213288
REGION1,PWRWNDB01,1,2025,0.443190314062563
REGION1,PWRWNDB01,2,2025,0.5817806951052992
REGION1,PWRWNDB01,3,2025,0.5985359245359246
REGION1,PWRWNDB01,4,2025,0.4981126550106411
REGION1,PWRWNDB01,5,2025,0.2978589437657612
REGION1,PWRWNDB01,6,2025,0.2982276816449624
REGION1,PWRWNDB01,7,2025,0.1362342628538565
REGION1,PWRWNDB01,8,2025,0.0864203496189798
REGION1,PWRWNDB01,9,2025,0.0785844721189437
REGION1,PWRWNDB01,10,2025,0.025496987034793
REGION1,PWRWNDB01,11,2025,0.0061526276794012
REGION1,PWRWNDB01,12,2025,0.0
REGION1,PWRWNDB01,13,2025,0.1989925222526495
REGION1,PWRWNDB01,14,2025,0.3177622440056729
REGION1,PWRWNDB01,15,2025,0.1269910433103157
REGION1,PWRWNDB01,16,2025,0.0825386461563172
REGION1,PWRWNDB01,17,2025,0.3102363770493582
REGION1,PWRWNDB01,18,2025,0.4892942752687251
REGION1,PWRWNDB01,19,2025,0.554269500945663
REGION1,PWRWNDB01,20,2025,0.5919626418452035
REGION1,PWRWNDB01,21,2025,0.02753521204529
REGION1,PWRWNDB01,22,2025,0.04255978898889
REGION1,PWRWNDB01,23,2025,0.0572141475114673
REGION1,PWRWNDB01,24,2025,0.0135881167020904
REGION1,PWRWNDB01,25,2025,0.0967795295108628
REGION1,PWRWNDB01,26,2025,0.2157082650350389
REGION1,PWRWNDB01,27,2025,0.2798163065779507
REGION1,PWRWNDB01,28,2025,0.2505844470637176
REGION1,PWRWNDB01,29,2025,0.2232872739432426
REGION1,PWRWNDB01,30,2025,0.2599669154170245
REGION1,PWRWNDB01,31,2025,0.6143078943812124
REGION1,PWRWNDB01,32,2025,0.5955765125086075
REGION1,PWRWNDB01,33,2025,0.2827585232257542
REGION1,PWRWNDB01,34,2025,0.1246149013134833
REGION1,PWRWNDB01,35,2025,0.0282988264541216
REGION1,PWRWNDB01,36,2025,0.0258021852488351
REGION1,PWRWNDB01,37,2025,0.0670079797489819
REGION1,PWRWNDB01,38,2025,0.0699217978918287
REGION1,PWRWNDB01,39,2025,0.0376812646363274
REGION1,PWRWNDB01,40,2025,0.0282425068213288
REGION1,PWRWNDB01,1,2026,0.443190314062563
REGION1,PWRWNDB01,2,2026,0.5817806951052992
REGION1,PWRWNDB01,3,2026,0.5985359245359246
REGION1,PWRWNDB01,4,2026,0.4981126550106411
REGION1,PWRWNDB01,5,2026,0.2978589437657612
REGION1,PWRWNDB01,6,2026,0.2982276816449624
REGION1,PWRWNDB01,7,2026,0.1362342628538565
REGION1,PWRWNDB01,8,2026,0.0864203496189798
REGION1,PWRWNDB01,9,2026,0.0785844721189437
REGION1,PWRWNDB01,10,2026,0.025496987034793
REGION1,PWRWNDB01,11,2026,0.0061526276794012
REGION1,PWRWNDB01,12,2026,0.0
REGION1,PWRWNDB01,13,2026,0.1989925222526495
REGION1,PWRWNDB01,14,2026,0.3177622440056729
REGION1,PWRWNDB01,15,2026,0.1269910433103157
REGION1,PWRWNDB01,16,2026,0.0825386461563172
REGION1,PWRWNDB01,17,2026,0.3102363770493582
REGION1,PWRWNDB01,18,2026,0.4892942752687251
REGION1,PWRWNDB01,19,2026,0.554269500945663
REGION1,PWRWNDB01,20,2026,0.5919626418452035
REGION1,PWRWNDB01,21,2026,0.02753521204529
REGION1,PWRWNDB01,22,2026,0.04255978898889
REGION1,PWRWNDB01,23,2026,0.0572141475114673
REGION1,PWRWNDB01,24,2026,0.0135881167020904
REGION1,PWRWNDB01,25,2026,0.0967795295108628
REGION1,PWRWNDB01,26,2026,0.2157082650350389
REGION1,PWRWNDB01,27,2026,0.2798163065779507
REGION1,PWRWNDB01,28,2026,0.2505844470637176
REGION1,PWRWNDB01,29,2026,0.2232872739432426
REGION1,PWRWNDB01,30,2026,0.2599669154170245
REGION1,PWRWNDB01,31,2026,0.6143078943812124
REGION1,PWRWNDB01,32,2026,0.5955765125086075
REGION1,PWRWNDB01,33,2026,0.2827585232257542
REGION1,PWRWNDB01,34,2026,0.1246149013134833
REGION1,PWRWNDB01,35,2026,0.0282988264541216
REGION1,PWRWNDB01,36,2026,0.0258021852488351
REGION1,PWRWNDB01,37,2026,0.0670079797489819
REGION1,PWRWNDB01,38,2026,0.0699217978918287
REGION1,PWRWNDB01,39,2026,0.0376812646363274
REGION1,PWRWNDB01,40,2026,0.0282425068213288
REGION1,PWRWNDB01,1,2027,0.443190314062563
REGION1,PWRWNDB01,2,2027,0.5817806951052992
REGION1,PWRWNDB01,3,2027,0.5985359245359246
REGION1,PWRWNDB01,4,2027,0.4981126550106411
REGION1,PWRWNDB01,5,2027,0.2978589437657612
REGION1,PWRWNDB01,6,2027,0.2982276816449624
REGION1,PWRWNDB01,7,2027,0.1362342628538565
REGION1,PWRWNDB01,8,2027,0.0864203496189798
REGION1,PWRWNDB01,9,2027,0.0785844721189437
REGION1,PWRWNDB01,10,2027,0.025496987034793
REGION1,PWRWNDB01,11,2027,0.0061526276794012
REGION1,PWRWNDB01,12,2027,0.0
REGION1,PWRWNDB01,13,2027,0.1989925222526495
REGION1,PWRWNDB01,14,2027,0.3177622440056729
REGION1,PWRWNDB01,15,2027,0.1269910433103157
REGION1,PWRWNDB01,16,2027,0.0825386461563172
REGION1,PWRWNDB01,17,2027,0.3102363770493582
REGION1,PWRWNDB01,18,2027,0.4892942752687251
REGION1,PWRWNDB01,19,2027,0.554269500945663
REGION1,PWRWNDB01,20,2027,0.5919626418452035
REGION1,PWRWNDB01,21,2027,0.02753521204529
REGION1,PWRWNDB01,22,2027,0.04255978898889
REGION1,PWRWNDB01,23,2027,0.0572141475114673
REGION1,PWRWNDB01,24,2027,0.0135881167020904
REGION1,PWRWNDB01,25,2027,0.0967795295108628
REGION1,PWRWNDB01,26,2027,0.2157082650350389
REGION1,PWRWNDB01,27,2027,0.2798163065779507
REGION1,PWRWNDB01,28,2027,0.2505844470637176
REGION1,PWRWNDB01,29,2027,0.2232872739432426
REGION1,PWRWNDB01,30,2027,0.2599669154170245
REGION1,PWRWNDB01,31,2027,0.6143078943812124
REGION1,PWRWNDB01,32,2027,0.5955765125086075
REGION1,PWRWNDB01,33,2027,0.2827585232257542
REGION1,PWRWNDB01,34,2027,0.1246149013134833
REGION1,PWRWNDB01,35,2027,0.0282988264541216
REGION1,PWRWNDB01,36,2027,0.0258021852488351
REGION1,PWRWNDB01,37,2027,0.0670079797489819
REGION1,PWRWNDB01,38,2027,0.0699217978918287
REGION1,PWRWNDB01,39,2027,0.0376812646363274
REGION1,PWRWNDB01,40,2027,0.0282425068213288
REGION1,PWRWNDB01,1,2028,0.443190314062563
REGION1,PWRWNDB01,2,2028,0.5817806951052992
REGION1,PWRWNDB01,3,2028,0.5985359245359246
REGION1,PWRWNDB01,4,2028,0.4981126550106411
REGION1,PWRWNDB01,5,2028,0.2978589437657612
REGION1,PWRWNDB01,6,2028,0.2982276816449624
REGION1,PWRWNDB01,7,2028,0.1362342628538565
REGION1,PWRWNDB01,8,2028,0.0864203496189798
REGION1,PWRWNDB01,9,2028,0.0785844721189437
REGION1,PWRWNDB01,10,2028,0.025496987034793
REGION1,PWRWNDB01,11,2028,0.0061526276794012
REGION1,PWRWNDB01,12,2028,0.0
REGION1,PWRWNDB01,13,2028,0.1989925222526495
REGION1,PWRWNDB01,14,2028,0.3177622440056729
REGION1,PWRWNDB01,15,2028,0.1269910433103157
REGION1,PWRWNDB01,16,2028,0.0825386461563172
REGION1,PWRWNDB01,17,2028,0.3102363770493582
REGION1,PWRWNDB01,18,2028,0.4892942752687251
REGION1,PWRWNDB01,19,2028,0.554269500945663
REGION1,PWRWNDB01,20,2028,0.5919626418452035
REGION1,PWRWNDB01,21,2028,0.02753521204529
REGION1,PWRWNDB01,22,2028,0.04255978898889
REGION1,PWRWNDB01,23,2028,0.0572141475114673
REGION1,PWRWNDB01,24,2028,0.0135881167020904
REGION1,PWRWNDB01,25,2028,0.0967795295108628
REGION1,PWRWNDB01,26,2028,0.2157082650350389
REGION1,PWRWNDB01,27,2028,0.2798163065779507
REGION1,PWRWNDB01,28,2028,0.2505844470637176
REGION1,PWRWNDB01,29,2028,0.2232872739432426
REGION1,PWRWNDB01,30,2028,0.2599669154170245
REGION1,PWRWNDB01,31,2028,0.6143078943812124
REGION1,PWRWNDB01,32,2028,0.5955765125086075
REGION1,PWRWNDB01,33,2028,0.2827585232257542
REGION1,PWRWNDB01,34,2028,0.1246149013134833
REGION1,PWRWNDB01,35,2028,0.0282988264541216
REGION1,PWRWNDB01,36,2028,0.0258021852488351
REGION1,PWRWNDB01,37,2028,0.0670079797489819
REGION1,PWRWNDB01,38,2028,0.0699217978918287
REGION1,PWRWNDB01,39,2028,0.0376812646363274
REGION1,PWRWNDB01,40,2028,0.0282425068213288
REGION1,PWRWNDB01,1,2029,0.443190314062563
REGION1,PWRWNDB01,2,2029,0.5817806951052992
REGION1,PWRWNDB01,3,2029,0.5985359245359246
REGION1,PWRWNDB01,4,2029,0.4981126550106411
REGION1,PWRWNDB01,5,2029,0.2978589437657612
REGION1,PWRWNDB01,6,2029,0.2982276816449624
REGION1,PWRWNDB01,7,2029,0.1362342628538565
REGION1,PWRWNDB01,8,2029,0.0864203496189798
REGION1,PWRWNDB01,9,2029,0.0785844721189437
REGION1,PWRWNDB01,10,2029,0.025496987034793
REGION1,PWRWNDB01,11,2029,0.0061526276794012
REGION1,PWRWNDB01,12,2029,0.0
REGION1,PWRWNDB01,13,2029,0.1989925222526495
REGION1,PWRWNDB01,14,2029,0.3177622440056729
REGION1,PWRWNDB01,15,2029,0.1269910433103157
REGION1,PWRWNDB01,16,2029,0.0825386461563172
REGION1,PWRWNDB01,17,2029,0.3102363770493582
REGION1,PWRWNDB01,18,2029,0.4892942752687251
REGION1,PWRWNDB01,19,2029,0.554269500945663
REGION1,PWRWNDB01,20,2029,0.5919626418452035
REGION1,PWRWNDB01,21,2029,0.02753521204529
REGION1,PWRWNDB01,22,2029,0.04255978898889
REGION1,PWRWNDB01,23,2029,0.0572141475114673
REGION1,PWRWNDB01,24,2029,0.0135881167020904
REGION1,PWRWNDB01,25,2029,0.0967795295108628
REGION1,PWRWNDB01,26,2029,0.2157082650350389
REGION1,PWRWNDB01,27,2029,0.2798163065779507
REGION1,PWRWNDB01,28,2029,0.2505844470637176
REGION1,PWRWNDB01,29,2029,0.2232872739432426
REGION1,PWRWNDB01,30,2029,0.2599669154170245
REGION1,PWRWNDB01,31,2029,0.6143078943812124
REGION1,PWRWNDB01,32,2029,0.5955765125086075
REGION1,PWRWNDB01,33,2029,0.2827585232257542
REGION1,PWRWNDB01,34,2029,0.1246149013134833
REGION1,PWRWNDB01,35,2029,0.0282988264541216
REGION1,PWRWNDB01,36,2029,0.0258021852488351
REGION1,PWRWNDB01,37,2029,0.0670079797489819
REGION1,PWRWNDB01,38,2029,0.0699217978918287
REGION1,PWRWNDB01,39,2029,0.0376812646363274
REGION1,PWRWNDB01,40,2029,0.0282425068213288
REGION1,PWRWNDB01,1,2030,0.443190314062563
REGION1,PWRWNDB01,2,2030,0.5817806951052992
REGION1,PWRWNDB01,3,2030,0.5985359245359246
REGION1,PWRWNDB01,4,2030,0.4981126550106411
REGION1,PWRWNDB01,5,2030,0.2978589437657612
REGION1,PWRWNDB01,6,2030,0.2982276816449624
REGION1,PWRWNDB01,7,2030,0.1362342628538565
REGION1,PWRWNDB01,8,2030,0.0864203496189798
REGION1,PWRWNDB01,9,2030,0.0785844721189437
REGION1,PWRWNDB01,10,2030,0.025496987034793
REGION1,PWRWNDB01,11,2030,0.0061526276794012
REGION1,PWRWNDB01,12,2030,0.0
REGION1,PWRWNDB01,13,2030,0.1989925222526495
REGION1,PWRWNDB01,14,2030,0.3177622440056729
REGION1,PWRWNDB01,15,2030,0.1269910433103157
REGION1,PWRWNDB01,16,2030,0.0825386461563172
REGION1,PWRWNDB01,17,2030,0.3102363770493582
REGION1,PWRWNDB01,18,2030,0.4892942752687251
REGION1,PWRWNDB01,19,2030,0.554269500945663
REGION1,PWRWNDB01,20,2030,0.5919626418452035
REGION1,PWRWNDB01,21,2030,0.02753521204529
REGION1,PWRWNDB01,22,2030,0.04255978898889
REGION1,PWRWNDB01,23,2030,0.0572141475114673
REGION1,PWRWNDB01,24,2030,0.0135881167020904
REGION1,PWRWNDB01,25,2030,0.0967795295108628
REGION1,PWRWNDB01,26,2030,0.2157082650350389
REGION1,PWRWNDB01,27,2030,0.2798163065779507
REGION1,PWRWNDB01,28,2030,0.2505844470637176
REGION1,PWRWNDB01,29,2030,0.2232872739432426
REGION1,PWRWNDB01,30,2030,0.2599669154170245
REGION1,PWRWNDB01,31,2030,0.6143078943812124
REGION1,PWRWNDB01,32,2030,0.5955765125086075
REGION1,PWRWNDB01,33,2030,0.2827585232257542
REGION1,PWRWNDB01,34,2030,0.1246149013134833
REGION1,PWRWNDB01,35,2030,0.0282988264541216
REGION1,PWRWNDB01,36,2030,0.0258021852488351
REGION1,PWRWNDB01,37,2030,0.0670079797489819
REGION1,PWRWNDB01,38,2030,0.0699217978918287
REGION1,PWRWNDB01,39,2030,0.0376812646363274
REGION1,PWRWNDB01,40,2030,0.0282425068213288
REGION1,PWRWNDB01,1,2031,0.443190314062563
REGION1,PWRWNDB01,2,2031,0.5817806951052992
REGION1,PWRWNDB01,3,2031,0.5985359245359246
REGION1,PWRWNDB01,4,2031,0.4981126550106411
REGION1,PWRWNDB01,5,2031,0.2978589437657612
REGION1,PWRWNDB01,6,2031,0.2982276816449624
REGION1,PWRWNDB01,7,2031,0.1362342628538565
REGION1,PWRWNDB01,8,2031,0.0864203496189798
REGION1,PWRWNDB01,9,2031,0.0785844721189437
REGION1,PWRWNDB01,10,2031,0.025496987034793
REGION1,PWRWNDB01,11,2031,0.0061526276794012
REGION1,PWRWNDB01,12,2031,0.0
REGION1,PWRWNDB01,13,2031,0.1989925222526495
REGION1,PWRWNDB01,14,2031,0.3177622440056729
REGION1,PWRWNDB01,15,2031,0.1269910433103157
REGION1,PWRWNDB01,16,2031,0.0825386461563172
REGION1,PWRWNDB01,17,2031,0.3102363770493582
REGION1,PWRWNDB01,18,2031,0.4892942752687251
REGION1,PWRWNDB01,19,2031,0.554269500945663
REGION1,PWRWNDB01,20,2031,0.5919626418452035
REGION1,PWRWNDB01,21,2031,0.02753521204529
REGION1,PWRWNDB01,22,2031,0.04255978898889
REGION1,PWRWNDB01,23,2031,0.0572141475114673
REGION1,PWRWNDB01,24,2031,0.0135881167020904
REGION1,PWRWNDB01,25,2031,0.0967795295108628
REGION1,PWRWNDB01,26,2031,0.2157082650350389
REGION1,PWRWNDB01,27,2031,0.2798163065779507
REGION1,PWRWNDB01,28,2031,0.2505844470637176
REGION1,PWRWNDB01,29,2031,0.2232872739432426
REGION1,PWRWNDB01,30,2031,0.2599669154170245
REGION1,PWRWNDB01,31,2031,0.6143078943812124
REGION1,PWRWNDB01,32,2031,0.5955765125086075
REGION1,PWRWNDB01,33,2031,0.2827585232257542
REGION1,PWRWNDB01,34,2031,0.1246149013134833
REGION1,PWRWNDB01,35,2031,0.0282988264541216
REGION1,PWRWNDB01,36,2031,0.0258021852488351
REGION1,PWRWNDB01,37,2031,0.0670079797489819
REGION1,PWRWNDB01,38,2031,0.0699217978918287
REGION1,PWRWNDB01,39,2031,0.0376812646363274
REGION1,PWRWNDB01,40,2031,0.0282425068213288
REGION1,PWRWNDB01,1,2032,0.443190314062563
REGION1,PWRWNDB01,2,2032,0.5817806951052992
REGION1,PWRWNDB01,3,2032,0.5985359245359246
REGION1,PWRWNDB01,4,2032,0.4981126550106411
REGION1,PWRWNDB01,5,2032,0.2978589437657612
REGION1,PWRWNDB01,6,2032,0.2982276816449624
REGION1,PWRWNDB01,7,2032,0.1362342628538565
REGION1,PWRWNDB01,8,2032,0.0864203496189798
REGION1,PWRWNDB01,9,2032,0.0785844721189437
REGION1,PWRWNDB01,10,2032,0.025496987034793
REGION1,PWRWNDB01,11,2032,0.0061526276794012
REGION1,PWRWNDB01,12,2032,0.0
REGION1,PWRWNDB01,13,2032,0.1989925222526495
REGION1,PWRWNDB01,14,2032,0.3177622440056729
REGION1,PWRWNDB01,15,2032,0.1269910433103157
REGION1,PWRWNDB01,16,2032,0.0825386461563172
REGION1,PWRWNDB01,17,2032,0.3102363770493582
REGION1,PWRWNDB01,18,2032,0.4892942752687251
REGION1,PWRWNDB01,19,2032,0.554269500945663
REGION1,PWRWNDB01,20,2032,0.5919626418452035
REGION1,PWRWNDB01,21,2032,0.02753521204529
REGION1,PWRWNDB01,22,2032,0.04255978898889
REGION1,PWRWNDB01,23,2032,0.0572141475114673
REGION1,PWRWNDB01,24,2032,0.0135881167020904
REGION1,PWRWNDB01,25,2032,0.0967795295108628
REGION1,PWRWNDB01,26,2032,0.2157082650350389
REGION1,PWRWNDB01,27,2032,0.2798163065779507
REGION1,PWRWNDB01,28,2032,0.2505844470637176
REGION1,PWRWNDB01,29,2032,0.2232872739432426
REGION1,PWRWNDB01,30,2032,0.2599669154170245
REGION1,PWRWNDB01,31,2032,0.6143078943812124
REGION1,PWRWNDB01,32,2032,0.5955765125086075
REGION1,PWRWNDB01,33,2032,0.2827585232257542
REGION1,PWRWNDB01,34,2032,0.1246149013134833
REGION1,PWRWNDB01,35,2032,0.0282988264541216
REGION1,PWRWNDB01,36,2032,0.0258021852488351
REGION1,PWRWNDB01,37,2032,0.0670079797489819
REGION1,PWRWNDB01,38,2032,0.0699217978918287
REGION1,PWRWNDB01,39,2032,0.0376812646363274
REGION1,PWRWNDB01,40,2032,0.0282425068213288
REGION1,PWRWNDB01,1,2033,0.443190314062563
REGION1,PWRWNDB01,2,2033,0.5817806951052992
REGION1,PWRWNDB01,3,2033,0.5985359245359246
REGION1,PWRWNDB01,4,2033,0.4981126550106411
REGION1,PWRWNDB01,5,2033,0.2978589437657612
REGION1,PWRWNDB01,6,2033,0.2982276816449624
REGION1,PWRWNDB01,7,2033,0.1362342628538565
REGION1,PWRWNDB01,8,2033,0.0864203496189798
REGION1,PWRWNDB01,9,2033,0.0785844721189437
REGION1,PWRWNDB01,10,2033,0.025496987034793
REGION1,PWRWNDB01,11,2033,0.0061526276794012
REGION1,PWRWNDB01,12,2033,0.0
REGION1,PWRWNDB01,13,2033,0.1989925222526495
REGION1,PWRWNDB01,14,2033,0.3177622440056729
REGION1,PWRWNDB01,15,2033,0.1269910433103157
REGION1,PWRWNDB01,16,2033,0.0825386461563172
REGION1,PWRWNDB01,17,2033,0.3102363770493582
REGION1,PWRWNDB01,18,2033,0.4892942752687251
REGION1,PWRWNDB01,19,2033,0.554269500945663
REGION1,PWRWNDB01,20,2033,0.5919626418452035
REGION1,PWRWNDB01,21,2033,0.02753521204529
REGION1,PWRWNDB01,22,2033,0.04255978898889
REGION1,PWRWNDB01,23,2033,0.0572141475114673
REGION1,PWRWNDB01,24,2033,0.0135881167020904
REGION1,PWRWNDB01,25,2033,0.0967795295108628
REGION1,PWRWNDB01,26,2033,0.2157082650350389
REGION1,PWRWNDB01,27,2033,0.2798163065779507
REGION1,PWRWNDB01,28,2033,0.2505844470637176
REGION1,PWRWNDB01,29,2033,0.2232872739432426
REGION1,PWRWNDB01,30,2033,0.2599669154170245
REGION1,PWRWNDB01,31,2033,0.6143078943812124
REGION1,PWRWNDB01,32,2033,0.5955765125086075
REGION1,PWRWNDB01,33,2033,0.2827585232257542
REGION1,PWRWNDB01,34,2033,0.1246149013134833
REGION1,PWRWNDB01,35,2033,0.0282988264541216
REGION1,PWRWNDB01,36,2033,0.0258021852488351
REGION1,PWRWNDB01,37,2033,0.0670079797489819
REGION1,PWRWNDB01,38,2033,0.0699217978918287
REGION1,PWRWNDB01,39,2033,0.0376812646363274
REGION1,PWRWNDB01,40,2033,0.0282425068213288
REGION1,PWRWNDB01,1,2034,0.443190314062563
REGION1,PWRWNDB01,2,2034,0.5817806951052992
REGION1,PWRWNDB01,3,2034,0.5985359245359246
REGION1,PWRWNDB01,4,2034,0.4981126550106411
REGION1,PWRWNDB01,5,2034,0.2978589437657612
REGION1,PWRWNDB01,6,2034,0.2982276816449624
REGION1,PWRWNDB01,7,2034,0.1362342628538565
REGION1,PWRWNDB01,8,2034,0.0864203496189798
REGION1,PWRWNDB01,9,2034,0.0785844721189437
REGION1,PWRWNDB01,10,2034,0.025496987034793
REGION1,PWRWNDB01,11,2034,0.0061526276794012
REGION1,PWRWNDB01,12,2034,0.0
REGION1,PWRWNDB01,13,2034,0.1989925222526495
REGION1,PWRWNDB01,14,2034,0.3177622440056729
REGION1,PWRWNDB01,15,2034,0.1269910433103157
REGION1,PWRWNDB01,16,2034,0.0825386461563172
REGION1,PWRWNDB01,17,2034,0.3102363770493582
REGION1,PWRWNDB01,18,2034,0.4892942752687251
REGION1,PWRWNDB01,19,2034,0.554269500945663
REGION1,PWRWNDB01,20,2034,0.5919626418452035
REGION1,PWRWNDB01,21,2034,0.02753521204529
REGION1,PWRWNDB01,22,2034,0.04255978898889
REGION1,PWRWNDB01,23,2034,0.0572141475114673
REGION1,PWRWNDB01,24,2034,0.0135881167020904
REGION1,PWRWNDB01,25,2034,0.0967795295108628
REGION1,PWRWNDB01,26,2034,0.2157082650350389
REGION1,PWRWNDB01,27,2034,0.2798163065779507
REGION1,PWRWNDB01,28,2034,0.2505844470637176
REGION1,PWRWNDB01,29,2034,0.2232872739432426
REGION1,PWRWNDB01,30,2034,0.2599669154170245
REGION1,PWRWNDB01,31,2034,0.6143078943812124
REGION1,PWRWNDB01,32,2034,0.5955765125086075
REGION1,PWRWNDB01,33,2034,0.2827585232257542
REGION1,PWRWNDB01,34,2034,0.1246149013134833
REGION1,PWRWNDB01,35,2034,0.0282988264541216
REGION1,PWRWNDB01,36,2034,0.0258021852488351
REGION1,PWRWNDB01,37,2034,0.0670079797489819
REGION1,PWRWNDB01,38,2034,0.0699217978918287
REGION1,PWRWNDB01,39,2034,0.0376812646363274
REGION1,PWRWNDB01,40,2034,0.0282425068213288
REGION1,PWRWNDB01,1,2035,0.443190314062563
REGION1,PWRWNDB01,2,2035,0.5817806951052992
REGION1,PWRWNDB01,3,2035,0.5985359245359246
REGION1,PWRWNDB01,4,2035,0.4981126550106411
REGION1,PWRWNDB01,5,2035,0.2978589437657612
REGION1,PWRWNDB01,6,2035,0.2982276816449624
REGION1,PWRWNDB01,7,2035,0.1362342628538565
REGION1,PWRWNDB01,8,2035,0.0864203496189798
REGION1,PWRWNDB01,9,2035,0.0785844721189437
REGION1,PWRWNDB01,10,2035,0.025496987034793
REGION1,PWRWNDB01,11,2035,0.0061526276794012
REGION1,PWRWNDB01,12,2035,0.0
REGION1,PWRWNDB01,13,2035,0.1989925222526495
REGION1,PWRWNDB01,14,2035,0.3177622440056729
REGION1,PWRWNDB01,15,2035,0.1269910433103157
REGION1,PWRWNDB01,16,2035,0.0825386461563172
REGION1,PWRWNDB01,17,2035,0.3102363770493582
REGION1,PWRWNDB01,18,2035,0.4892942752687251
REGION1,PWRWNDB01,19,2035,0.554269500945663
REGION1,PWRWNDB01,20,2035,0.5919626418452035
REGION1,PWRWNDB01,21,2035,0.02753521204529
REGION1,PWRWNDB01,22,2035,0.04255978898889
REGION1,PWRWNDB01,23,2035,0.0572141475114673
REGION1,PWRWNDB01,24,2035,0.0135881167020904
REGION1,PWRWNDB01,25,2035,0.0967795295108628
REGION1,PWRWNDB01,26,2035,0.2157082650350389
REGION1,PWRWNDB01,27,2035,0.2798163065779507
REGION1,PWRWNDB01,28,2035,0.2505844470637176
REGION1,PWRWNDB01,29,2035,0.2232872739432426
REGION1,PWRWNDB01,30,2035,0.2599669154170245
REGION1,PWRWNDB01,31,2035,0.6143078943812124
REGION1,PWRWNDB01,32,2035,0.5955765125086075
REGION1,PWRWNDB01,33,2035,0.2827585232257542
REGION1,PWRWNDB01,34,2035,0.1246149013134833
REGION1,PWRWNDB01,35,2035,0.0282988264541216
REGION1,PWRWNDB01,36,2035,0.0258021852488351
REGION1,PWRWNDB01,37,2035,0.0670079797489819
REGION1,PWRWNDB01,38,2035,0.0699217978918287
REGION1,PWRWNDB01,39,2035,0.0376812646363274
REGION1,PWRWNDB01,40,2035,0.0282425068213288
REGION1,PWRWNDB01,1,2036,0.443190314062563
REGION1,PWRWNDB01,2,2036,0.5817806951052992
REGION1,PWRWNDB01,3,2036,0.5985359245359246
REGION1,PWRWNDB01,4,2036,0.4981126550106411
REGION1,PWRWNDB01,5,2036,0.2978589437657612
REGION1,PWRWNDB01,6,2036,0.2982276816449624
REGION1,PWRWNDB01,7,2036,0.1362342628538565
REGION1,PWRWNDB01,8,2036,0.0864203496189798
REGION1,PWRWNDB01,9,2036,0.0785844721189437
REGION1,PWRWNDB01,10,2036,0.025496987034793
REGION1,PWRWNDB01,11,2036,0.0061526276794012
REGION1,PWRWNDB01,12,2036,0.0
REGION1,PWRWNDB01,13,2036,0.1989925222526495
REGION1,PWRWNDB01,14,2036,0.3177622440056729
REGION1,PWRWNDB01,15,2036,0.1269910433103157
REGION1,PWRWNDB01,16,2036,0.0825386461563172
REGION1,PWRWNDB01,17,2036,0.3102363770493582
REGION1,PWRWNDB01,18,2036,0.4892942752687251
REGION1,PWRWNDB01,19,2036,0.554269500945663
REGION1,PWRWNDB01,20,2036,0.5919626418452035
REGION1,PWRWNDB01,21,2036,0.02753521204529
REGION1,PWRWNDB01,22,2036,0.04255978898889
REGION1,PWRWNDB01,23,2036,0.0572141475114673
REGION1,PWRWNDB01,24,2036,0.0135881167020904
REGION1,PWRWNDB01,25,2036,0.0967795295108628
REGION1,PWRWNDB01,26,2036,0.2157082650350389
REGION1,PWRWNDB01,27,2036,0.2798163065779507
REGION1,PWRWNDB01,28,2036,0.2505844470637176
REGION1,PWRWNDB01,29,2036,0.2232872739432426
REGION1,PWRWNDB01,30,2036,0.2599669154170245
REGION1,PWRWNDB01,31,2036,0.6143078943812124
REGION1,PWRWNDB01,32,2036,0.5955765125086075
REGION1,PWRWNDB01,33,2036,0.2827585232257542
REGION1,PWRWNDB01,34,2036,0.1246149013134833
REGION1,PWRWNDB01,35,2036,0.0282988264541216
REGION1,PWRWNDB01,36,2036,0.0258021852488351
REGION1,PWRWNDB01,37,2036,0.0670079797489819
REGION1,PWRWNDB01,38,2036,0.0699217978918287
REGION1,PWRWNDB01,39,2036,0.0376812646363274
REGION1,PWRWNDB01,40,2036,0.0282425068213288
REGION1,PWRWNDB01,1,2037,0.443190314062563
REGION1,PWRWNDB01,2,2037,0.5817806951052992
REGION1,PWRWNDB01,3,2037,0.5985359245359246
REGION1,PWRWNDB01,4,2037,0.4981126550106411
REGION1,PWRWNDB01,5,2037,0.2978589437657612
REGION1,PWRWNDB01,6,2037,0.2982276816449624
REGION1,PWRWNDB01,7,2037,0.1362342628538565
REGION1,PWRWNDB01,8,2037,0.0864203496189798
REGION1,PWRWNDB01,9,2037,0.0785844721189437
REGION1,PWRWNDB01,10,2037,0.025496987034793
REGION1,PWRWNDB01,11,2037,0.0061526276794012
REGION1,PWRWNDB01,12,2037,0.0
REGION1,PWRWNDB01,13,2037,0.1989925222526495
REGION1,PWRWNDB01,14,2037,0.3177622440056729
REGION1,PWRWNDB01,15,2037,0.1269910433103157
REGION1,PWRWNDB01,16,2037,0.0825386461563172
REGION1,PWRWNDB01,17,2037,0.3102363770493582
REGION1,PWRWNDB01,18,2037,0.4892942752687251
REGION1,PWRWNDB01,19,2037,0.554269500945663
REGION1,PWRWNDB01,20,2037,0.5919626418452035
REGION1,PWRWNDB01,21,2037,0.02753521204529
REGION1,PWRWNDB01,22,2037,0.04255978898889
REGION1,PWRWNDB01,23,2037,0.0572141475114673
REGION1,PWRWNDB01,24,2037,0.0135881167020904
REGION1,PWRWNDB01,25,2037,0.0967795295108628
REGION1,PWRWNDB01,26,2037,0.2157082650350389
REGION1,PWRWNDB01,27,2037,0.2798163065779507
REGION1,PWRWNDB01,28,2037,0.2505844470637176
REGION1,PWRWNDB01,29,2037,0.2232872739432426
REGION1,PWRWNDB01,30,2037,0.2599669154170245
REGION1,PWRWNDB01,31,2037,0.6143078943812124
REGION1,PWRWNDB01,32,2037,0.5955765125086075
REGION1,PWRWNDB01,33,2037,0.2827585232257542
REGION1,PWRWNDB01,34,2037,0.1246149013134833
REGION1,PWRWNDB01,35,2037,0.0282988264541216
REGION1,PWRWNDB01,36,2037,0.0258021852488351
REGION1,PWRWNDB01,37,2037,0.0670079797489819
REGION1,PWRWNDB01,38,2037,0.0699217978918287
REGION1,PWRWNDB01,39,2037,0.0376812646363274
REGION1,PWRWNDB01,40,2037,0.0282425068213288
REGION1,PWRWNDB01,1,2038,0.443190314062563
REGION1,PWRWNDB01,2,2038,0.5817806951052992
REGION1,PWRWNDB01,3,2038,0.5985359245359246
REGION1,PWRWNDB01,4,2038,0.4981126550106411
REGION1,PWRWNDB01,5,2038,0.2978589437657612
REGION1,PWRWNDB01,6,2038,0.2982276816449624
REGION1,PWRWNDB01,7,2038,0.1362342628538565
REGION1,PWRWNDB01,8,2038,0.0864203496189798
REGION1,PWRWNDB01,9,2038,0.0785844721189437
REGION1,PWRWNDB01,10,2038,0.025496987034793
REGION1,PWRWNDB01,11,2038,0.0061526276794012
REGION1,PWRWNDB01,12,2038,0.0
REGION1,PWRWNDB01,13,2038,0.1989925222526495
REGION1,PWRWNDB01,14,2038,0.3177622440056729
REGION1,PWRWNDB01,15,2038,0.1269910433103157
REGION1,PWRWNDB01,16,2038,0.0825386461563172
REGION1,PWRWNDB01,17,2038,0.3102363770493582
REGION1,PWRWNDB01,18,2038,0.4892942752687251
REGION1,PWRWNDB01,19,2038,0.554269500945663
REGION1,PWRWNDB01,20,2038,0.5919626418452035
REGION1,PWRWNDB01,21,2038,0.02753521204529
REGION1,PWRWNDB01,22,2038,0.04255978898889
REGION1,PWRWNDB01,23,2038,0.0572141475114673
REGION1,PWRWNDB01,24,2038,0.0135881167020904
REGION1,PWRWNDB01,25,2038,0.0967795295108628
REGION1,PWRWNDB01,26,2038,0.2157082650350389
REGION1,PWRWNDB01,27,2038,0.2798163065779507
REGION1,PWRWNDB01,28,2038,0.2505844470637176
REGION1,PWRWNDB01,29,2038,0.2232872739432426
REGION1,PWRWNDB01,30,2038,0.2599669154170245
REGION1,PWRWNDB01,31,2038,0.6143078943812124
REGION1,PWRWNDB01,32,2038,0.5955765125086075
REGION1,PWRWNDB01,33,2038,0.2827585232257542
REGION1,PWRWNDB01,34,2038,0.1246149013134833
REGION1,PWRWNDB01,35,2038,0.0282988264541216
REGION1,PWRWNDB01,36,2038,0.0258021852488351
REGION1,PWRWNDB01,37,2038,0.0670079797489819
REGION1,PWRWNDB01,38,2038,0.0699217978918287
REGION1,PWRWNDB01,39,2038,0.0376812646363274
REGION1,PWRWNDB01,40,2038,0.0282425068213288
REGION1,PWRWNDB01,1,2039,0.443190314062563
REGION1,PWRWNDB01,2,2039,0.5817806951052992
REGION1,PWRWNDB01,3,2039,0.5985359245359246
REGION1,PWRWNDB01,4,2039,0.4981126550106411
REGION1,PWRWNDB01,5,2039,0.2978589437657612
REGION1,PWRWNDB01,6,2039,0.2982276816449624
REGION1,PWRWNDB01,7,2039,0.1362342628538565
REGION1,PWRWNDB01,8,2039,0.0864203496189798
REGION1,PWRWNDB01,9,2039,0.0785844721189437
REGION1,PWRWNDB01,10,2039,0.025496987034793
REGION1,PWRWNDB01,11,2039,0.0061526276794012
REGION1,PWRWNDB01,12,2039,0.0
REGION1,PWRWNDB01,13,2039,0.1989925222526495
REGION1,PWRWNDB01,14,2039,0.3177622440056729
REGION1,PWRWNDB01,15,2039,0.1269910433103157
REGION1,PWRWNDB01,16,2039,0.0825386461563172
REGION1,PWRWNDB01,17,2039,0.3102363770493582
REGION1,PWRWNDB01,18,2039,0.4892942752687251
REGION1,PWRWNDB01,19,2039,0.554269500945663
REGION1,PWRWNDB01,20,2039,0.5919626418452035
REGION1,PWRWNDB01,21,2039,0.02753521204529
REGION1,PWRWNDB01,22,2039,0.04255978898889
REGION1,PWRWNDB01,23,2039,0.0572141475114673
REGION1,PWRWNDB01,24,2039,0.0135881167020904
REGION1,PWRWNDB01,25,2039,0.0967795295108628
REGION1,PWRWNDB01,26,2039,0.2157082650350389
REGION1,PWRWNDB01,27,2039,0.2798163065779507
REGION1,PWRWNDB01,28,2039,0.2505844470637176
REGION1,PWRWNDB01,29,2039,0.2232872739432426
REGION1,PWRWNDB01,30,2039,0.2599669154170245
REGION1,PWRWNDB01,31,2039,0.6143078943812124
REGION1,PWRWNDB01,32,2039,0.5955765125086075
REGION1,PWRWNDB01,33,2039,0.2827585232257542
REGION1,PWRWNDB01,34,2039,0.1246149013134833
REGION1,PWRWNDB01,35,2039,0.0282988264541216
REGION1,PWRWNDB01,36,2039,0.0258021852488351
REGION1,PWRWNDB01,37,2039,0.0670079797489819
REGION1,PWRWNDB01,38,2039,0.0699217978918287
REGION1,PWRWNDB01,39,2039,0.0376812646363274
REGION1,PWRWNDB01,40,2039,0.0282425068213288
REGION1,PWRWNDB01,1,2040,0.443190314062563
REGION1,PWRWNDB01,2,2040,0.5817806951052992
REGION1,PWRWNDB01,3,2040,0.5985359245359246
REGION1,PWRWNDB01,4,2040,0.4981126550106411
REGION1,PWRWNDB01,5,2040,0.2978589437657612
REGION1,PWRWNDB01,6,2040,0.2982276816449624
REGION1,PWRWNDB01,7,2040,0.1362342628538565
REGION1,PWRWNDB01,8,2040,0.0864203496189798
REGION1,PWRWNDB01,9,2040,0.0785844721189437
REGION1,PWRWNDB01,10,2040,0.025496987034793
REGION1,PWRWNDB01,11,2040,0.0061526276794012
REGION1,PWRWNDB01,12,2040,0.0
REGION1,PWRWNDB01,13,2040,0.1989925222526495
REGION1,PWRWNDB01,14,2040,0.3177622440056729
REGION1,PWRWNDB01,15,2040,0.1269910433103157
REGION1,PWRWNDB01,16,2040,0.0825386461563172
REGION1,PWRWNDB01,17,2040,0.3102363770493582
REGION1,PWRWNDB01,18,2040,0.4892942752687251
REGION1,PWRWNDB01,19,2040,0.554269500945663
REGION1,PWRWNDB01,20,2040,0.5919626418452035
REGION1,PWRWNDB01,21,2040,0.02753521204529
REGION1,PWRWNDB01,22,2040,0.04255978898889
REGION1,PWRWNDB01,23,2040,0.0572141475114673
REGION1,PWRWNDB01,24,2040,0.0135881167020904
REGION1,PWRWNDB01,25,2040,0.0967795295108628
REGION1,PWRWNDB01,26,2040,0.2157082650350389
REGION1,PWRWNDB01,27,2040,0.2798163065779507
REGION1,PWRWNDB01,28,2040,0.2505844470637176
REGION1,PWRWNDB01,29,2040,0.2232872739432426
REGION1,PWRWNDB01,30,2040,0.2599669154170245
REGION1,PWRWNDB01,31,2040,0.6143078943812124
REGION1,PWRWNDB01,32,2040,0.5955765125086075
REGION1,PWRWNDB01,33,2040,0.2827585232257542
REGION1,PWRWNDB01,34,2040,0.1246149013134833
REGION1,PWRWNDB01,35,2040,0.0282988264541216
REGION1,PWRWNDB01,36,2040,0.0258021852488351
REGION1,PWRWNDB01,37,2040,0.0670079797489819
REGION1,PWRWNDB01,38,2040,0.0699217978918287
REGION1,PWRWNDB01,39,2040,0.0376812646363274
REGION1,PWRWNDB01,40,2040,0.0282425068213288
REGION1,PWRWNDB01,1,2041,0.443190314062563
REGION1,PWRWNDB01,2,2041,0.5817806951052992
REGION1,PWRWNDB01,3,2041,0.5985359245359246
REGION1,PWRWNDB01,4,2041,0.4981126550106411
REGION1,PWRWNDB01,5,2041,0.2978589437657612
REGION1,PWRWNDB01,6,2041,0.2982276816449624
REGION1,PWRWNDB01,7,2041,0.1362342628538565
REGION1,PWRWNDB01,8,2041,0.0864203496189798
REGION1,PWRWNDB01,9,2041,0.0785844721189437
REGION1,PWRWNDB01,10,2041,0.025496987034793
REGION1,PWRWNDB01,11,2041,0.0061526276794012
REGION1,PWRWNDB01,12,2041,0.0
REGION1,PWRWNDB01,13,2041,0.1989925222526495
REGION1,PWRWNDB01,14,2041,0.3177622440056729
REGION1,PWRWNDB01,15,2041,0.1269910433103157
REGION1,PWRWNDB01,16,2041,0.0825386461563172
REGION1,PWRWNDB01,17,2041,0.3102363770493582
REGION1,PWRWNDB01,18,2041,0.4892942752687251
REGION1,PWRWNDB01,19,2041,0.554269500945663
REGION1,PWRWNDB01,20,2041,0.5919626418452035
REGION1,PWRWNDB01,21,2041,0.02753521204529
REGION1,PWRWNDB01,22,2041,0.04255978898889
REGION1,PWRWNDB01,23,2041,0.0572141475114673
REGION1,PWRWNDB01,24,2041,0.0135881167020904
REGION1,PWRWNDB01,25,2041,0.0967795295108628
REGION1,PWRWNDB01,26,2041,0.2157082650350389
REGION1,PWRWNDB01,27,2041,0.2798163065779507
REGION1,PWRWNDB01,28,2041,0.2505844470637176
REGION1,PWRWNDB01,29,2041,0.2232872739432426
REGION1,PWRWNDB01,30,2041,0.2599669154170245
REGION1,PWRWNDB01,31,2041,0.6143078943812124
REGION1,PWRWNDB01,32,2041,0.5955765125086075
REGION1,PWRWNDB01,33,2041,0.2827585232257542
REGION1,PWRWNDB01,34,2041,0.1246149013134833
REGION1,PWRWNDB01,35,2041,0.0282988264541216
REGION1,PWRWNDB01,36,2041,0.0258021852488351
REGION1,PWRWNDB01,37,2041,0.0670079797489819
REGION1,PWRWNDB01,38,2041,0.0699217978918287
REGION1,PWRWNDB01,39,2041,0.0376812646363274
REGION1,PWRWNDB01,40,2041,0.0282425068213288
REGION1,PWRWNDB01,1,2042,0.443190314062563
REGION1,PWRWNDB01,2,2042,0.5817806951052992
REGION1,PWRWNDB01,3,2042,0.5985359245359246
REGION1,PWRWNDB01,4,2042,0.4981126550106411
REGION1,PWRWNDB01,5,2042,0.2978589437657612
REGION1,PWRWNDB01,6,2042,0.2982276816449624
REGION1,PWRWNDB01,7,2042,0.1362342628538565
REGION1,PWRWNDB01,8,2042,0.0864203496189798
REGION1,PWRWNDB01,9,2042,0.0785844721189437
REGION1,PWRWNDB01,10,2042,0.025496987034793
REGION1,PWRWNDB01,11,2042,0.0061526276794012
REGION1,PWRWNDB01,12,2042,0.0
REGION1,PWRWNDB01,13,2042,0.1989925222526495
REGION1,PWRWNDB01,14,2042,0.3177622440056729
REGION1,PWRWNDB01,15,2042,0.1269910433103157
REGION1,PWRWNDB01,16,2042,0.0825386461563172
REGION1,PWRWNDB01,17,2042,0.3102363770493582
REGION1,PWRWNDB01,18,2042,0.4892942752687251
REGION1,PWRWNDB01,19,2042,0.554269500945663
REGION1,PWRWNDB01,20,2042,0.5919626418452035
REGION1,PWRWNDB01,21,2042,0.02753521204529
REGION1,PWRWNDB01,22,2042,0.04255978898889
REGION1,PWRWNDB01,23,2042,0.0572141475114673
REGION1,PWRWNDB01,24,2042,0.0135881167020904
REGION1,PWRWNDB01,25,2042,0.0967795295108628
REGION1,PWRWNDB01,26,2042,0.2157082650350389
REGION1,PWRWNDB01,27,2042,0.2798163065779507
REGION1,PWRWNDB01,28,2042,0.2505844470637176
REGION1,PWRWNDB01,29,2042,0.2232872739432426
REGION1,PWRWNDB01,30,2042,0.2599669154170245
REGION1,PWRWNDB01,31,2042,0.6143078943812124
REGION1,PWRWNDB01,32,2042,0.5955765125086075
REGION1,PWRWNDB01,33,2042,0.2827585232257542
REGION1,PWRWNDB01,34,2042,0.1246149013134833
REGION1,PWRWNDB01,35,2042,0.0282988264541216
REGION1,PWRWNDB01,36,2042,0.0258021852488351
REGION1,PWRWNDB01,37,2042,0.0670079797489819
REGION1,PWRWNDB01,38,2042,0.0699217978918287
REGION1,PWRWNDB01,39,2042,0.0376812646363274
REGION1,PWRWNDB01,40,2042,0.0282425068213288
REGION1,PWRWNDB01,1,2043,0.443190314062563
REGION1,PWRWNDB01,2,2043,0.5817806951052992
REGION1,PWRWNDB01,3,2043,0.5985359245359246
REGION1,PWRWNDB01,4,2043,0.4981126550106411
REGION1,PWRWNDB01,5,2043,0.2978589437657612
REGION1,PWRWNDB01,6,2043,0.2982276816449624
REGION1,PWRWNDB01,7,2043,0.1362342628538565
REGION1,PWRWNDB01,8,2043,0.0864203496189798
REGION1,PWRWNDB01,9,2043,0.0785844721189437
REGION1,PWRWNDB01,10,2043,0.025496987034793
REGION1,PWRWNDB01,11,2043,0.0061526276794012
REGION1,PWRWNDB01,12,2043,0.0
REGION1,PWRWNDB01,13,2043,0.1989925222526495
REGION1,PWRWNDB01,14,2043,0.3177622440056729
REGION1,PWRWNDB01,15,2043,0.1269910433103157
REGION1,PWRWNDB01,16,2043,0.0825386461563172
REGION1,PWRWNDB01,17,2043,0.3102363770493582
REGION1,PWRWNDB01,18,2043,0.4892942752687251
REGION1,PWRWNDB01,19,2043,0.554269500945663
REGION1,PWRWNDB01,20,2043,0.5919626418452035
REGION1,PWRWNDB01,21,2043,0.02753521204529
REGION1,PWRWNDB01,22,2043,0.04255978898889
REGION1,PWRWNDB01,23,2043,0.0572141475114673
REGION1,PWRWNDB01,24,2043,0.0135881167020904
REGION1,PWRWNDB01,25,2043,0.0967795295108628
REGION1,PWRWNDB01,26,2043,0.2157082650350389
REGION1,PWRWNDB01,27,2043,0.2798163065779507
REGION1,PWRWNDB01,28,2043,0.2505844470637176
REGION1,PWRWNDB01,29,2043,0.2232872739432426
REGION1,PWRWNDB01,30,2043,0.2599669154170245
REGION1,PWRWNDB01,31,2043,0.6143078943812124
REGION1,PWRWNDB01,32,2043,0.5955765125086075
REGION1,PWRWNDB01,33,2043,0.2827585232257542
REGION1,PWRWNDB01,34,2043,0.1246149013134833
REGION1,PWRWNDB01,35,2043,0.0282988264541216
REGION1,PWRWNDB01,36,2043,0.0258021852488351
REGION1,PWRWNDB01,37,2043,0.0670079797489819
REGION1,PWRWNDB01,38,2043,0.0699217978918287
REGION1,PWRWNDB01,39,2043,0.0376812646363274
REGION1,PWRWNDB01,40,2043,0.0282425068213288
REGION1,PWRWNDB01,1,2044,0.443190314062563
REGION1,PWRWNDB01,2,2044,0.5817806951052992
REGION1,PWRWNDB01,3,2044,0.5985359245359246
REGION1,PWRWNDB01,4,2044,0.4981126550106411
REGION1,PWRWNDB01,5,2044,0.2978589437657612
REGION1,PWRWNDB01,6,2044,0.2982276816449624
REGION1,PWRWNDB01,7,2044,0.1362342628538565
REGION1,PWRWNDB01,8,2044,0.0864203496189798
REGION1,PWRWNDB01,9,2044,0.0785844721189437
REGION1,PWRWNDB01,10,2044,0.025496987034793
REGION1,PWRWNDB01,11,2044,0.0061526276794012
REGION1,PWRWNDB01,12,2044,0.0
REGION1,PWRWNDB01,13,2044,0.1989925222526495
REGION1,PWRWNDB01,14,2044,0.3177622440056729
REGION1,PWRWNDB01,15,2044,0.1269910433103157
REGION1,PWRWNDB01,16,2044,0.0825386461563172
REGION1,PWRWNDB01,17,2044,0.3102363770493582
REGION1,PWRWNDB01,18,2044,0.4892942752687251
REGION1,PWRWNDB01,19,2044,0.554269500945663
REGION1,PWRWNDB01,20,2044,0.5919626418452035
REGION1,PWRWNDB01,21,2044,0.02753521204529
REGION1,PWRWNDB01,22,2044,0.04255978898889
REGION1,PWRWNDB01,23,2044,0.0572141475114673
REGION1,PWRWNDB01,24,2044,0.0135881167020904
REGION1,PWRWNDB01,25,2044,0.0967795295108628
REGION1,PWRWNDB01,26,2044,0.2157082650350389
REGION1,PWRWNDB01,27,2044,0.2798163065779507
REGION1,PWRWNDB01,28,2044,0.2505844470637176
REGION1,PWRWNDB01,29,2044,0.2232872739432426
REGION1,PWRWNDB01,30,2044,0.2599669154170245
REGION1,PWRWNDB01,31,2044,0.6143078943812124
REGION1,PWRWNDB01,32,2044,0.5955765125086075
REGION1,PWRWNDB01,33,2044,0.2827585232257542
REGION1,PWRWNDB01,34,2044,0.1246149013134833
REGION1,PWRWNDB01,35,2044,0.0282988264541216
REGION1,PWRWNDB01,36,2044,0.0258021852488351
REGION1,PWRWNDB01,37,2044,0.0670079797489819
REGION1,PWRWNDB01,38,2044,0.0699217978918287
REGION1,PWRWNDB01,39,2044,0.0376812646363274
REGION1,PWRWNDB01,40,2044,0.0282425068213288
REGION1,PWRWNDB01,1,2045,0.443190314062563
REGION1,PWRWNDB01,2,2045,0.5817806951052992
REGION1,PWRWNDB01,3,2045,0.5985359245359246
REGION1,PWRWNDB01,4,2045,0.4981126550106411
REGION1,PWRWNDB01,5,2045,0.2978589437657612
REGION1,PWRWNDB01,6,2045,0.2982276816449624
REGION1,PWRWNDB01,7,2045,0.1362342628538565
REGION1,PWRWNDB01,8,2045,0.0864203496189798
REGION1,PWRWNDB01,9,2045,0.0785844721189437
REGION1,PWRWNDB01,10,2045,0.025496987034793
REGION1,PWRWNDB01,11,2045,0.0061526276794012
REGION1,PWRWNDB01,12,2045,0.0
REGION1,PWRWNDB01,13,2045,0.1989925222526495
REGION1,PWRWNDB01,14,2045,0.3177622440056729
REGION1,PWRWNDB01,15,2045,0.1269910433103157
REGION1,PWRWNDB01,16,2045,0.0825386461563172
REGION1,PWRWNDB01,17,2045,0.3102363770493582
REGION1,PWRWNDB01,18,2045,0.4892942752687251
REGION1,PWRWNDB01,19,2045,0.554269500945663
REGION1,PWRWNDB01,20,2045,0.5919626418452035
REGION1,PWRWNDB01,21,2045,0.02753521204529
REGION1,PWRWNDB01,22,2045,0.04255978898889
REGION1,PWRWNDB01,23,2045,0.0572141475114673
REGION1,PWRWNDB01,24,2045,0.0135881167020904
REGION1,PWRWNDB01,25,2045,0.0967795295108628
REGION1,PWRWNDB01,26,2045,0.2157082650350389
REGION1,PWRWNDB01,27,2045,0.2798163065779507
REGION1,PWRWNDB01,28,2045,0.2505844470637176
REGION1,PWRWNDB01,29,2045,0.2232872739432426
REGION1,PWRWNDB01,30,2045,0.2599669154170245
REGION1,PWRWNDB01,31,2045,0.6143078943812124
REGION1,PWRWNDB01,32,2045,0.5955765125086075
REGION1,PWRWNDB01,33,2045,0.2827585232257542
REGION1,PWRWNDB01,34,2045,0.1246149013134833
REGION1,PWRWNDB01,35,2045,0.0282988264541216
REGION1,PWRWNDB01,36,2045,0.0258021852488351
REGION1,PWRWNDB01,37,2045,0.0670079797489819
REGION1,PWRWNDB01,38,2045,0.0699217978918287
REGION1,PWRWNDB01,39,2045,0.0376812646363274
REGION1,PWRWNDB01,40,2045,0.0282425068213288
REGION1,PWRWNDB01,1,2046,0.443190314062563
REGION1,PWRWNDB01,2,2046,0.5817806951052992
REGION1,PWRWNDB01,3,2046,0.5985359245359246
REGION1,PWRWNDB01,4,2046,0.4981126550106411
REGION1,PWRWNDB01,5,2046,0.2978589437657612
REGION1,PWRWNDB01,6,2046,0.2982276816449624
REGION1,PWRWNDB01,7,2046,0.1362342628538565
REGION1,PWRWNDB01,8,2046,0.0864203496189798
REGION1,PWRWNDB01,9,2046,0.0785844721189437
REGION1,PWRWNDB01,10,2046,0.025496987034793
REGION1,PWRWNDB01,11,2046,0.0061526276794012
REGION1,PWRWNDB01,12,2046,0.0
REGION1,PWRWNDB01,13,2046,0.1989925222526495
REGION1,PWRWNDB01,14,2046,0.3177622440056729
REGION1,PWRWNDB01,15,2046,0.1269910433103157
REGION1,PWRWNDB01,16,2046,0.0825386461563172
REGION1,PWRWNDB01,17,2046,0.3102363770493582
REGION1,PWRWNDB01,18,2046,0.4892942752687251
REGION1,PWRWNDB01,19,2046,0.554269500945663
REGION1,PWRWNDB01,20,2046,0.5919626418452035
REGION1,PWRWNDB01,21,2046,0.02753521204529
REGION1,PWRWNDB01,22,2046,0.04255978898889
REGION1,PWRWNDB01,23,2046,0.0572141475114673
REGION1,PWRWNDB01,24,2046,0.0135881167020904
REGION1,PWRWNDB01,25,2046,0.0967795295108628
REGION1,PWRWNDB01,26,2046,0.2157082650350389
REGION1,PWRWNDB01,27,2046,0.2798163065779507
REGION1,PWRWNDB01,28,2046,0.2505844470637176
REGION1,PWRWNDB01,29,2046,0.2232872739432426
REGION1,PWRWNDB01,30,2046,0.2599669154170245
REGION1,PWRWNDB01,31,2046,0.6143078943812124
REGION1,PWRWNDB01,32,2046,0.5955765125086075
REGION1,PWRWNDB01,33,2046,0.2827585232257542
REGION1,PWRWNDB01,34,2046,0.1246149013134833
REGION1,PWRWNDB01,35,2046,0.0282988264541216
REGION1,PWRWNDB01,36,2046,0.0258021852488351
REGION1,PWRWNDB01,37,2046,0.0670079797489819
REGION1,PWRWNDB01,38,2046,0.0699217978918287
REGION1,PWRWNDB01,39,2046,0.0376812646363274
REGION1,PWRWNDB01,40,2046,0.0282425068213288
REGION1,PWRWNDB01,1,2047,0.443190314062563
REGION1,PWRWNDB01,2,2047,0.5817806951052992
REGION1,PWRWNDB01,3,2047,0.5985359245359246
REGION1,PWRWNDB01,4,2047,0.4981126550106411
REGION1,PWRWNDB01,5,2047,0.2978589437657612
REGION1,PWRWNDB01,6,2047,0.2982276816449624
REGION1,PWRWNDB01,7,2047,0.1362342628538565
REGION1,PWRWNDB01,8,2047,0.0864203496189798
REGION1,PWRWNDB01,9,2047,0.0785844721189437
REGION1,PWRWNDB01,10,2047,0.025496987034793
REGION1,PWRWNDB01,11,2047,0.0061526276794012
REGION1,PWRWNDB01,12,2047,0.0
REGION1,PWRWNDB01,13,2047,0.1989925222526495
REGION1,PWRWNDB01,14,2047,0.3177622440056729
REGION1,PWRWNDB01,15,2047,0.1269910433103157
REGION1,PWRWNDB01,16,2047,0.0825386461563172
REGION1,PWRWNDB01,17,2047,0.3102363770493582
REGION1,PWRWNDB01,18,2047,0.4892942752687251
REGION1,PWRWNDB01,19,2047,0.554269500945663
REGION1,PWRWNDB01,20,2047,0.5919626418452035
REGION1,PWRWNDB01,21,2047,0.02753521204529
REGION1,PWRWNDB01,22,2047,0.04255978898889
REGION1,PWRWNDB01,23,2047,0.0572141475114673
REGION1,PWRWNDB01,24,2047,0.0135881167020904
REGION1,PWRWNDB01,25,2047,0.0967795295108628
REGION1,PWRWNDB01,26,2047,0.2157082650350389
REGION1,PWRWNDB01,27,2047,0.2798163065779507
REGION1,PWRWNDB01,28,2047,0.2505844470637176
REGION1,PWRWNDB01,29,2047,0.2232872739432426
REGION1,PWRWNDB01,30,2047,0.2599669154170245
REGION1,PWRWNDB01,31,2047,0.6143078943812124
REGION1,PWRWNDB01,32,2047,0.5955765125086075
REGION1,PWRWNDB01,33,2047,0.2827585232257542
REGION1,PWRWNDB01,34,2047,0.1246149013134833
REGION1,PWRWNDB01,35,2047,0.0282988264541216
REGION1,PWRWNDB01,36,2047,0.0258021852488351
REGION1,PWRWNDB01,37,2047,0.0670079797489819
REGION1,PWRWNDB01,38,2047,0.0699217978918287
REGION1,PWRWNDB01,39,2047,0.0376812646363274
REGION1,PWRWNDB01,40,2047,0.0282425068213288
REGION1,PWRWNDB01,1,2048,0.443190314062563
REGION1,PWRWNDB01,2,2048,0.5817806951052992
REGION1,PWRWNDB01,3,2048,0.5985359245359246
REGION1,PWRWNDB01,4,2048,0.4981126550106411
REGION1,PWRWNDB01,5,2048,0.2978589437657612
REGION1,PWRWNDB01,6,2048,0.2982276816449624
REGION1,PWRWNDB01,7,2048,0.1362342628538565
REGION1,PWRWNDB01,8,2048,0.0864203496189798
REGION1,PWRWNDB01,9,2048,0.0785844721189437
REGION1,PWRWNDB01,10,2048,0.025496987034793
REGION1,PWRWNDB01,11,2048,0.0061526276794012
REGION1,PWRWNDB01,12,2048,0.0
REGION1,PWRWNDB01,13,2048,0.1989925222526495
REGION1,PWRWNDB01,14,2048,0.3177622440056729
REGION1,PWRWNDB01,15,2048,0.1269910433103157
REGION1,PWRWNDB01,16,2048,0.0825386461563172
REGION1,PWRWNDB01,17,2048,0.3102363770493582
REGION1,PWRWNDB01,18,2048,0.4892942752687251
REGION1,PWRWNDB01,19,2048,0.554269500945663
REGION1,PWRWNDB01,20,2048,0.5919626418452035
REGION1,PWRWNDB01,21,2048,0.02753521204529
REGION1,PWRWNDB01,22,2048,0.04255978898889
REGION1,PWRWNDB01,23,2048,0.0572141475114673
REGION1,PWRWNDB01,24,2048,0.0135881167020904
REGION1,PWRWNDB01,25,2048,0.0967795295108628
REGION1,PWRWNDB01,26,2048,0.2157082650350389
REGION1,PWRWNDB01,27,2048,0.2798163065779507
REGION1,PWRWNDB01,28,2048,0.2505844470637176
REGION1,PWRWNDB01,29,2048,0.2232872739432426
REGION1,PWRWNDB01,30,2048,0.2599669154170245
REGION1,PWRWNDB01,31,2048,0.6143078943812124
REGION1,PWRWNDB01,32,2048,0.5955765125086075
REGION1,PWRWNDB01,33,2048,0.2827585232257542
REGION1,PWRWNDB01,34,2048,0.1246149013134833
REGION1,PWRWNDB01,35,2048,0.0282988264541216
REGION1,PWRWNDB01,36,2048,0.0258021852488351
REGION1,PWRWNDB01,37,2048,0.0670079797489819
REGION1,PWRWNDB01,38,2048,0.0699217978918287
REGION1,PWRWNDB01,39,2048,0.0376812646363274
REGION1,PWRWNDB01,40,2048,0.0282425068213288
REGION1,PWRWNDB01,1,2049,0.443190314062563
REGION1,PWRWNDB01,2,2049,0.5817806951052992
REGION1,PWRWNDB01,3,2049,0.5985359245359246
REGION1,PWRWNDB01,4,2049,0.4981126550106411
REGION1,PWRWNDB01,5,2049,0.2978589437657612
REGION1,PWRWNDB01,6,2049,0.2982276816449624
REGION1,PWRWNDB01,7,2049,0.1362342628538565
REGION1,PWRWNDB01,8,2049,0.0864203496189798
REGION1,PWRWNDB01,9,2049,0.0785844721189437
REGION1,PWRWNDB01,10,2049,0.025496987034793
REGION1,PWRWNDB01,11,2049,0.0061526276794012
REGION1,PWRWNDB01,12,2049,0.0
REGION1,PWRWNDB01,13,2049,0.1989925222526495
REGION1,PWRWNDB01,14,2049,0.3177622440056729
REGION1,PWRWNDB01,15,2049,0.1269910433103157
REGION1,PWRWNDB01,16,2049,0.0825386461563172
REGION1,PWRWNDB01,17,2049,0.3102363770493582
REGION1,PWRWNDB01,18,2049,0.4892942752687251
REGION1,PWRWNDB01,19,2049,0.554269500945663
REGION1,PWRWNDB01,20,2049,0.5919626418452035
REGION1,PWRWNDB01,21,2049,0.02753521204529
REGION1,PWRWNDB01,22,2049,0.04255978898889
REGION1,PWRWNDB01,23,2049,0.0572141475114673
REGION1,PWRWNDB01,24,2049,0.0135881167020904
REGION1,PWRWNDB01,25,2049,0.0967795295108628
REGION1,PWRWNDB01,26,2049,0.2157082650350389
REGION1,PWRWNDB01,27,2049,0.2798163065779507
REGION1,PWRWNDB01,28,2049,0.2505844470637176
REGION1,PWRWNDB01,29,2049,0.2232872739432426
REGION1,PWRWNDB01,30,2049,0.2599669154170245
REGION1,PWRWNDB01,31,2049,0.6143078943812124
REGION1,PWRWNDB01,32,2049,0.5955765125086075
REGION1,PWRWNDB01,33,2049,0.2827585232257542
REGION1,PWRWNDB01,34,2049,0.1246149013134833
REGION1,PWRWNDB01,35,2049,0.0282988264541216
REGION1,PWRWNDB01,36,2049,0.0258021852488351
REGION1,PWRWNDB01,37,2049,0.0670079797489819
REGION1,PWRWNDB01,38,2049,0.0699217978918287
REGION1,PWRWNDB01,39,2049,0.0376812646363274
REGION1,PWRWNDB01,40,2049,0.0282425068213288
REGION1,PWRWNDB01,1,2050,0.443190314062563
REGION1,PWRWNDB01,2,2050,0.5817806951052992
REGION1,PWRWNDB01,3,2050,0.5985359245359246
REGION1,PWRWNDB01,4,2050,0.4981126550106411
REGION1,PWRWNDB01,5,2050,0.2978589437657612
REGION1,PWRWNDB01,6,2050,0.2982276816449624
REGION1,PWRWNDB01,7,2050,0.1362342628538565
REGION1,PWRWNDB01,8,2050,0.0864203496189798
REGION1,PWRWNDB01,9,2050,0.0785844721189437
REGION1,PWRWNDB01,10,2050,0.025496987034793
REGION1,PWRWNDB01,11,2050,0.0061526276794012
REGION1,PWRWNDB01,12,2050,0.0
REGION1,PWRWNDB01,13,2050,0.1989925222526495
REGION1,PWRWNDB01,14,2050,0.3177622440056729
REGION1,PWRWNDB01,15,2050,0.1269910433103157
REGION1,PWRWNDB01,16,2050,0.0825386461563172
REGION1,PWRWNDB01,17,2050,0.3102363770493582
REGION1,PWRWNDB01,18,2050,0.4892942752687251
REGION1,PWRWNDB01,19,2050,0.554269500945663
REGION1,PWRWNDB01,20,2050,0.5919626418452035
REGION1,PWRWNDB01,21,2050,0.02753521204529
REGION1,PWRWNDB01,22,2050,0.04255978898889
REGION1,PWRWNDB01,23,2050,0.0572141475114673
REGION1,PWRWNDB01,24,2050,0.0135881167020904
REGION1,PWRWNDB01,25,2050,0.0967795295108628
REGION1,PWRWNDB01,26,2050,0.2157082650350389
REGION1,PWRWNDB01,27,2050,0.2798163065779507
REGION1,PWRWNDB01,28,2050,0.2505844470637176
REGION1,PWRWNDB01,29,2050,0.2232872739432426
REGION1,PWRWNDB01,30,2050,0.2599669154170245
REGION1,PWRWNDB01,31,2050,0.6143078943812124
REGION1,PWRWNDB01,32,2050,0.5955765125086075
REGION1,PWRWNDB01,33,2050,0.2827585232257542
REGION1,PWRWNDB01,34,2050,0.1246149013134833
REGION1,PWRWNDB01,35,2050,0.0282988264541216
REGION1,PWRWNDB01,36,2050,0.0258021852488351
REGION1,PWRWNDB01,37,2050,0.0670079797489819
REGION1,PWRWNDB01,38,2050,0.0699217978918287
REGION1,PWRWNDB01,39,2050,0.0376812646363274
REGION1,PWRWNDB01,40,2050,0.0282425068213288
REGION1,PWRWNDB02,1,2020,0.0598808199655977
REGION1,PWRWNDB02,2,2020,0.2665244653573098
REGION1,PWRWNDB02,3,2020,0.4073412683444116
REGION1,PWRWNDB02,4,2020,0.689346317041518
REGION1,PWRWNDB02,5,2020,0.0058416710001123
REGION1,PWRWNDB02,6,2020,0.0058416710001123
REGION1,PWRWNDB02,7,2020,0.0066002114580264
REGION1,PWRWNDB02,8,2020,0.2538695775982147
REGION1,PWRWNDB02,9,2020,0.0058416710001123
REGION1,PWRWNDB02,10,2020,0.0126928639393787
REGION1,PWRWNDB02,11,2020,0.0595802770522935
REGION1,PWRWNDB02,12,2020,0.1735057946793443
REGION1,PWRWNDB02,13,2020,0.1151558915147771
REGION1,PWRWNDB02,14,2020,0.1062930329479418
REGION1,PWRWNDB02,15,2020,0.0383632867681028
REGION1,PWRWNDB02,16,2020,0.0446677440959276
REGION1,PWRWNDB02,17,2020,0.6537310038632941
REGION1,PWRWNDB02,18,2020,0.1076290988267151
REGION1,PWRWNDB02,19,2020,0.2081180912282225
REGION1,PWRWNDB02,20,2020,0.200430001597422
REGION1,PWRWNDB02,21,2020,0.2753610912706463
REGION1,PWRWNDB02,22,2020,0.3369055406999265
REGION1,PWRWNDB02,23,2020,0.3080710574007644
REGION1,PWRWNDB02,24,2020,0.2129439560358429
REGION1,PWRWNDB02,25,2020,0.1770222409479155
REGION1,PWRWNDB02,26,2020,0.7291075871058004
REGION1,PWRWNDB02,27,2020,0.7284661872213901
REGION1,PWRWNDB02,28,2020,0.5598705003635195
REGION1,PWRWNDB02,29,2020,0.6396282690035586
REGION1,PWRWNDB02,30,2020,0.8086080992963476
REGION1,PWRWNDB02,31,2020,0.7626860672523036
REGION1,PWRWNDB02,32,2020,0.6093642171526246
REGION1,PWRWNDB02,33,2020,0.4524694481771081
REGION1,PWRWNDB02,34,2020,0.1984578766871272
REGION1,PWRWNDB02,35,2020,0.5205287749101095
REGION1,PWRWNDB02,36,2020,0.2970720528080882
REGION1,PWRWNDB02,37,2020,0.752025682317839
REGION1,PWRWNDB02,38,2020,0.618730380948256
REGION1,PWRWNDB02,39,2020,0.804804469103373
REGION1,PWRWNDB02,40,2020,0.7910545657973224
REGION1,PWRWNDB02,1,2021,0.0598808199655977
REGION1,PWRWNDB02,2,2021,0.2665244653573098
REGION1,PWRWNDB02,3,2021,0.4073412683444116
REGION1,PWRWNDB02,4,2021,0.689346317041518
REGION1,PWRWNDB02,5,2021,0.0058416710001123
REGION1,PWRWNDB02,6,2021,0.0058416710001123
REGION1,PWRWNDB02,7,2021,0.0066002114580264
REGION1,PWRWNDB02,8,2021,0.2538695775982147
REGION1,PWRWNDB02,9,2021,0.0058416710001123
REGION1,PWRWNDB02,10,2021,0.0126928639393787
REGION1,PWRWNDB02,11,2021,0.0595802770522935
REGION1,PWRWNDB02,12,2021,0.1735057946793443
REGION1,PWRWNDB02,13,2021,0.1151558915147771
REGION1,PWRWNDB02,14,2021,0.1062930329479418
REGION1,PWRWNDB02,15,2021,0.0383632867681028
REGION1,PWRWNDB02,16,2021,0.0446677440959276
REGION1,PWRWNDB02,17,2021,0.6537310038632941
REGION1,PWRWNDB02,18,2021,0.1076290988267151
REGION1,PWRWNDB02,19,2021,0.2081180912282225
REGION1,PWRWNDB02,20,2021,0.200430001597422
REGION1,PWRWNDB02,21,2021,0.2753610912706463
REGION1,PWRWNDB02,22,2021,0.3369055406999265
REGION1,PWRWNDB02,23,2021,0.3080710574007644
REGION1,PWRWNDB02,24,2021,0.2129439560358429
REGION1,PWRWNDB02,25,2021,0.1770222409479155
REGION1,PWRWNDB02,26,2021,0.7291075871058004
REGION1,PWRWNDB02,27,2021,0.7284661872213901
REGION1,PWRWNDB02,28,2021,0.5598705003635195
REGION1,PWRWNDB02,29,2021,0.6396282690035586
REGION1,PWRWNDB02,30,2021,0.8086080992963476
REGION1,PWRWNDB02,31,2021,0.7626860672523036
REGION1,PWRWNDB02,32,2021,0.6093642171526246
REGION1,PWRWNDB02,33,2021,0.4524694481771081
REGION1,PWRWNDB02,34,2021,0.1984578766871272
REGION1,PWRWNDB02,35,2021,0.5205287749101095
REGION1,PWRWNDB02,36,2021,0.2970720528080882
REGION1,PWRWNDB02,37,2021,0.752025682317839
REGION1,PWRWNDB02,38,2021,0.618730380948256
REGION1,PWRWNDB02,39,2021,0.804804469103373
REGION1,PWRWNDB02,40,2021,0.7910545657973224
REGION1,PWRWNDB02,1,2022,0.0598808199655977
REGION1,PWRWNDB02,2,2022,0.2665244653573098
REGION1,PWRWNDB02,3,2022,0.4073412683444116
REGION1,PWRWNDB02,4,2022,0.689346317041518
REGION1,PWRWNDB02,5,2022,0.0058416710001123
REGION1,PWRWNDB02,6,2022,0.0058416710001123
REGION1,PWRWNDB02,7,2022,0.0066002114580264
REGION1,PWRWNDB02,8,2022,0.2538695775982147
REGION1,PWRWNDB02,9,2022,0.0058416710001123
REGION1,PWRWNDB02,10,2022,0.0126928639393787
REGION1,PWRWNDB02,11,2022,0.0595802770522935
REGION1,PWRWNDB02,12,2022,0.1735057946793443
REGION1,PWRWNDB02,13,2022,0.1151558915147771
REGION1,PWRWNDB02,14,2022,0.1062930329479418
REGION1,PWRWNDB02,15,2022,0.0383632867681028
REGION1,PWRWNDB02,16,2022,0.0446677440959276
REGION1,PWRWNDB02,17,2022,0.6537310038632941
REGION1,PWRWNDB02,18,2022,0.1076290988267151
REGION1,PWRWNDB02,19,2022,0.2081180912282225
REGION1,PWRWNDB02,20,2022,0.200430001597422
REGION1,PWRWNDB02,21,2022,0.2753610912706463
REGION1,PWRWNDB02,22,2022,0.3369055406999265
REGION1,PWRWNDB02,23,2022,0.3080710574007644
REGION1,PWRWNDB02,24,2022,0.2129439560358429
REGION1,PWRWNDB02,25,2022,0.1770222409479155
REGION1,PWRWNDB02,26,2022,0.7291075871058004
REGION1,PWRWNDB02,27,2022,0.7284661872213901
REGION1,PWRWNDB02,28,2022,0.5598705003635195
REGION1,PWRWNDB02,29,2022,0.6396282690035586
REGION1,PWRWNDB02,30,2022,0.8086080992963476
REGION1,PWRWNDB02,31,2022,0.7626860672523036
REGION1,PWRWNDB02,32,2022,0.6093642171526246
REGION1,PWRWNDB02,33,2022,0.4524694481771081
REGION1,PWRWNDB02,34,2022,0.1984578766871272
REGION1,PWRWNDB02,35,2022,0.5205287749101095
REGION1,PWRWNDB02,36,2022,0.2970720528080882
REGION1,PWRWNDB02,37,2022,0.752025682317839
REGION1,PWRWNDB02,38,2022,0.618730380948256
REGION1,PWRWNDB02,39,2022,0.804804469103373
REGION1,PWRWNDB02,40,2022,0.7910545657973224
REGION1,PWRWNDB02,1,2023,0.0598808199655977
REGION1,PWRWNDB02,2,2023,0.2665244653573098
REGION1,PWRWNDB02,3,2023,0.4073412683444116
REGION1,PWRWNDB02,4,2023,0.689346317041518
REGION1,PWRWNDB02,5,2023,0.0058416710001123
REGION1,PWRWNDB02,6,2023,0.0058416710001123
REGION1,PWRWNDB02,7,2023,0.0066002114580264
REGION1,PWRWNDB02,8,2023,0.2538695775982147
REGION1,PWRWNDB02,9,2023,0.0058416710001123
REGION1,PWRWNDB02,10,2023,0.0126928639393787
REGION1,PWRWNDB02,11,2023,0.0595802770522935
REGION1,PWRWNDB02,12,2023,0.1735057946793443
REGION1,PWRWNDB02,13,2023,0.1151558915147771
REGION1,PWRWNDB02,14,2023,0.1062930329479418
REGION1,PWRWNDB02,15,2023,0.0383632867681028
REGION1,PWRWNDB02,16,2023,0.0446677440959276
REGION1,PWRWNDB02,17,2023,0.6537310038632941
REGION1,PWRWNDB02,18,2023,0.1076290988267151
REGION1,PWRWNDB02,19,2023,0.2081180912282225
REGION1,PWRWNDB02,20,2023,0.200430001597422
REGION1,PWRWNDB02,21,2023,0.2753610912706463
REGION1,PWRWNDB02,22,2023,0.3369055406999265
REGION1,PWRWNDB02,23,2023,0.3080710574007644
REGION1,PWRWNDB02,24,2023,0.2129439560358429
REGION1,PWRWNDB02,25,2023,0.1770222409479155
REGION1,PWRWNDB02,26,2023,0.7291075871058004
REGION1,PWRWNDB02,27,2023,0.7284661872213901
REGION1,PWRWNDB02,28,2023,0.5598705003635195
REGION1,PWRWNDB02,29,2023,0.6396282690035586
REGION1,PWRWNDB02,30,2023,0.8086080992963476
REGION1,PWRWNDB02,31,2023,0.7626860672523036
REGION1,PWRWNDB02,32,2023,0.6093642171526246
REGION1,PWRWNDB02,33,2023,0.4524694481771081
REGION1,PWRWNDB02,34,2023,0.1984578766871272
REGION1,PWRWNDB02,35,2023,0.5205287749101095
REGION1,PWRWNDB02,36,2023,0.2970720528080882
REGION1,PWRWNDB02,37,2023,0.752025682317839
REGION1,PWRWNDB02,38,2023,0.618730380948256
REGION1,PWRWNDB02,39,2023,0.804804469103373
REGION1,PWRWNDB02,40,2023,0.7910545657973224
REGION1,PWRWNDB02,1,2024,0.0598808199655977
REGION1,PWRWNDB02,2,2024,0.2665244653573098
REGION1,PWRWNDB02,3,2024,0.4073412683444116
REGION1,PWRWNDB02,4,2024,0.689346317041518
REGION1,PWRWNDB02,5,2024,0.0058416710001123
REGION1,PWRWNDB02,6,2024,0.0058416710001123
REGION1,PWRWNDB02,7,2024,0.0066002114580264
REGION1,PWRWNDB02,8,2024,0.2538695775982147
REGION1,PWRWNDB02,9,2024,0.0058416710001123
REGION1,PWRWNDB02,10,2024,0.0126928639393787
REGION1,PWRWNDB02,11,2024,0.0595802770522935
REGION1,PWRWNDB02,12,2024,0.1735057946793443
REGION1,PWRWNDB02,13,2024,0.1151558915147771
REGION1,PWRWNDB02,14,2024,0.1062930329479418
REGION1,PWRWNDB02,15,2024,0.0383632867681028
REGION1,PWRWNDB02,16,2024,0.0446677440959276
REGION1,PWRWNDB02,17,2024,0.6537310038632941
REGION1,PWRWNDB02,18,2024,0.1076290988267151
REGION1,PWRWNDB02,19,2024,0.2081180912282225
REGION1,PWRWNDB02,20,2024,0.200430001597422
REGION1,PWRWNDB02,21,2024,0.2753610912706463
REGION1,PWRWNDB02,22,2024,0.3369055406999265
REGION1,PWRWNDB02,23,2024,0.3080710574007644
REGION1,PWRWNDB02,24,2024,0.2129439560358429
REGION1,PWRWNDB02,25,2024,0.1770222409479155
REGION1,PWRWNDB02,26,2024,0.7291075871058004
REGION1,PWRWNDB02,27,2024,0.7284661872213901
REGION1,PWRWNDB02,28,2024,0.5598705003635195
REGION1,PWRWNDB02,29,2024,0.6396282690035586
REGION1,PWRWNDB02,30,2024,0.8086080992963476
REGION1,PWRWNDB02,31,2024,0.7626860672523036
REGION1,PWRWNDB02,32,2024,0.6093642171526246
REGION1,PWRWNDB02,33,2024,0.4524694481771081
REGION1,PWRWNDB02,34,2024,0.1984578766871272
REGION1,PWRWNDB02,35,2024,0.5205287749101095
REGION1,PWRWNDB02,36,2024,0.2970720528080882
REGION1,PWRWNDB02,37,2024,0.752025682317839
REGION1,PWRWNDB02,38,2024,0.618730380948256
REGION1,PWRWNDB02,39,2024,0.804804469103373
REGION1,PWRWNDB02,40,2024,0.7910545657973224
REGION1,PWRWNDB02,1,2025,0.0598808199655977
REGION1,PWRWNDB02,2,2025,0.2665244653573098
REGION1,PWRWNDB02,3,2025,0.4073412683444116
REGION1,PWRWNDB02,4,2025,0.689346317041518
REGION1,PWRWNDB02,5,2025,0.0058416710001123
REGION1,PWRWNDB02,6,2025,0.0058416710001123
REGION1,PWRWNDB02,7,2025,0.0066002114580264
REGION1,PWRWNDB02,8,2025,0.2538695775982147
REGION1,PWRWNDB02,9,2025,0.0058416710001123
REGION1,PWRWNDB02,10,2025,0.0126928639393787
REGION1,PWRWNDB02,11,2025,0.0595802770522935
REGION1,PWRWNDB02,12,2025,0.1735057946793443
REGION1,PWRWNDB02,13,2025,0.1151558915147771
REGION1,PWRWNDB02,14,2025,0.1062930329479418
REGION1,PWRWNDB02,15,2025,0.0383632867681028
REGION1,PWRWNDB02,16,2025,0.0446677440959276
REGION1,PWRWNDB02,17,2025,0.6537310038632941
REGION1,PWRWNDB02,18,2025,0.1076290988267151
REGION1,PWRWNDB02,19,2025,0.2081180912282225
REGION1,PWRWNDB02,20,2025,0.200430001597422
REGION1,PWRWNDB02,21,2025,0.2753610912706463
REGION1,PWRWNDB02,22,2025,0.3369055406999265
REGION1,PWRWNDB02,23,2025,0.3080710574007644
REGION1,PWRWNDB02,24,2025,0.2129439560358429
REGION1,PWRWNDB02,25,2025,0.1770222409479155
REGION1,PWRWNDB02,26,2025,0.7291075871058004
REGION1,PWRWNDB02,27,2025,0.7284661872213901
REGION1,PWRWNDB02,28,2025,0.5598705003635195
REGION1,PWRWNDB02,29,2025,0.6396282690035586
REGION1,PWRWNDB02,30,2025,0.8086080992963476
REGION1,PWRWNDB02,31,2025,0.7626860672523036
REGION1,PWRWNDB02,32,2025,0.6093642171526246
REGION1,PWRWNDB02,33,2025,0.4524694481771081
REGION1,PWRWNDB02,34,2025,0.1984578766871272
REGION1,PWRWNDB02,35,2025,0.5205287749101095
REGION1,PWRWNDB02,36,2025,0.2970720528080882
REGION1,PWRWNDB02,37,2025,0.752025682317839
REGION1,PWRWNDB02,38,2025,0.618730380948256
REGION1,PWRWNDB02,39,2025,0.804804469103373
REGION1,PWRWNDB02,40,2025,0.7910545657973224
REGION1,PWRWNDB02,1,2026,0.0598808199655977
REGION1,PWRWNDB02,2,2026,0.2665244653573098
REGION1,PWRWNDB02,3,2026,0.4073412683444116
REGION1,PWRWNDB02,4,2026,0.689346317041518
REGION1,PWRWNDB02,5,2026,0.0058416710001123
REGION1,PWRWNDB02,6,2026,0.0058416710001123
REGION1,PWRWNDB02,7,2026,0.0066002114580264
REGION1,PWRWNDB02,8,2026,0.2538695775982147
REGION1,PWRWNDB02,9,2026,0.0058416710001123
REGION1,PWRWNDB02,10,2026,0.0126928639393787
REGION1,PWRWNDB02,11,2026,0.0595802770522935
REGION1,PWRWNDB02,12,2026,0.1735057946793443
REGION1,PWRWNDB02,13,2026,0.1151558915147771
REGION1,PWRWNDB02,14,2026,0.1062930329479418
REGION1,PWRWNDB02,15,2026,0.0383632867681028
REGION1,PWRWNDB02,16,2026,0.0446677440959276
REGION1,PWRWNDB02,17,2026,0.6537310038632941
REGION1,PWRWNDB02,18,2026,0.1076290988267151
REGION1,PWRWNDB02,19,2026,0.2081180912282225
REGION1,PWRWNDB02,20,2026,0.200430001597422
REGION1,PWRWNDB02,21,2026,0.2753610912706463
REGION1,PWRWNDB02,22,2026,0.3369055406999265
REGION1,PWRWNDB02,23,2026,0.3080710574007644
REGION1,PWRWNDB02,24,2026,0.2129439560358429
REGION1,PWRWNDB02,25,2026,0.1770222409479155
REGION1,PWRWNDB02,26,2026,0.7291075871058004
REGION1,PWRWNDB02,27,2026,0.7284661872213901
REGION1,PWRWNDB02,28,2026,0.5598705003635195
REGION1,PWRWNDB02,29,2026,0.6396282690035586
REGION1,PWRWNDB02,30,2026,0.8086080992963476
REGION1,PWRWNDB02,31,2026,0.7626860672523036
REGION1,PWRWNDB02,32,2026,0.6093642171526246
REGION1,PWRWNDB02,33,2026,0.4524694481771081
REGION1,PWRWNDB02,34,2026,0.1984578766871272
REGION1,PWRWNDB02,35,2026,0.5205287749101095
REGION1,PWRWNDB02,36,2026,0.2970720528080882
REGION1,PWRWNDB02,37,2026,0.752025682317839
REGION1,PWRWNDB02,38,2026,0.618730380948256
REGION1,PWRWNDB02,39,2026,0.804804469103373
REGION1,PWRWNDB02,40,2026,0.7910545657973224
REGION1,PWRWNDB02,1,2027,0.0598808199655977
REGION1,PWRWNDB02,2,2027,0.2665244653573098
REGION1,PWRWNDB02,3,2027,0.4073412683444116
REGION1,PWRWNDB02,4,2027,0.689346317041518
REGION1,PWRWNDB02,5,2027,0.0058416710001123
REGION1,PWRWNDB02,6,2027,0.0058416710001123
REGION1,PWRWNDB02,7,2027,0.0066002114580264
REGION1,PWRWNDB02,8,2027,0.2538695775982147
REGION1,PWRWNDB02,9,2027,0.0058416710001123
REGION1,PWRWNDB02,10,2027,0.0126928639393787
REGION1,PWRWNDB02,11,2027,0.0595802770522935
REGION1,PWRWNDB02,12,2027,0.1735057946793443
REGION1,PWRWNDB02,13,2027,0.1151558915147771
REGION1,PWRWNDB02,14,2027,0.1062930329479418
REGION1,PWRWNDB02,15,2027,0.0383632867681028
REGION1,PWRWNDB02,16,2027,0.0446677440959276
REGION1,PWRWNDB02,17,2027,0.6537310038632941
REGION1,PWRWNDB02,18,2027,0.1076290988267151
REGION1,PWRWNDB02,19,2027,0.2081180912282225
REGION1,PWRWNDB02,20,2027,0.200430001597422
REGION1,PWRWNDB02,21,2027,0.2753610912706463
REGION1,PWRWNDB02,22,2027,0.3369055406999265
REGION1,PWRWNDB02,23,2027,0.3080710574007644
REGION1,PWRWNDB02,24,2027,0.2129439560358429
REGION1,PWRWNDB02,25,2027,0.1770222409479155
REGION1,PWRWNDB02,26,2027,0.7291075871058004
REGION1,PWRWNDB02,27,2027,0.7284661872213901
REGION1,PWRWNDB02,28,2027,0.5598705003635195
REGION1,PWRWNDB02,29,2027,0.6396282690035586
REGION1,PWRWNDB02,30,2027,0.8086080992963476
REGION1,PWRWNDB02,31,2027,0.7626860672523036
REGION1,PWRWNDB02,32,2027,0.6093642171526246
REGION1,PWRWNDB02,33,2027,0.4524694481771081
REGION1,PWRWNDB02,34,2027,0.1984578766871272
REGION1,PWRWNDB02,35,2027,0.5205287749101095
REGION1,PWRWNDB02,36,2027,0.2970720528080882
REGION1,PWRWNDB02,37,2027,0.752025682317839
REGION1,PWRWNDB02,38,2027,0.618730380948256
REGION1,PWRWNDB02,39,2027,0.804804469103373
REGION1,PWRWNDB02,40,2027,0.7910545657973224
REGION1,PWRWNDB02,1,2028,0.0598808199655977
REGION1,PWRWNDB02,2,2028,0.2665244653573098
REGION1,PWRWNDB02,3,2028,0.4073412683444116
REGION1,PWRWNDB02,4,2028,0.689346317041518
REGION1,PWRWNDB02,5,2028,0.0058416710001123
REGION1,PWRWNDB02,6,2028,0.0058416710001123
REGION1,PWRWNDB02,7,2028,0.0066002114580264
REGION1,PWRWNDB02,8,2028,0.2538695775982147
REGION1,PWRWNDB02,9,2028,0.0058416710001123
REGION1,PWRWNDB02,10,2028,0.0126928639393787
REGION1,PWRWNDB02,11,2028,0.0595802770522935
REGION1,PWRWNDB02,12,2028,0.1735057946793443
REGION1,PWRWNDB02,13,2028,0.1151558915147771
REGION1,PWRWNDB02,14,2028,0.1062930329479418
REGION1,PWRWNDB02,15,2028,0.0383632867681028
REGION1,PWRWNDB02,16,2028,0.0446677440959276
REGION1,PWRWNDB02,17,2028,0.6537310038632941
REGION1,PWRWNDB02,18,2028,0.1076290988267151
REGION1,PWRWNDB02,19,2028,0.2081180912282225
REGION1,PWRWNDB02,20,2028,0.200430001597422
REGION1,PWRWNDB02,21,2028,0.2753610912706463
REGION1,PWRWNDB02,22,2028,0.3369055406999265
REGION1,PWRWNDB02,23,2028,0.3080710574007644
REGION1,PWRWNDB02,24,2028,0.2129439560358429
REGION1,PWRWNDB02,25,2028,0.1770222409479155
REGION1,PWRWNDB02,26,2028,0.7291075871058004
REGION1,PWRWNDB02,27,2028,0.7284661872213901
REGION1,PWRWNDB02,28,2028,0.5598705003635195
REGION1,PWRWNDB02,29,2028,0.6396282690035586
REGION1,PWRWNDB02,30,2028,0.8086080992963476
REGION1,PWRWNDB02,31,2028,0.7626860672523036
REGION1,PWRWNDB02,32,2028,0.6093642171526246
REGION1,PWRWNDB02,33,2028,0.4524694481771081
REGION1,PWRWNDB02,34,2028,0.1984578766871272
REGION1,PWRWNDB02,35,2028,0.5205287749101095
REGION1,PWRWNDB02,36,2028,0.2970720528080882
REGION1,PWRWNDB02,37,2028,0.752025682317839
REGION1,PWRWNDB02,38,2028,0.618730380948256
REGION1,PWRWNDB02,39,2028,0.804804469103373
REGION1,PWRWNDB02,40,2028,0.7910545657973224
REGION1,PWRWNDB02,1,2029,0.0598808199655977
REGION1,PWRWNDB02,2,2029,0.2665244653573098
REGION1,PWRWNDB02,3,2029,0.4073412683444116
REGION1,PWRWNDB02,4,2029,0.689346317041518
REGION1,PWRWNDB02,5,2029,0.0058416710001123
REGION1,PWRWNDB02,6,2029,0.0058416710001123
REGION1,PWRWNDB02,7,2029,0.0066002114580264
REGION1,PWRWNDB02,8,2029,0.2538695775982147
REGION1,PWRWNDB02,9,2029,0.0058416710001123
REGION1,PWRWNDB02,10,2029,0.0126928639393787
REGION1,PWRWNDB02,11,2029,0.0595802770522935
REGION1,PWRWNDB02,12,2029,0.1735057946793443
REGION1,PWRWNDB02,13,2029,0.1151558915147771
REGION1,PWRWNDB02,14,2029,0.1062930329479418
REGION1,PWRWNDB02,15,2029,0.0383632867681028
REGION1,PWRWNDB02,16,2029,0.0446677440959276
REGION1,PWRWNDB02,17,2029,0.6537310038632941
REGION1,PWRWNDB02,18,2029,0.1076290988267151
REGION1,PWRWNDB02,19,2029,0.2081180912282225
REGION1,PWRWNDB02,20,2029,0.200430001597422
REGION1,PWRWNDB02,21,2029,0.2753610912706463
REGION1,PWRWNDB02,22,2029,0.3369055406999265
REGION1,PWRWNDB02,23,2029,0.3080710574007644
REGION1,PWRWNDB02,24,2029,0.2129439560358429
REGION1,PWRWNDB02,25,2029,0.1770222409479155
REGION1,PWRWNDB02,26,2029,0.7291075871058004
REGION1,PWRWNDB02,27,2029,0.7284661872213901
REGION1,PWRWNDB02,28,2029,0.5598705003635195
REGION1,PWRWNDB02,29,2029,0.6396282690035586
REGION1,PWRWNDB02,30,2029,0.8086080992963476
REGION1,PWRWNDB02,31,2029,0.7626860672523036
REGION1,PWRWNDB02,32,2029,0.6093642171526246
REGION1,PWRWNDB02,33,2029,0.4524694481771081
REGION1,PWRWNDB02,34,2029,0.1984578766871272
REGION1,PWRWNDB02,35,2029,0.5205287749101095
REGION1,PWRWNDB02,36,2029,0.2970720528080882
REGION1,PWRWNDB02,37,2029,0.752025682317839
REGION1,PWRWNDB02,38,2029,0.618730380948256
REGION1,PWRWNDB02,39,2029,0.804804469103373
REGION1,PWRWNDB02,40,2029,0.7910545657973224
REGION1,PWRWNDB02,1,2030,0.0598808199655977
REGION1,PWRWNDB02,2,2030,0.2665244653573098
REGION1,PWRWNDB02,3,2030,0.4073412683444116
REGION1,PWRWNDB02,4,2030,0.689346317041518
REGION1,PWRWNDB02,5,2030,0.0058416710001123
REGION1,PWRWNDB02,6,2030,0.0058416710001123
REGION1,PWRWNDB02,7,2030,0.0066002114580264
REGION1,PWRWNDB02,8,2030,0.2538695775982147
REGION1,PWRWNDB02,9,2030,0.0058416710001123
REGION1,PWRWNDB02,10,2030,0.0126928639393787
REGION1,PWRWNDB02,11,2030,0.0595802770522935
REGION1,PWRWNDB02,12,2030,0.1735057946793443
REGION1,PWRWNDB02,13,2030,0.1151558915147771
REGION1,PWRWNDB02,14,2030,0.1062930329479418
REGION1,PWRWNDB02,15,2030,0.0383632867681028
REGION1,PWRWNDB02,16,2030,0.0446677440959276
REGION1,PWRWNDB02,17,2030,0.6537310038632941
REGION1,PWRWNDB02,18,2030,0.1076290988267151
REGION1,PWRWNDB02,19,2030,0.2081180912282225
REGION1,PWRWNDB02,20,2030,0.200430001597422
REGION1,PWRWNDB02,21,2030,0.2753610912706463
REGION1,PWRWNDB02,22,2030,0.3369055406999265
REGION1,PWRWNDB02,23,2030,0.3080710574007644
REGION1,PWRWNDB02,24,2030,0.2129439560358429
REGION1,PWRWNDB02,25,2030,0.1770222409479155
REGION1,PWRWNDB02,26,2030,0.7291075871058004
REGION1,PWRWNDB02,27,2030,0.7284661872213901
REGION1,PWRWNDB02,28,2030,0.5598705003635195
REGION1,PWRWNDB02,29,2030,0.6396282690035586
REGION1,PWRWNDB02,30,2030,0.8086080992963476
REGION1,PWRWNDB02,31,2030,0.7626860672523036
REGION1,PWRWNDB02,32,2030,0.6093642171526246
REGION1,PWRWNDB02,33,2030,0.4524694481771081
REGION1,PWRWNDB02,34,2030,0.1984578766871272
REGION1,PWRWNDB02,35,2030,0.5205287749101095
REGION1,PWRWNDB02,36,2030,0.2970720528080882
REGION1,PWRWNDB02,37,2030,0.752025682317839
REGION1,PWRWNDB02,38,2030,0.618730380948256
REGION1,PWRWNDB02,39,2030,0.804804469103373
REGION1,PWRWNDB02,40,2030,0.7910545657973224
REGION1,PWRWNDB02,1,2031,0.0598808199655977
REGION1,PWRWNDB02,2,2031,0.2665244653573098
REGION1,PWRWNDB02,3,2031,0.4073412683444116
REGION1,PWRWNDB02,4,2031,0.689346317041518
REGION1,PWRWNDB02,5,2031,0.0058416710001123
REGION1,PWRWNDB02,6,2031,0.0058416710001123
REGION1,PWRWNDB02,7,2031,0.0066002114580264
REGION1,PWRWNDB02,8,2031,0.2538695775982147
REGION1,PWRWNDB02,9,2031,0.0058416710001123
REGION1,PWRWNDB02,10,2031,0.0126928639393787
REGION1,PWRWNDB02,11,2031,0.0595802770522935
REGION1,PWRWNDB02,12,2031,0.1735057946793443
REGION1,PWRWNDB02,13,2031,0.1151558915147771
REGION1,PWRWNDB02,14,2031,0.1062930329479418
REGION1,PWRWNDB02,15,2031,0.0383632867681028
REGION1,PWRWNDB02,16,2031,0.0446677440959276
REGION1,PWRWNDB02,17,2031,0.6537310038632941
REGION1,PWRWNDB02,18,2031,0.1076290988267151
REGION1,PWRWNDB02,19,2031,0.2081180912282225
REGION1,PWRWNDB02,20,2031,0.200430001597422
REGION1,PWRWNDB02,21,2031,0.2753610912706463
REGION1,PWRWNDB02,22,2031,0.3369055406999265
REGION1,PWRWNDB02,23,2031,0.3080710574007644
REGION1,PWRWNDB02,24,2031,0.2129439560358429
REGION1,PWRWNDB02,25,2031,0.1770222409479155
REGION1,PWRWNDB02,26,2031,0.7291075871058004
REGION1,PWRWNDB02,27,2031,0.7284661872213901
REGION1,PWRWNDB02,28,2031,0.5598705003635195
REGION1,PWRWNDB02,29,2031,0.6396282690035586
REGION1,PWRWNDB02,30,2031,0.8086080992963476
REGION1,PWRWNDB02,31,2031,0.7626860672523036
REGION1,PWRWNDB02,32,2031,0.6093642171526246
REGION1,PWRWNDB02,33,2031,0.4524694481771081
REGION1,PWRWNDB02,34,2031,0.1984578766871272
REGION1,PWRWNDB02,35,2031,0.5205287749101095
REGION1,PWRWNDB02,36,2031,0.2970720528080882
REGION1,PWRWNDB02,37,2031,0.752025682317839
REGION1,PWRWNDB02,38,2031,0.618730380948256
REGION1,PWRWNDB02,39,2031,0.804804469103373
REGION1,PWRWNDB02,40,2031,0.7910545657973224
REGION1,PWRWNDB02,1,2032,0.0598808199655977
REGION1,PWRWNDB02,2,2032,0.2665244653573098
REGION1,PWRWNDB02,3,2032,0.4073412683444116
REGION1,PWRWNDB02,4,2032,0.689346317041518
REGION1,PWRWNDB02,5,2032,0.0058416710001123
REGION1,PWRWNDB02,6,2032,0.0058416710001123
REGION1,PWRWNDB02,7,2032,0.0066002114580264
REGION1,PWRWNDB02,8,2032,0.2538695775982147
REGION1,PWRWNDB02,9,2032,0.0058416710001123
REGION1,PWRWNDB02,10,2032,0.0126928639393787
REGION1,PWRWNDB02,11,2032,0.0595802770522935
REGION1,PWRWNDB02,12,2032,0.1735057946793443
REGION1,PWRWNDB02,13,2032,0.1151558915147771
REGION1,PWRWNDB02,14,2032,0.1062930329479418
REGION1,PWRWNDB02,15,2032,0.0383632867681028
REGION1,PWRWNDB02,16,2032,0.0446677440959276
REGION1,PWRWNDB02,17,2032,0.6537310038632941
REGION1,PWRWNDB02,18,2032,0.1076290988267151
REGION1,PWRWNDB02,19,2032,0.2081180912282225
REGION1,PWRWNDB02,20,2032,0.200430001597422
REGION1,PWRWNDB02,21,2032,0.2753610912706463
REGION1,PWRWNDB02,22,2032,0.3369055406999265
REGION1,PWRWNDB02,23,2032,0.3080710574007644
REGION1,PWRWNDB02,24,2032,0.2129439560358429
REGION1,PWRWNDB02,25,2032,0.1770222409479155
REGION1,PWRWNDB02,26,2032,0.7291075871058004
REGION1,PWRWNDB02,27,2032,0.7284661872213901
REGION1,PWRWNDB02,28,2032,0.5598705003635195
REGION1,PWRWNDB02,29,2032,0.6396282690035586
REGION1,PWRWNDB02,30,2032,0.8086080992963476
REGION1,PWRWNDB02,31,2032,0.7626860672523036
REGION1,PWRWNDB02,32,2032,0.6093642171526246
REGION1,PWRWNDB02,33,2032,0.4524694481771081
REGION1,PWRWNDB02,34,2032,0.1984578766871272
REGION1,PWRWNDB02,35,2032,0.5205287749101095
REGION1,PWRWNDB02,36,2032,0.2970720528080882
REGION1,PWRWNDB02,37,2032,0.752025682317839
REGION1,PWRWNDB02,38,2032,0.618730380948256
REGION1,PWRWNDB02,39,2032,0.804804469103373
REGION1,PWRWNDB02,40,2032,0.7910545657973224
REGION1,PWRWNDB02,1,2033,0.0598808199655977
REGION1,PWRWNDB02,2,2033,0.2665244653573098
REGION1,PWRWNDB02,3,2033,0.4073412683444116
REGION1,PWRWNDB02,4,2033,0.689346317041518
REGION1,PWRWNDB02,5,2033,0.0058416710001123
REGION1,PWRWNDB02,6,2033,0.0058416710001123
REGION1,PWRWNDB02,7,2033,0.0066002114580264
REGION1,PWRWNDB02,8,2033,0.2538695775982147
REGION1,PWRWNDB02,9,2033,0.0058416710001123
REGION1,PWRWNDB02,10,2033,0.0126928639393787
REGION1,PWRWNDB02,11,2033,0.0595802770522935
REGION1,PWRWNDB02,12,2033,0.1735057946793443
REGION1,PWRWNDB02,13,2033,0.1151558915147771
REGION1,PWRWNDB02,14,2033,0.1062930329479418
REGION1,PWRWNDB02,15,2033,0.0383632867681028
REGION1,PWRWNDB02,16,2033,0.0446677440959276
REGION1,PWRWNDB02,17,2033,0.6537310038632941
REGION1,PWRWNDB02,18,2033,0.1076290988267151
REGION1,PWRWNDB02,19,2033,0.2081180912282225
REGION1,PWRWNDB02,20,2033,0.200430001597422
REGION1,PWRWNDB02,21,2033,0.2753610912706463
REGION1,PWRWNDB02,22,2033,0.3369055406999265
REGION1,PWRWNDB02,23,2033,0.3080710574007644
REGION1,PWRWNDB02,24,2033,0.2129439560358429
REGION1,PWRWNDB02,25,2033,0.1770222409479155
REGION1,PWRWNDB02,26,2033,0.7291075871058004
REGION1,PWRWNDB02,27,2033,0.7284661872213901
REGION1,PWRWNDB02,28,2033,0.5598705003635195
REGION1,PWRWNDB02,29,2033,0.6396282690035586
REGION1,PWRWNDB02,30,2033,0.8086080992963476
REGION1,PWRWNDB02,31,2033,0.7626860672523036
REGION1,PWRWNDB02,32,2033,0.6093642171526246
REGION1,PWRWNDB02,33,2033,0.4524694481771081
REGION1,PWRWNDB02,34,2033,0.1984578766871272
REGION1,PWRWNDB02,35,2033,0.5205287749101095
REGION1,PWRWNDB02,36,2033,0.2970720528080882
REGION1,PWRWNDB02,37,2033,0.752025682317839
REGION1,PWRWNDB02,38,2033,0.618730380948256
REGION1,PWRWNDB02,39,2033,0.804804469103373
REGION1,PWRWNDB02,40,2033,0.7910545657973224
REGION1,PWRWNDB02,1,2034,0.0598808199655977
REGION1,PWRWNDB02,2,2034,0.2665244653573098
REGION1,PWRWNDB02,3,2034,0.4073412683444116
REGION1,PWRWNDB02,4,2034,0.689346317041518
REGION1,PWRWNDB02,5,2034,0.0058416710001123
REGION1,PWRWNDB02,6,2034,0.0058416710001123
REGION1,PWRWNDB02,7,2034,0.0066002114580264
REGION1,PWRWNDB02,8,2034,0.2538695775982147
REGION1,PWRWNDB02,9,2034,0.0058416710001123
REGION1,PWRWNDB02,10,2034,0.0126928639393787
REGION1,PWRWNDB02,11,2034,0.0595802770522935
REGION1,PWRWNDB02,12,2034,0.1735057946793443
REGION1,PWRWNDB02,13,2034,0.1151558915147771
REGION1,PWRWNDB02,14,2034,0.1062930329479418
REGION1,PWRWNDB02,15,2034,0.0383632867681028
REGION1,PWRWNDB02,16,2034,0.0446677440959276
REGION1,PWRWNDB02,17,2034,0.6537310038632941
REGION1,PWRWNDB02,18,2034,0.1076290988267151
REGION1,PWRWNDB02,19,2034,0.2081180912282225
REGION1,PWRWNDB02,20,2034,0.200430001597422
REGION1,PWRWNDB02,21,2034,0.2753610912706463
REGION1,PWRWNDB02,22,2034,0.3369055406999265
REGION1,PWRWNDB02,23,2034,0.3080710574007644
REGION1,PWRWNDB02,24,2034,0.2129439560358429
REGION1,PWRWNDB02,25,2034,0.1770222409479155
REGION1,PWRWNDB02,26,2034,0.7291075871058004
REGION1,PWRWNDB02,27,2034,0.7284661872213901
REGION1,PWRWNDB02,28,2034,0.5598705003635195
REGION1,PWRWNDB02,29,2034,0.6396282690035586
REGION1,PWRWNDB02,30,2034,0.8086080992963476
REGION1,PWRWNDB02,31,2034,0.7626860672523036
REGION1,PWRWNDB02,32,2034,0.6093642171526246
REGION1,PWRWNDB02,33,2034,0.4524694481771081
REGION1,PWRWNDB02,34,2034,0.1984578766871272
REGION1,PWRWNDB02,35,2034,0.5205287749101095
REGION1,PWRWNDB02,36,2034,0.2970720528080882
REGION1,PWRWNDB02,37,2034,0.752025682317839
REGION1,PWRWNDB02,38,2034,0.618730380948256
REGION1,PWRWNDB02,39,2034,0.804804469103373
REGION1,PWRWNDB02,40,2034,0.7910545657973224
REGION1,PWRWNDB02,1,2035,0.0598808199655977
REGION1,PWRWNDB02,2,2035,0.2665244653573098
REGION1,PWRWNDB02,3,2035,0.4073412683444116
REGION1,PWRWNDB02,4,2035,0.689346317041518
REGION1,PWRWNDB02,5,2035,0.0058416710001123
REGION1,PWRWNDB02,6,2035,0.0058416710001123
REGION1,PWRWNDB02,7,2035,0.0066002114580264
REGION1,PWRWNDB02,8,2035,0.2538695775982147
REGION1,PWRWNDB02,9,2035,0.0058416710001123
REGION1,PWRWNDB02,10,2035,0.0126928639393787
REGION1,PWRWNDB02,11,2035,0.0595802770522935
REGION1,PWRWNDB02,12,2035,0.1735057946793443
REGION1,PWRWNDB02,13,2035,0.1151558915147771
REGION1,PWRWNDB02,14,2035,0.1062930329479418
REGION1,PWRWNDB02,15,2035,0.0383632867681028
REGION1,PWRWNDB02,16,2035,0.0446677440959276
REGION1,PWRWNDB02,17,2035,0.6537310038632941
REGION1,PWRWNDB02,18,2035,0.1076290988267151
REGION1,PWRWNDB02,19,2035,0.2081180912282225
REGION1,PWRWNDB02,20,2035,0.200430001597422
REGION1,PWRWNDB02,21,2035,0.2753610912706463
REGION1,PWRWNDB02,22,2035,0.3369055406999265
REGION1,PWRWNDB02,23,2035,0.3080710574007644
REGION1,PWRWNDB02,24,2035,0.2129439560358429
REGION1,PWRWNDB02,25,2035,0.1770222409479155
REGION1,PWRWNDB02,26,2035,0.7291075871058004
REGION1,PWRWNDB02,27,2035,0.7284661872213901
REGION1,PWRWNDB02,28,2035,0.5598705003635195
REGION1,PWRWNDB02,29,2035,0.6396282690035586
REGION1,PWRWNDB02,30,2035,0.8086080992963476
REGION1,PWRWNDB02,31,2035,0.7626860672523036
REGION1,PWRWNDB02,32,2035,0.6093642171526246
REGION1,PWRWNDB02,33,2035,0.4524694481771081
REGION1,PWRWNDB02,34,2035,0.1984578766871272
REGION1,PWRWNDB02,35,2035,0.5205287749101095
REGION1,PWRWNDB02,36,2035,0.2970720528080882
REGION1,PWRWNDB02,37,2035,0.752025682317839
REGION1,PWRWNDB02,38,2035,0.618730380948256
REGION1,PWRWNDB02,39,2035,0.804804469103373
REGION1,PWRWNDB02,40,2035,0.7910545657973224
REGION1,PWRWNDB02,1,2036,0.0598808199655977
REGION1,PWRWNDB02,2,2036,0.2665244653573098
REGION1,PWRWNDB02,3,2036,0.4073412683444116
REGION1,PWRWNDB02,4,2036,0.689346317041518
REGION1,PWRWNDB02,5,2036,0.0058416710001123
REGION1,PWRWNDB02,6,2036,0.0058416710001123
REGION1,PWRWNDB02,7,2036,0.0066002114580264
REGION1,PWRWNDB02,8,2036,0.2538695775982147
REGION1,PWRWNDB02,9,2036,0.0058416710001123
REGION1,PWRWNDB02,10,2036,0.0126928639393787
REGION1,PWRWNDB02,11,2036,0.0595802770522935
REGION1,PWRWNDB02,12,2036,0.1735057946793443
REGION1,PWRWNDB02,13,2036,0.1151558915147771
REGION1,PWRWNDB02,14,2036,0.1062930329479418
REGION1,PWRWNDB02,15,2036,0.0383632867681028
REGION1,PWRWNDB02,16,2036,0.0446677440959276
REGION1,PWRWNDB02,17,2036,0.6537310038632941
REGION1,PWRWNDB02,18,2036,0.1076290988267151
REGION1,PWRWNDB02,19,2036,0.2081180912282225
REGION1,PWRWNDB02,20,2036,0.200430001597422
REGION1,PWRWNDB02,21,2036,0.2753610912706463
REGION1,PWRWNDB02,22,2036,0.3369055406999265
REGION1,PWRWNDB02,23,2036,0.3080710574007644
REGION1,PWRWNDB02,24,2036,0.2129439560358429
REGION1,PWRWNDB02,25,2036,0.1770222409479155
REGION1,PWRWNDB02,26,2036,0.7291075871058004
REGION1,PWRWNDB02,27,2036,0.7284661872213901
REGION1,PWRWNDB02,28,2036,0.5598705003635195
REGION1,PWRWNDB02,29,2036,0.6396282690035586
REGION1,PWRWNDB02,30,2036,0.8086080992963476
REGION1,PWRWNDB02,31,2036,0.7626860672523036
REGION1,PWRWNDB02,32,2036,0.6093642171526246
REGION1,PWRWNDB02,33,2036,0.4524694481771081
REGION1,PWRWNDB02,34,2036,0.1984578766871272
REGION1,PWRWNDB02,35,2036,0.5205287749101095
REGION1,PWRWNDB02,36,2036,0.2970720528080882
REGION1,PWRWNDB02,37,2036,0.752025682317839
REGION1,PWRWNDB02,38,2036,0.618730380948256
REGION1,PWRWNDB02,39,2036,0.804804469103373
REGION1,PWRWNDB02,40,2036,0.7910545657973224
REGION1,PWRWNDB02,1,2037,0.0598808199655977
REGION1,PWRWNDB02,2,2037,0.2665244653573098
REGION1,PWRWNDB02,3,2037,0.4073412683444116
REGION1,PWRWNDB02,4,2037,0.689346317041518
REGION1,PWRWNDB02,5,2037,0.0058416710001123
REGION1,PWRWNDB02,6,2037,0.0058416710001123
REGION1,PWRWNDB02,7,2037,0.0066002114580264
REGION1,PWRWNDB02,8,2037,0.2538695775982147
REGION1,PWRWNDB02,9,2037,0.0058416710001123
REGION1,PWRWNDB02,10,2037,0.0126928639393787
REGION1,PWRWNDB02,11,2037,0.0595802770522935
REGION1,PWRWNDB02,12,2037,0.1735057946793443
REGION1,PWRWNDB02,13,2037,0.1151558915147771
REGION1,PWRWNDB02,14,2037,0.1062930329479418
REGION1,PWRWNDB02,15,2037,0.0383632867681028
REGION1,PWRWNDB02,16,2037,0.0446677440959276
REGION1,PWRWNDB02,17,2037,0.6537310038632941
REGION1,PWRWNDB02,18,2037,0.1076290988267151
REGION1,PWRWNDB02,19,2037,0.2081180912282225
REGION1,PWRWNDB02,20,2037,0.200430001597422
REGION1,PWRWNDB02,21,2037,0.2753610912706463
REGION1,PWRWNDB02,22,2037,0.3369055406999265
REGION1,PWRWNDB02,23,2037,0.3080710574007644
REGION1,PWRWNDB02,24,2037,0.2129439560358429
REGION1,PWRWNDB02,25,2037,0.1770222409479155
REGION1,PWRWNDB02,26,2037,0.7291075871058004
REGION1,PWRWNDB02,27,2037,0.7284661872213901
REGION1,PWRWNDB02,28,2037,0.5598705003635195
REGION1,PWRWNDB02,29,2037,0.6396282690035586
REGION1,PWRWNDB02,30,2037,0.8086080992963476
REGION1,PWRWNDB02,31,2037,0.7626860672523036
REGION1,PWRWNDB02,32,2037,0.6093642171526246
REGION1,PWRWNDB02,33,2037,0.4524694481771081
REGION1,PWRWNDB02,34,2037,0.1984578766871272
REGION1,PWRWNDB02,35,2037,0.5205287749101095
REGION1,PWRWNDB02,36,2037,0.2970720528080882
REGION1,PWRWNDB02,37,2037,0.752025682317839
REGION1,PWRWNDB02,38,2037,0.618730380948256
REGION1,PWRWNDB02,39,2037,0.804804469103373
REGION1,PWRWNDB02,40,2037,0.7910545657973224
REGION1,PWRWNDB02,1,2038,0.0598808199655977
REGION1,PWRWNDB02,2,2038,0.2665244653573098
REGION1,PWRWNDB02,3,2038,0.4073412683444116
REGION1,PWRWNDB02,4,2038,0.689346317041518
REGION1,PWRWNDB02,5,2038,0.0058416710001123
REGION1,PWRWNDB02,6,2038,0.0058416710001123
REGION1,PWRWNDB02,7,2038,0.0066002114580264
REGION1,PWRWNDB02,8,2038,0.2538695775982147
REGION1,PWRWNDB02,9,2038,0.0058416710001123
REGION1,PWRWNDB02,10,2038,0.0126928639393787
REGION1,PWRWNDB02,11,2038,0.0595802770522935
REGION1,PWRWNDB02,12,2038,0.1735057946793443
REGION1,PWRWNDB02,13,2038,0.1151558915147771
REGION1,PWRWNDB02,14,2038,0.1062930329479418
REGION1,PWRWNDB02,15,2038,0.0383632867681028
REGION1,PWRWNDB02,16,2038,0.0446677440959276
REGION1,PWRWNDB02,17,2038,0.6537310038632941
REGION1,PWRWNDB02,18,2038,0.1076290988267151
REGION1,PWRWNDB02,19,2038,0.2081180912282225
REGION1,PWRWNDB02,20,2038,0.200430001597422
REGION1,PWRWNDB02,21,2038,0.2753610912706463
REGION1,PWRWNDB02,22,2038,0.3369055406999265
REGION1,PWRWNDB02,23,2038,0.3080710574007644
REGION1,PWRWNDB02,24,2038,0.2129439560358429
REGION1,PWRWNDB02,25,2038,0.1770222409479155
REGION1,PWRWNDB02,26,2038,0.7291075871058004
REGION1,PWRWNDB02,27,2038,0.7284661872213901
REGION1,PWRWNDB02,28,2038,0.5598705003635195
REGION1,PWRWNDB02,29,2038,0.6396282690035586
REGION1,PWRWNDB02,30,2038,0.8086080992963476
REGION1,PWRWNDB02,31,2038,0.7626860672523036
REGION1,PWRWNDB02,32,2038,0.6093642171526246
REGION1,PWRWNDB02,33,2038,0.4524694481771081
REGION1,PWRWNDB02,34,2038,0.1984578766871272
REGION1,PWRWNDB02,35,2038,0.5205287749101095
REGION1,PWRWNDB02,36,2038,0.2970720528080882
REGION1,PWRWNDB02,37,2038,0.752025682317839
REGION1,PWRWNDB02,38,2038,0.618730380948256
REGION1,PWRWNDB02,39,2038,0.804804469103373
REGION1,PWRWNDB02,40,2038,0.7910545657973224
REGION1,PWRWNDB02,1,2039,0.0598808199655977
REGION1,PWRWNDB02,2,2039,0.2665244653573098
REGION1,PWRWNDB02,3,2039,0.4073412683444116
REGION1,PWRWNDB02,4,2039,0.689346317041518
REGION1,PWRWNDB02,5,2039,0.0058416710001123
REGION1,PWRWNDB02,6,2039,0.0058416710001123
REGION1,PWRWNDB02,7,2039,0.0066002114580264
REGION1,PWRWNDB02,8,2039,0.2538695775982147
REGION1,PWRWNDB02,9,2039,0.0058416710001123
REGION1,PWRWNDB02,10,2039,0.0126928639393787
REGION1,PWRWNDB02,11,2039,0.0595802770522935
REGION1,PWRWNDB02,12,2039,0.1735057946793443
REGION1,PWRWNDB02,13,2039,0.1151558915147771
REGION1,PWRWNDB02,14,2039,0.1062930329479418
REGION1,PWRWNDB02,15,2039,0.0383632867681028
REGION1,PWRWNDB02,16,2039,0.0446677440959276
REGION1,PWRWNDB02,17,2039,0.6537310038632941
REGION1,PWRWNDB02,18,2039,0.1076290988267151
REGION1,PWRWNDB02,19,2039,0.2081180912282225
REGION1,PWRWNDB02,20,2039,0.200430001597422
REGION1,PWRWNDB02,21,2039,0.2753610912706463
REGION1,PWRWNDB02,22,2039,0.3369055406999265
REGION1,PWRWNDB02,23,2039,0.3080710574007644
REGION1,PWRWNDB02,24,2039,0.2129439560358429
REGION1,PWRWNDB02,25,2039,0.1770222409479155
REGION1,PWRWNDB02,26,2039,0.7291075871058004
REGION1,PWRWNDB02,27,2039,0.7284661872213901
REGION1,PWRWNDB02,28,2039,0.5598705003635195
REGION1,PWRWNDB02,29,2039,0.6396282690035586
REGION1,PWRWNDB02,30,2039,0.8086080992963476
REGION1,PWRWNDB02,31,2039,0.7626860672523036
REGION1,PWRWNDB02,32,2039,0.6093642171526246
REGION1,PWRWNDB02,33,2039,0.4524694481771081
REGION1,PWRWNDB02,34,2039,0.1984578766871272
REGION1,PWRWNDB02,35,2039,0.5205287749101095
REGION1,PWRWNDB02,36,2039,0.2970720528080882
REGION1,PWRWNDB02,37,2039,0.752025682317839
REGION1,PWRWNDB02,38,2039,0.618730380948256
REGION1,PWRWNDB02,39,2039,0.804804469103373
REGION1,PWRWNDB02,40,2039,0.7910545657973224
REGION1,PWRWNDB02,1,2040,0.0598808199655977
REGION1,PWRWNDB02,2,2040,0.2665244653573098
REGION1,PWRWNDB02,3,2040,0.4073412683444116
REGION1,PWRWNDB02,4,2040,0.689346317041518
REGION1,PWRWNDB02,5,2040,0.0058416710001123
REGION1,PWRWNDB02,6,2040,0.0058416710001123
REGION1,PWRWNDB02,7,2040,0.0066002114580264
REGION1,PWRWNDB02,8,2040,0.2538695775982147
REGION1,PWRWNDB02,9,2040,0.0058416710001123
REGION1,PWRWNDB02,10,2040,0.0126928639393787
REGION1,PWRWNDB02,11,2040,0.0595802770522935
REGION1,PWRWNDB02,12,2040,0.1735057946793443
REGION1,PWRWNDB02,13,2040,0.1151558915147771
REGION1,PWRWNDB02,14,2040,0.1062930329479418
REGION1,PWRWNDB02,15,2040,0.0383632867681028
REGION1,PWRWNDB02,16,2040,0.0446677440959276
REGION1,PWRWNDB02,17,2040,0.6537310038632941
REGION1,PWRWNDB02,18,2040,0.1076290988267151
REGION1,PWRWNDB02,19,2040,0.2081180912282225
REGION1,PWRWNDB02,20,2040,0.200430001597422
REGION1,PWRWNDB02,21,2040,0.2753610912706463
REGION1,PWRWNDB02,22,2040,0.3369055406999265
REGION1,PWRWNDB02,23,2040,0.3080710574007644
REGION1,PWRWNDB02,24,2040,0.2129439560358429
REGION1,PWRWNDB02,25,2040,0.1770222409479155
REGION1,PWRWNDB02,26,2040,0.7291075871058004
REGION1,PWRWNDB02,27,2040,0.7284661872213901
REGION1,PWRWNDB02,28,2040,0.5598705003635195
REGION1,PWRWNDB02,29,2040,0.6396282690035586
REGION1,PWRWNDB02,30,2040,0.8086080992963476
REGION1,PWRWNDB02,31,2040,0.7626860672523036
REGION1,PWRWNDB02,32,2040,0.6093642171526246
REGION1,PWRWNDB02,33,2040,0.4524694481771081
REGION1,PWRWNDB02,34,2040,0.1984578766871272
REGION1,PWRWNDB02,35,2040,0.5205287749101095
REGION1,PWRWNDB02,36,2040,0.2970720528080882
REGION1,PWRWNDB02,37,2040,0.752025682317839
REGION1,PWRWNDB02,38,2040,0.618730380948256
REGION1,PWRWNDB02,39,2040,0.804804469103373
REGION1,PWRWNDB02,40,2040,0.7910545657973224
REGION1,PWRWNDB02,1,2041,0.0598808199655977
REGION1,PWRWNDB02,2,2041,0.2665244653573098
REGION1,PWRWNDB02,3,2041,0.4073412683444116
REGION1,PWRWNDB02,4,2041,0.689346317041518
REGION1,PWRWNDB02,5,2041,0.0058416710001123
REGION1,PWRWNDB02,6,2041,0.0058416710001123
REGION1,PWRWNDB02,7,2041,0.0066002114580264
REGION1,PWRWNDB02,8,2041,0.2538695775982147
REGION1,PWRWNDB02,9,2041,0.0058416710001123
REGION1,PWRWNDB02,10,2041,0.0126928639393787
REGION1,PWRWNDB02,11,2041,0.0595802770522935
REGION1,PWRWNDB02,12,2041,0.1735057946793443
REGION1,PWRWNDB02,13,2041,0.1151558915147771
REGION1,PWRWNDB02,14,2041,0.1062930329479418
REGION1,PWRWNDB02,15,2041,0.0383632867681028
REGION1,PWRWNDB02,16,2041,0.0446677440959276
REGION1,PWRWNDB02,17,2041,0.6537310038632941
REGION1,PWRWNDB02,18,2041,0.1076290988267151
REGION1,PWRWNDB02,19,2041,0.2081180912282225
REGION1,PWRWNDB02,20,2041,0.200430001597422
REGION1,PWRWNDB02,21,2041,0.2753610912706463
REGION1,PWRWNDB02,22,2041,0.3369055406999265
REGION1,PWRWNDB02,23,2041,0.3080710574007644
REGION1,PWRWNDB02,24,2041,0.2129439560358429
REGION1,PWRWNDB02,25,2041,0.1770222409479155
REGION1,PWRWNDB02,26,2041,0.7291075871058004
REGION1,PWRWNDB02,27,2041,0.7284661872213901
REGION1,PWRWNDB02,28,2041,0.5598705003635195
REGION1,PWRWNDB02,29,2041,0.6396282690035586
REGION1,PWRWNDB02,30,2041,0.8086080992963476
REGION1,PWRWNDB02,31,2041,0.7626860672523036
REGION1,PWRWNDB02,32,2041,0.6093642171526246
REGION1,PWRWNDB02,33,2041,0.4524694481771081
REGION1,PWRWNDB02,34,2041,0.1984578766871272
REGION1,PWRWNDB02,35,2041,0.5205287749101095
REGION1,PWRWNDB02,36,2041,0.2970720528080882
REGION1,PWRWNDB02,37,2041,0.752025682317839
REGION1,PWRWNDB02,38,2041,0.618730380948256
REGION1,PWRWNDB02,39,2041,0.804804469103373
REGION1,PWRWNDB02,40,2041,0.7910545657973224
REGION1,PWRWNDB02,1,2042,0.0598808199655977
REGION1,PWRWNDB02,2,2042,0.2665244653573098
REGION1,PWRWNDB02,3,2042,0.4073412683444116
REGION1,PWRWNDB02,4,2042,0.689346317041518
REGION1,PWRWNDB02,5,2042,0.0058416710001123
REGION1,PWRWNDB02,6,2042,0.0058416710001123
REGION1,PWRWNDB02,7,2042,0.0066002114580264
REGION1,PWRWNDB02,8,2042,0.2538695775982147
REGION1,PWRWNDB02,9,2042,0.0058416710001123
REGION1,PWRWNDB02,10,2042,0.0126928639393787
REGION1,PWRWNDB02,11,2042,0.0595802770522935
REGION1,PWRWNDB02,12,2042,0.1735057946793443
REGION1,PWRWNDB02,13,2042,0.1151558915147771
REGION1,PWRWNDB02,14,2042,0.1062930329479418
REGION1,PWRWNDB02,15,2042,0.0383632867681028
REGION1,PWRWNDB02,16,2042,0.0446677440959276
REGION1,PWRWNDB02,17,2042,0.6537310038632941
REGION1,PWRWNDB02,18,2042,0.1076290988267151
REGION1,PWRWNDB02,19,2042,0.2081180912282225
REGION1,PWRWNDB02,20,2042,0.200430001597422
REGION1,PWRWNDB02,21,2042,0.2753610912706463
REGION1,PWRWNDB02,22,2042,0.3369055406999265
REGION1,PWRWNDB02,23,2042,0.3080710574007644
REGION1,PWRWNDB02,24,2042,0.2129439560358429
REGION1,PWRWNDB02,25,2042,0.1770222409479155
REGION1,PWRWNDB02,26,2042,0.7291075871058004
REGION1,PWRWNDB02,27,2042,0.7284661872213901
REGION1,PWRWNDB02,28,2042,0.5598705003635195
REGION1,PWRWNDB02,29,2042,0.6396282690035586
REGION1,PWRWNDB02,30,2042,0.8086080992963476
REGION1,PWRWNDB02,31,2042,0.7626860672523036
REGION1,PWRWNDB02,32,2042,0.6093642171526246
REGION1,PWRWNDB02,33,2042,0.4524694481771081
REGION1,PWRWNDB02,34,2042,0.1984578766871272
REGION1,PWRWNDB02,35,2042,0.5205287749101095
REGION1,PWRWNDB02,36,2042,0.2970720528080882
REGION1,PWRWNDB02,37,2042,0.752025682317839
REGION1,PWRWNDB02,38,2042,0.618730380948256
REGION1,PWRWNDB02,39,2042,0.804804469103373
REGION1,PWRWNDB02,40,2042,0.7910545657973224
REGION1,PWRWNDB02,1,2043,0.0598808199655977
REGION1,PWRWNDB02,2,2043,0.2665244653573098
REGION1,PWRWNDB02,3,2043,0.4073412683444116
REGION1,PWRWNDB02,4,2043,0.689346317041518
REGION1,PWRWNDB02,5,2043,0.0058416710001123
REGION1,PWRWNDB02,6,2043,0.0058416710001123
REGION1,PWRWNDB02,7,2043,0.0066002114580264
REGION1,PWRWNDB02,8,2043,0.2538695775982147
REGION1,PWRWNDB02,9,2043,0.0058416710001123
REGION1,PWRWNDB02,10,2043,0.0126928639393787
REGION1,PWRWNDB02,11,2043,0.0595802770522935
REGION1,PWRWNDB02,12,2043,0.1735057946793443
REGION1,PWRWNDB02,13,2043,0.1151558915147771
REGION1,PWRWNDB02,14,2043,0.1062930329479418
REGION1,PWRWNDB02,15,2043,0.0383632867681028
REGION1,PWRWNDB02,16,2043,0.0446677440959276
REGION1,PWRWNDB02,17,2043,0.6537310038632941
REGION1,PWRWNDB02,18,2043,0.1076290988267151
REGION1,PWRWNDB02,19,2043,0.2081180912282225
REGION1,PWRWNDB02,20,2043,0.200430001597422
REGION1,PWRWNDB02,21,2043,0.2753610912706463
REGION1,PWRWNDB02,22,2043,0.3369055406999265
REGION1,PWRWNDB02,23,2043,0.3080710574007644
REGION1,PWRWNDB02,24,2043,0.2129439560358429
REGION1,PWRWNDB02,25,2043,0.1770222409479155
REGION1,PWRWNDB02,26,2043,0.7291075871058004
REGION1,PWRWNDB02,27,2043,0.7284661872213901
REGION1,PWRWNDB02,28,2043,0.5598705003635195
REGION1,PWRWNDB02,29,2043,0.6396282690035586
REGION1,PWRWNDB02,30,2043,0.8086080992963476
REGION1,PWRWNDB02,31,2043,0.7626860672523036
REGION1,PWRWNDB02,32,2043,0.6093642171526246
REGION1,PWRWNDB02,33,2043,0.4524694481771081
REGION1,PWRWNDB02,34,2043,0.1984578766871272
REGION1,PWRWNDB02,35,2043,0.5205287749101095
REGION1,PWRWNDB02,36,2043,0.2970720528080882
REGION1,PWRWNDB02,37,2043,0.752025682317839
REGION1,PWRWNDB02,38,2043,0.618730380948256
REGION1,PWRWNDB02,39,2043,0.804804469103373
REGION1,PWRWNDB02,40,2043,0.7910545657973224
REGION1,PWRWNDB02,1,2044,0.0598808199655977
REGION1,PWRWNDB02,2,2044,0.2665244653573098
REGION1,PWRWNDB02,3,2044,0.4073412683444116
REGION1,PWRWNDB02,4,2044,0.689346317041518
REGION1,PWRWNDB02,5,2044,0.0058416710001123
REGION1,PWRWNDB02,6,2044,0.0058416710001123
REGION1,PWRWNDB02,7,2044,0.0066002114580264
REGION1,PWRWNDB02,8,2044,0.2538695775982147
REGION1,PWRWNDB02,9,2044,0.0058416710001123
REGION1,PWRWNDB02,10,2044,0.0126928639393787
REGION1,PWRWNDB02,11,2044,0.0595802770522935
REGION1,PWRWNDB02,12,2044,0.1735057946793443
REGION1,PWRWNDB02,13,2044,0.1151558915147771
REGION1,PWRWNDB02,14,2044,0.1062930329479418
REGION1,PWRWNDB02,15,2044,0.0383632867681028
REGION1,PWRWNDB02,16,2044,0.0446677440959276
REGION1,PWRWNDB02,17,2044,0.6537310038632941
REGION1,PWRWNDB02,18,2044,0.1076290988267151
REGION1,PWRWNDB02,19,2044,0.2081180912282225
REGION1,PWRWNDB02,20,2044,0.200430001597422
REGION1,PWRWNDB02,21,2044,0.2753610912706463
REGION1,PWRWNDB02,22,2044,0.3369055406999265
REGION1,PWRWNDB02,23,2044,0.3080710574007644
REGION1,PWRWNDB02,24,2044,0.2129439560358429
REGION1,PWRWNDB02,25,2044,0.1770222409479155
REGION1,PWRWNDB02,26,2044,0.7291075871058004
REGION1,PWRWNDB02,27,2044,0.7284661872213901
REGION1,PWRWNDB02,28,2044,0.5598705003635195
REGION1,PWRWNDB02,29,2044,0.6396282690035586
REGION1,PWRWNDB02,30,2044,0.8086080992963476
REGION1,PWRWNDB02,31,2044,0.7626860672523036
REGION1,PWRWNDB02,32,2044,0.6093642171526246
REGION1,PWRWNDB02,33,2044,0.4524694481771081
REGION1,PWRWNDB02,34,2044,0.1984578766871272
REGION1,PWRWNDB02,35,2044,0.5205287749101095
REGION1,PWRWNDB02,36,2044,0.2970720528080882
REGION1,PWRWNDB02,37,2044,0.752025682317839
REGION1,PWRWNDB02,38,2044,0.618730380948256
REGION1,PWRWNDB02,39,2044,0.804804469103373
REGION1,PWRWNDB02,40,2044,0.7910545657973224
REGION1,PWRWNDB02,1,2045,0.0598808199655977
REGION1,PWRWNDB02,2,2045,0.2665244653573098
REGION1,PWRWNDB02,3,2045,0.4073412683444116
REGION1,PWRWNDB02,4,2045,0.689346317041518
REGION1,PWRWNDB02,5,2045,0.0058416710001123
REGION1,PWRWNDB02,6,2045,0.0058416710001123
REGION1,PWRWNDB02,7,2045,0.0066002114580264
REGION1,PWRWNDB02,8,2045,0.2538695775982147
REGION1,PWRWNDB02,9,2045,0.0058416710001123
REGION1,PWRWNDB02,10,2045,0.0126928639393787
REGION1,PWRWNDB02,11,2045,0.0595802770522935
REGION1,PWRWNDB02,12,2045,0.1735057946793443
REGION1,PWRWNDB02,13,2045,0.1151558915147771
REGION1,PWRWNDB02,14,2045,0.1062930329479418
REGION1,PWRWNDB02,15,2045,0.0383632867681028
REGION1,PWRWNDB02,16,2045,0.0446677440959276
REGION1,PWRWNDB02,17,2045,0.6537310038632941
REGION1,PWRWNDB02,18,2045,0.1076290988267151
REGION1,PWRWNDB02,19,2045,0.2081180912282225
REGION1,PWRWNDB02,20,2045,0.200430001597422
REGION1,PWRWNDB02,21,2045,0.2753610912706463
REGION1,PWRWNDB02,22,2045,0.3369055406999265
REGION1,PWRWNDB02,23,2045,0.3080710574007644
REGION1,PWRWNDB02,24,2045,0.2129439560358429
REGION1,PWRWNDB02,25,2045,0.1770222409479155
REGION1,PWRWNDB02,26,2045,0.7291075871058004
REGION1,PWRWNDB02,27,2045,0.7284661872213901
REGION1,PWRWNDB02,28,2045,0.5598705003635195
REGION1,PWRWNDB02,29,2045,0.6396282690035586
REGION1,PWRWNDB02,30,2045,0.8086080992963476
REGION1,PWRWNDB02,31,2045,0.7626860672523036
REGION1,PWRWNDB02,32,2045,0.6093642171526246
REGION1,PWRWNDB02,33,2045,0.4524694481771081
REGION1,PWRWNDB02,34,2045,0.1984578766871272
REGION1,PWRWNDB02,35,2045,0.5205287749101095
REGION1,PWRWNDB02,36,2045,0.2970720528080882
REGION1,PWRWNDB02,37,2045,0.752025682317839
REGION1,PWRWNDB02,38,2045,0.618730380948256
REGION1,PWRWNDB02,39,2045,0.804804469103373
REGION1,PWRWNDB02,40,2045,0.7910545657973224
REGION1,PWRWNDB02,1,2046,0.0598808199655977
REGION1,PWRWNDB02,2,2046,0.2665244653573098
REGION1,PWRWNDB02,3,2046,0.4073412683444116
REGION1,PWRWNDB02,4,2046,0.689346317041518
REGION1,PWRWNDB02,5,2046,0.0058416710001123
REGION1,PWRWNDB02,6,2046,0.0058416710001123
REGION1,PWRWNDB02,7,2046,0.0066002114580264
REGION1,PWRWNDB02,8,2046,0.2538695775982147
REGION1,PWRWNDB02,9,2046,0.0058416710001123
REGION1,PWRWNDB02,10,2046,0.0126928639393787
REGION1,PWRWNDB02,11,2046,0.0595802770522935
REGION1,PWRWNDB02,12,2046,0.1735057946793443
REGION1,PWRWNDB02,13,2046,0.1151558915147771
REGION1,PWRWNDB02,14,2046,0.1062930329479418
REGION1,PWRWNDB02,15,2046,0.0383632867681028
REGION1,PWRWNDB02,16,2046,0.0446677440959276
REGION1,PWRWNDB02,17,2046,0.6537310038632941
REGION1,PWRWNDB02,18,2046,0.1076290988267151
REGION1,PWRWNDB02,19,2046,0.2081180912282225
REGION1,PWRWNDB02,20,2046,0.200430001597422
REGION1,PWRWNDB02,21,2046,0.2753610912706463
REGION1,PWRWNDB02,22,2046,0.3369055406999265
REGION1,PWRWNDB02,23,2046,0.3080710574007644
REGION1,PWRWNDB02,24,2046,0.2129439560358429
REGION1,PWRWNDB02,25,2046,0.1770222409479155
REGION1,PWRWNDB02,26,2046,0.7291075871058004
REGION1,PWRWNDB02,27,2046,0.7284661872213901
REGION1,PWRWNDB02,28,2046,0.5598705003635195
REGION1,PWRWNDB02,29,2046,0.6396282690035586
REGION1,PWRWNDB02,30,2046,0.8086080992963476
REGION1,PWRWNDB02,31,2046,0.7626860672523036
REGION1,PWRWNDB02,32,2046,0.6093642171526246
REGION1,PWRWNDB02,33,2046,0.4524694481771081
REGION1,PWRWNDB02,34,2046,0.1984578766871272
REGION1,PWRWNDB02,35,2046,0.5205287749101095
REGION1,PWRWNDB02,36,2046,0.2970720528080882
REGION1,PWRWNDB02,37,2046,0.752025682317839
REGION1,PWRWNDB02,38,2046,0.618730380948256
REGION1,PWRWNDB02,39,2046,0.804804469103373
REGION1,PWRWNDB02,40,2046,0.7910545657973224
REGION1,PWRWNDB02,1,2047,0.0598808199655977
REGION1,PWRWNDB02,2,2047,0.2665244653573098
REGION1,PWRWNDB02,3,2047,0.4073412683444116
REGION1,PWRWNDB02,4,2047,0.689346317041518
REGION1,PWRWNDB02,5,2047,0.0058416710001123
REGION1,PWRWNDB02,6,2047,0.0058416710001123
REGION1,PWRWNDB02,7,2047,0.0066002114580264
REGION1,PWRWNDB02,8,2047,0.2538695775982147
REGION1,PWRWNDB02,9,2047,0.0058416710001123
REGION1,PWRWNDB02,10,2047,0.0126928639393787
REGION1,PWRWNDB02,11,2047,0.0595802770522935
REGION1,PWRWNDB02,12,2047,0.1735057946793443
REGION1,PWRWNDB02,13,2047,0.1151558915147771
REGION1,PWRWNDB02,14,2047,0.1062930329479418
REGION1,PWRWNDB02,15,2047,0.0383632867681028
REGION1,PWRWNDB02,16,2047,0.0446677440959276
REGION1,PWRWNDB02,17,2047,0.6537310038632941
REGION1,PWRWNDB02,18,2047,0.1076290988267151
REGION1,PWRWNDB02,19,2047,0.2081180912282225
REGION1,PWRWNDB02,20,2047,0.200430001597422
REGION1,PWRWNDB02,21,2047,0.2753610912706463
REGION1,PWRWNDB02,22,2047,0.3369055406999265
REGION1,PWRWNDB02,23,2047,0.3080710574007644
REGION1,PWRWNDB02,24,2047,0.2129439560358429
REGION1,PWRWNDB02,25,2047,0.1770222409479155
REGION1,PWRWNDB02,26,2047,0.7291075871058004
REGION1,PWRWNDB02,27,2047,0.7284661872213901
REGION1,PWRWNDB02,28,2047,0.5598705003635195
REGION1,PWRWNDB02,29,2047,0.6396282690035586
REGION1,PWRWNDB02,30,2047,0.8086080992963476
REGION1,PWRWNDB02,31,2047,0.7626860672523036
REGION1,PWRWNDB02,32,2047,0.6093642171526246
REGION1,PWRWNDB02,33,2047,0.4524694481771081
REGION1,PWRWNDB02,34,2047,0.1984578766871272
REGION1,PWRWNDB02,35,2047,0.5205287749101095
REGION1,PWRWNDB02,36,2047,0.2970720528080882
REGION1,PWRWNDB02,37,2047,0.752025682317839
REGION1,PWRWNDB02,38,2047,0.618730380948256
REGION1,PWRWNDB02,39,2047,0.804804469103373
REGION1,PWRWNDB02,40,2047,0.7910545657973224
REGION1,PWRWNDB02,1,2048,0.0598808199655977
REGION1,PWRWNDB02,2,2048,0.2665244653573098
REGION1,PWRWNDB02,3,2048,0.4073412683444116
REGION1,PWRWNDB02,4,2048,0.689346317041518
REGION1,PWRWNDB02,5,2048,0.0058416710001123
REGION1,PWRWNDB02,6,2048,0.0058416710001123
REGION1,PWRWNDB02,7,2048,0.0066002114580264
REGION1,PWRWNDB02,8,2048,0.2538695775982147
REGION1,PWRWNDB02,9,2048,0.0058416710001123
REGION1,PWRWNDB02,10,2048,0.0126928639393787
REGION1,PWRWNDB02,11,2048,0.0595802770522935
REGION1,PWRWNDB02,12,2048,0.1735057946793443
REGION1,PWRWNDB02,13,2048,0.1151558915147771
REGION1,PWRWNDB02,14,2048,0.1062930329479418
REGION1,PWRWNDB02,15,2048,0.0383632867681028
REGION1,PWRWNDB02,16,2048,0.0446677440959276
REGION1,PWRWNDB02,17,2048,0.6537310038632941
REGION1,PWRWNDB02,18,2048,0.1076290988267151
REGION1,PWRWNDB02,19,2048,0.2081180912282225
REGION1,PWRWNDB02,20,2048,0.200430001597422
REGION1,PWRWNDB02,21,2048,0.2753610912706463
REGION1,PWRWNDB02,22,2048,0.3369055406999265
REGION1,PWRWNDB02,23,2048,0.3080710574007644
REGION1,PWRWNDB02,24,2048,0.2129439560358429
REGION1,PWRWNDB02,25,2048,0.1770222409479155
REGION1,PWRWNDB02,26,2048,0.7291075871058004
REGION1,PWRWNDB02,27,2048,0.7284661872213901
REGION1,PWRWNDB02,28,2048,0.5598705003635195
REGION1,PWRWNDB02,29,2048,0.6396282690035586
REGION1,PWRWNDB02,30,2048,0.8086080992963476
REGION1,PWRWNDB02,31,2048,0.7626860672523036
REGION1,PWRWNDB02,32,2048,0.6093642171526246
REGION1,PWRWNDB02,33,2048,0.4524694481771081
REGION1,PWRWNDB02,34,2048,0.1984578766871272
REGION1,PWRWNDB02,35,2048,0.5205287749101095
REGION1,PWRWNDB02,36,2048,0.2970720528080882
REGION1,PWRWNDB02,37,2048,0.752025682317839
REGION1,PWRWNDB02,38,2048,0.618730380948256
REGION1,PWRWNDB02,39,2048,0.804804469103373
REGION1,PWRWNDB02,40,2048,0.7910545657973224
REGION1,PWRWNDB02,1,2049,0.0598808199655977
REGION1,PWRWNDB02,2,2049,0.2665244653573098
REGION1,PWRWNDB02,3,2049,0.4073412683444116
REGION1,PWRWNDB02,4,2049,0.689346317041518
REGION1,PWRWNDB02,5,2049,0.0058416710001123
REGION1,PWRWNDB02,6,2049,0.0058416710001123
REGION1,PWRWNDB02,7,2049,0.0066002114580264
REGION1,PWRWNDB02,8,2049,0.2538695775982147
REGION1,PWRWNDB02,9,2049,0.0058416710001123
REGION1,PWRWNDB02,10,2049,0.0126928639393787
REGION1,PWRWNDB02,11,2049,0.0595802770522935
REGION1,PWRWNDB02,12,2049,0.1735057946793443
REGION1,PWRWNDB02,13,2049,0.1151558915147771
REGION1,PWRWNDB02,14,2049,0.1062930329479418
REGION1,PWRWNDB02,15,2049,0.0383632867681028
REGION1,PWRWNDB02,16,2049,0.0446677440959276
REGION1,PWRWNDB02,17,2049,0.6537310038632941
REGION1,PWRWNDB02,18,2049,0.1076290988267151
REGION1,PWRWNDB02,19,2049,0.2081180912282225
REGION1,PWRWNDB02,20,2049,0.200430001597422
REGION1,PWRWNDB02,21,2049,0.2753610912706463
REGION1,PWRWNDB02,22,2049,0.3369055406999265
REGION1,PWRWNDB02,23,2049,0.3080710574007644
REGION1,PWRWNDB02,24,2049,0.2129439560358429
REGION1,PWRWNDB02,25,2049,0.1770222409479155
REGION1,PWRWNDB02,26,2049,0.7291075871058004
REGION1,PWRWNDB02,27,2049,0.7284661872213901
REGION1,PWRWNDB02,28,2049,0.5598705003635195
REGION1,PWRWNDB02,29,2049,0.6396282690035586
REGION1,PWRWNDB02,30,2049,0.8086080992963476
REGION1,PWRWNDB02,31,2049,0.7626860672523036
REGION1,PWRWNDB02,32,2049,0.6093642171526246
REGION1,PWRWNDB02,33,2049,0.4524694481771081
REGION1,PWRWNDB02,34,2049,0.1984578766871272
REGION1,PWRWNDB02,35,2049,0.5205287749101095
REGION1,PWRWNDB02,36,2049,0.2970720528080882
REGION1,PWRWNDB02,37,2049,0.752025682317839
REGION1,PWRWNDB02,38,2049,0.618730380948256
REGION1,PWRWNDB02,39,2049,0.804804469103373
REGION1,PWRWNDB02,40,2049,0.7910545657973224
REGION1,PWRWNDB02,1,2050,0.0598808199655977
REGION1,PWRWNDB02,2,2050,0.2665244653573098
REGION1,PWRWNDB02,3,2050,0.4073412683444116
REGION1,PWRWNDB02,4,2050,0.689346317041518
REGION1,PWRWNDB02,5,2050,0.0058416710001123
REGION1,PWRWNDB02,6,2050,0.0058416710001123
REGION1,PWRWNDB02,7,2050,0.0066002114580264
REGION1,PWRWNDB02,8,2050,0.2538695775982147
REGION1,PWRWNDB02,9,2050,0.0058416710001123
REGION1,PWRWNDB02,10,2050,0.0126928639393787
REGION1,PWRWNDB02,11,2050,0.0595802770522935
REGION1,PWRWNDB02,12,2050,0.1735057946793443
REGION1,PWRWNDB02,13,2050,0.1151558915147771
REGION1,PWRWNDB02,14,2050,0.1062930329479418
REGION1,PWRWNDB02,15,2050,0.0383632867681028
REGION1,PWRWNDB02,16,2050,0.0446677440959276
REGION1,PWRWNDB02,17,2050,0.6537310038632941
REGION1,PWRWNDB02,18,2050,0.1076290988267151
REGION1,PWRWNDB02,19,2050,0.2081180912282225
REGION1,PWRWNDB02,20,2050,0.200430001597422
REGION1,PWRWNDB02,21,2050,0.2753610912706463
REGION1,PWRWNDB02,22,2050,0.3369055406999265
REGION1,PWRWNDB02,23,2050,0.3080710574007644
REGION1,PWRWNDB02,24,2050,0.2129439560358429
REGION1,PWRWNDB02,25,2050,0.1770222409479155
REGION1,PWRWNDB02,26,2050,0.7291075871058004
REGION1,PWRWNDB02,27,2050,0.7284661872213901
REGION1,PWRWNDB02,28,2050,0.5598705003635195
REGION1,PWRWNDB02,29,2050,0.6396282690035586
REGION1,PWRWNDB02,30,2050,0.8086080992963476
REGION1,PWRWNDB02,31,2050,0.7626860672523036
REGION1,PWRWNDB02,32,2050,0.6093642171526246
REGION1,PWRWNDB02,33,2050,0.4524694481771081
REGION1,PWRWNDB02,34,2050,0.1984578766871272
REGION1,PWRWNDB02,35,2050,0.5205287749101095
REGION1,PWRWNDB02,36,2050,0.2970720528080882
REGION1,PWRWNDB02,37,2050,0.752025682317839
REGION1,PWRWNDB02,38,2050,0.618730380948256
REGION1,PWRWNDB02,39,2050,0.804804469103373
REGION1,PWRWNDB02,40,2050,0.7910545657973224
REGION1,PWRWNDB03,1,2020,0.5555778415802446
REGION1,PWRWNDB03,2,2020,0.5555778415802446
REGION1,PWRWNDB03,3,2020,0.5555778415802446
REGION1,PWRWNDB03,4,2020,0.5548771385523635
REGION1,PWRWNDB03,5,2020,0.2118139741472584
REGION1,PWRWNDB03,6,2020,0.3089491857351608
REGION1,PWRWNDB03,7,2020,0.3059197113205673
REGION1,PWRWNDB03,8,2020,0.5120860582026044
REGION1,PWRWNDB03,9,2020,0.1002937487263212
REGION1,PWRWNDB03,10,2020,0.0104638409753462
REGION1,PWRWNDB03,11,2020,0.0121911326041706
REGION1,PWRWNDB03,12,2020,0.0229275799064811
REGION1,PWRWNDB03,13,2020,0.4317646342395365
REGION1,PWRWNDB03,14,2020,0.3781905309252293
REGION1,PWRWNDB03,15,2020,0.2905503980180037
REGION1,PWRWNDB03,16,2020,0.4218258371539292
REGION1,PWRWNDB03,17,2020,0.5555244239624229
REGION1,PWRWNDB03,18,2020,0.5555778415802446
REGION1,PWRWNDB03,19,2020,0.5555610151272775
REGION1,PWRWNDB03,20,2020,0.5555778415802446
REGION1,PWRWNDB03,21,2020,0.1163617920884104
REGION1,PWRWNDB03,22,2020,0.1082316999080332
REGION1,PWRWNDB03,23,2020,0.1473828796088883
REGION1,PWRWNDB03,24,2020,0.0284596370032894
REGION1,PWRWNDB03,25,2020,0.2186099688310617
REGION1,PWRWNDB03,26,2020,0.2933244120326881
REGION1,PWRWNDB03,27,2020,0.4756526431964666
REGION1,PWRWNDB03,28,2020,0.5131402709851974
REGION1,PWRWNDB03,29,2020,0.5555778415802446
REGION1,PWRWNDB03,30,2020,0.5546250063836612
REGION1,PWRWNDB03,31,2020,0.555537275631817
REGION1,PWRWNDB03,32,2020,0.5555778415802446
REGION1,PWRWNDB03,33,2020,0.546958666949953
REGION1,PWRWNDB03,34,2020,0.44475141821328
REGION1,PWRWNDB03,35,2020,0.0947730050694384
REGION1,PWRWNDB03,36,2020,0.0059340958829275
REGION1,PWRWNDB03,37,2020,0.1590916897161275
REGION1,PWRWNDB03,38,2020,0.1093980555525987
REGION1,PWRWNDB03,39,2020,0.0853466820988491
REGION1,PWRWNDB03,40,2020,0.0370148784515758
REGION1,PWRWNDB03,1,2021,0.5555778415802446
REGION1,PWRWNDB03,2,2021,0.5555778415802446
REGION1,PWRWNDB03,3,2021,0.5555778415802446
REGION1,PWRWNDB03,4,2021,0.5548771385523635
REGION1,PWRWNDB03,5,2021,0.2118139741472584
REGION1,PWRWNDB03,6,2021,0.3089491857351608
REGION1,PWRWNDB03,7,2021,0.3059197113205673
REGION1,PWRWNDB03,8,2021,0.5120860582026044
REGION1,PWRWNDB03,9,2021,0.1002937487263212
REGION1,PWRWNDB03,10,2021,0.0104638409753462
REGION1,PWRWNDB03,11,2021,0.0121911326041706
REGION1,PWRWNDB03,12,2021,0.0229275799064811
REGION1,PWRWNDB03,13,2021,0.4317646342395365
REGION1,PWRWNDB03,14,2021,0.3781905309252293
REGION1,PWRWNDB03,15,2021,0.2905503980180037
REGION1,PWRWNDB03,16,2021,0.4218258371539292
REGION1,PWRWNDB03,17,2021,0.5555244239624229
REGION1,PWRWNDB03,18,2021,0.5555778415802446
REGION1,PWRWNDB03,19,2021,0.5555610151272775
REGION1,PWRWNDB03,20,2021,0.5555778415802446
REGION1,PWRWNDB03,21,2021,0.1163617920884104
REGION1,PWRWNDB03,22,2021,0.1082316999080332
REGION1,PWRWNDB03,23,2021,0.1473828796088883
REGION1,PWRWNDB03,24,2021,0.0284596370032894
REGION1,PWRWNDB03,25,2021,0.2186099688310617
REGION1,PWRWNDB03,26,2021,0.2933244120326881
REGION1,PWRWNDB03,27,2021,0.4756526431964666
REGION1,PWRWNDB03,28,2021,0.5131402709851974
REGION1,PWRWNDB03,29,2021,0.5555778415802446
REGION1,PWRWNDB03,30,2021,0.5546250063836612
REGION1,PWRWNDB03,31,2021,0.555537275631817
REGION1,PWRWNDB03,32,2021,0.5555778415802446
REGION1,PWRWNDB03,33,2021,0.546958666949953
REGION1,PWRWNDB03,34,2021,0.44475141821328
REGION1,PWRWNDB03,35,2021,0.0947730050694384
REGION1,PWRWNDB03,36,2021,0.0059340958829275
REGION1,PWRWNDB03,37,2021,0.1590916897161275
REGION1,PWRWNDB03,38,2021,0.1093980555525987
REGION1,PWRWNDB03,39,2021,0.0853466820988491
REGION1,PWRWNDB03,40,2021,0.0370148784515758
REGION1,PWRWNDB03,1,2022,0.5555778415802446
REGION1,PWRWNDB03,2,2022,0.5555778415802446
REGION1,PWRWNDB03,3,2022,0.5555778415802446
REGION1,PWRWNDB03,4,2022,0.5548771385523635
REGION1,PWRWNDB03,5,2022,0.2118139741472584
REGION1,PWRWNDB03,6,2022,0.3089491857351608
REGION1,PWRWNDB03,7,2022,0.3059197113205673
REGION1,PWRWNDB03,8,2022,0.5120860582026044
REGION1,PWRWNDB03,9,2022,0.1002937487263212
REGION1,PWRWNDB03,10,2022,0.0104638409753462
REGION1,PWRWNDB03,11,2022,0.0121911326041706
REGION1,PWRWNDB03,12,2022,0.0229275799064811
REGION1,PWRWNDB03,13,2022,0.4317646342395365
REGION1,PWRWNDB03,14,2022,0.3781905309252293
REGION1,PWRWNDB03,15,2022,0.2905503980180037
REGION1,PWRWNDB03,16,2022,0.4218258371539292
REGION1,PWRWNDB03,17,2022,0.5555244239624229
REGION1,PWRWNDB03,18,2022,0.5555778415802446
REGION1,PWRWNDB03,19,2022,0.5555610151272775
REGION1,PWRWNDB03,20,2022,0.5555778415802446
REGION1,PWRWNDB03,21,2022,0.1163617920884104
REGION1,PWRWNDB03,22,2022,0.1082316999080332
REGION1,PWRWNDB03,23,2022,0.1473828796088883
REGION1,PWRWNDB03,24,2022,0.0284596370032894
REGION1,PWRWNDB03,25,2022,0.2186099688310617
REGION1,PWRWNDB03,26,2022,0.2933244120326881
REGION1,PWRWNDB03,27,2022,0.4756526431964666
REGION1,PWRWNDB03,28,2022,0.5131402709851974
REGION1,PWRWNDB03,29,2022,0.5555778415802446
REGION1,PWRWNDB03,30,2022,0.5546250063836612
REGION1,PWRWNDB03,31,2022,0.555537275631817
REGION1,PWRWNDB03,32,2022,0.5555778415802446
REGION1,PWRWNDB03,33,2022,0.546958666949953
REGION1,PWRWNDB03,34,2022,0.44475141821328
REGION1,PWRWNDB03,35,2022,0.0947730050694384
REGION1,PWRWNDB03,36,2022,0.0059340958829275
REGION1,PWRWNDB03,37,2022,0.1590916897161275
REGION1,PWRWNDB03,38,2022,0.1093980555525987
REGION1,PWRWNDB03,39,2022,0.0853466820988491
REGION1,PWRWNDB03,40,2022,0.0370148784515758
REGION1,PWRWNDB03,1,2023,0.5555778415802446
REGION1,PWRWNDB03,2,2023,0.5555778415802446
REGION1,PWRWNDB03,3,2023,0.5555778415802446
REGION1,PWRWNDB03,4,2023,0.5548771385523635
REGION1,PWRWNDB03,5,2023,0.2118139741472584
REGION1,PWRWNDB03,6,2023,0.3089491857351608
REGION1,PWRWNDB03,7,2023,0.3059197113205673
REGION1,PWRWNDB03,8,2023,0.5120860582026044
REGION1,PWRWNDB03,9,2023,0.1002937487263212
REGION1,PWRWNDB03,10,2023,0.0104638409753462
REGION1,PWRWNDB03,11,2023,0.0121911326041706
REGION1,PWRWNDB03,12,2023,0.0229275799064811
REGION1,PWRWNDB03,13,2023,0.4317646342395365
REGION1,PWRWNDB03,14,2023,0.3781905309252293
REGION1,PWRWNDB03,15,2023,0.2905503980180037
REGION1,PWRWNDB03,16,2023,0.4218258371539292
REGION1,PWRWNDB03,17,2023,0.5555244239624229
REGION1,PWRWNDB03,18,2023,0.5555778415802446
REGION1,PWRWNDB03,19,2023,0.5555610151272775
REGION1,PWRWNDB03,20,2023,0.5555778415802446
REGION1,PWRWNDB03,21,2023,0.1163617920884104
REGION1,PWRWNDB03,22,2023,0.1082316999080332
REGION1,PWRWNDB03,23,2023,0.1473828796088883
REGION1,PWRWNDB03,24,2023,0.0284596370032894
REGION1,PWRWNDB03,25,2023,0.2186099688310617
REGION1,PWRWNDB03,26,2023,0.2933244120326881
REGION1,PWRWNDB03,27,2023,0.4756526431964666
REGION1,PWRWNDB03,28,2023,0.5131402709851974
REGION1,PWRWNDB03,29,2023,0.5555778415802446
REGION1,PWRWNDB03,30,2023,0.5546250063836612
REGION1,PWRWNDB03,31,2023,0.555537275631817
REGION1,PWRWNDB03,32,2023,0.5555778415802446
REGION1,PWRWNDB03,33,2023,0.546958666949953
REGION1,PWRWNDB03,34,2023,0.44475141821328
REGION1,PWRWNDB03,35,2023,0.0947730050694384
REGION1,PWRWNDB03,36,2023,0.0059340958829275
REGION1,PWRWNDB03,37,2023,0.1590916897161275
REGION1,PWRWNDB03,38,2023,0.1093980555525987
REGION1,PWRWNDB03,39,2023,0.0853466820988491
REGION1,PWRWNDB03,40,2023,0.0370148784515758
REGION1,PWRWNDB03,1,2024,0.5555778415802446
REGION1,PWRWNDB03,2,2024,0.5555778415802446
REGION1,PWRWNDB03,3,2024,0.5555778415802446
REGION1,PWRWNDB03,4,2024,0.5548771385523635
REGION1,PWRWNDB03,5,2024,0.2118139741472584
REGION1,PWRWNDB03,6,2024,0.3089491857351608
REGION1,PWRWNDB03,7,2024,0.3059197113205673
REGION1,PWRWNDB03,8,2024,0.5120860582026044
REGION1,PWRWNDB03,9,2024,0.1002937487263212
REGION1,PWRWNDB03,10,2024,0.0104638409753462
REGION1,PWRWNDB03,11,2024,0.0121911326041706
REGION1,PWRWNDB03,12,2024,0.0229275799064811
REGION1,PWRWNDB03,13,2024,0.4317646342395365
REGION1,PWRWNDB03,14,2024,0.3781905309252293
REGION1,PWRWNDB03,15,2024,0.2905503980180037
REGION1,PWRWNDB03,16,2024,0.4218258371539292
REGION1,PWRWNDB03,17,2024,0.5555244239624229
REGION1,PWRWNDB03,18,2024,0.5555778415802446
REGION1,PWRWNDB03,19,2024,0.5555610151272775
REGION1,PWRWNDB03,20,2024,0.5555778415802446
REGION1,PWRWNDB03,21,2024,0.1163617920884104
REGION1,PWRWNDB03,22,2024,0.1082316999080332
REGION1,PWRWNDB03,23,2024,0.1473828796088883
REGION1,PWRWNDB03,24,2024,0.0284596370032894
REGION1,PWRWNDB03,25,2024,0.2186099688310617
REGION1,PWRWNDB03,26,2024,0.2933244120326881
REGION1,PWRWNDB03,27,2024,0.4756526431964666
REGION1,PWRWNDB03,28,2024,0.5131402709851974
REGION1,PWRWNDB03,29,2024,0.5555778415802446
REGION1,PWRWNDB03,30,2024,0.5546250063836612
REGION1,PWRWNDB03,31,2024,0.555537275631817
REGION1,PWRWNDB03,32,2024,0.5555778415802446
REGION1,PWRWNDB03,33,2024,0.546958666949953
REGION1,PWRWNDB03,34,2024,0.44475141821328
REGION1,PWRWNDB03,35,2024,0.0947730050694384
REGION1,PWRWNDB03,36,2024,0.0059340958829275
REGION1,PWRWNDB03,37,2024,0.1590916897161275
REGION1,PWRWNDB03,38,2024,0.1093980555525987
REGION1,PWRWNDB03,39,2024,0.0853466820988491
REGION1,PWRWNDB03,40,2024,0.0370148784515758
REGION1,PWRWNDB03,1,2025,0.5555778415802446
REGION1,PWRWNDB03,2,2025,0.5555778415802446
REGION1,PWRWNDB03,3,2025,0.5555778415802446
REGION1,PWRWNDB03,4,2025,0.5548771385523635
REGION1,PWRWNDB03,5,2025,0.2118139741472584
REGION1,PWRWNDB03,6,2025,0.3089491857351608
REGION1,PWRWNDB03,7,2025,0.3059197113205673
REGION1,PWRWNDB03,8,2025,0.5120860582026044
REGION1,PWRWNDB03,9,2025,0.1002937487263212
REGION1,PWRWNDB03,10,2025,0.0104638409753462
REGION1,PWRWNDB03,11,2025,0.0121911326041706
REGION1,PWRWNDB03,12,2025,0.0229275799064811
REGION1,PWRWNDB03,13,2025,0.4317646342395365
REGION1,PWRWNDB03,14,2025,0.3781905309252293
REGION1,PWRWNDB03,15,2025,0.2905503980180037
REGION1,PWRWNDB03,16,2025,0.4218258371539292
REGION1,PWRWNDB03,17,2025,0.5555244239624229
REGION1,PWRWNDB03,18,2025,0.5555778415802446
REGION1,PWRWNDB03,19,2025,0.5555610151272775
REGION1,PWRWNDB03,20,2025,0.5555778415802446
REGION1,PWRWNDB03,21,2025,0.1163617920884104
REGION1,PWRWNDB03,22,2025,0.1082316999080332
REGION1,PWRWNDB03,23,2025,0.1473828796088883
REGION1,PWRWNDB03,24,2025,0.0284596370032894
REGION1,PWRWNDB03,25,2025,0.2186099688310617
REGION1,PWRWNDB03,26,2025,0.2933244120326881
REGION1,PWRWNDB03,27,2025,0.4756526431964666
REGION1,PWRWNDB03,28,2025,0.5131402709851974
REGION1,PWRWNDB03,29,2025,0.5555778415802446
REGION1,PWRWNDB03,30,2025,0.5546250063836612
REGION1,PWRWNDB03,31,2025,0.555537275631817
REGION1,PWRWNDB03,32,2025,0.5555778415802446
REGION1,PWRWNDB03,33,2025,0.546958666949953
REGION1,PWRWNDB03,34,2025,0.44475141821328
REGION1,PWRWNDB03,35,2025,0.0947730050694384
REGION1,PWRWNDB03,36,2025,0.0059340958829275
REGION1,PWRWNDB03,37,2025,0.1590916897161275
REGION1,PWRWNDB03,38,2025,0.1093980555525987
REGION1,PWRWNDB03,39,2025,0.0853466820988491
REGION1,PWRWNDB03,40,2025,0.0370148784515758
REGION1,PWRWNDB03,1,2026,0.5555778415802446
REGION1,PWRWNDB03,2,2026,0.5555778415802446
REGION1,PWRWNDB03,3,2026,0.5555778415802446
REGION1,PWRWNDB03,4,2026,0.5548771385523635
REGION1,PWRWNDB03,5,2026,0.2118139741472584
REGION1,PWRWNDB03,6,2026,0.3089491857351608
REGION1,PWRWNDB03,7,2026,0.3059197113205673
REGION1,PWRWNDB03,8,2026,0.5120860582026044
REGION1,PWRWNDB03,9,2026,0.1002937487263212
REGION1,PWRWNDB03,10,2026,0.0104638409753462
REGION1,PWRWNDB03,11,2026,0.0121911326041706
REGION1,PWRWNDB03,12,2026,0.0229275799064811
REGION1,PWRWNDB03,13,2026,0.4317646342395365
REGION1,PWRWNDB03,14,2026,0.3781905309252293
REGION1,PWRWNDB03,15,2026,0.2905503980180037
REGION1,PWRWNDB03,16,2026,0.4218258371539292
REGION1,PWRWNDB03,17,2026,0.5555244239624229
REGION1,PWRWNDB03,18,2026,0.5555778415802446
REGION1,PWRWNDB03,19,2026,0.5555610151272775
REGION1,PWRWNDB03,20,2026,0.5555778415802446
REGION1,PWRWNDB03,21,2026,0.1163617920884104
REGION1,PWRWNDB03,22,2026,0.1082316999080332
REGION1,PWRWNDB03,23,2026,0.1473828796088883
REGION1,PWRWNDB03,24,2026,0.0284596370032894
REGION1,PWRWNDB03,25,2026,0.2186099688310617
REGION1,PWRWNDB03,26,2026,0.2933244120326881
REGION1,PWRWNDB03,27,2026,0.4756526431964666
REGION1,PWRWNDB03,28,2026,0.5131402709851974
REGION1,PWRWNDB03,29,2026,0.5555778415802446
REGION1,PWRWNDB03,30,2026,0.5546250063836612
REGION1,PWRWNDB03,31,2026,0.555537275631817
REGION1,PWRWNDB03,32,2026,0.5555778415802446
REGION1,PWRWNDB03,33,2026,0.546958666949953
REGION1,PWRWNDB03,34,2026,0.44475141821328
REGION1,PWRWNDB03,35,2026,0.0947730050694384
REGION1,PWRWNDB03,36,2026,0.0059340958829275
REGION1,PWRWNDB03,37,2026,0.1590916897161275
REGION1,PWRWNDB03,38,2026,0.1093980555525987
REGION1,PWRWNDB03,39,2026,0.0853466820988491
REGION1,PWRWNDB03,40,2026,0.0370148784515758
REGION1,PWRWNDB03,1,2027,0.5555778415802446
REGION1,PWRWNDB03,2,2027,0.5555778415802446
REGION1,PWRWNDB03,3,2027,0.5555778415802446
REGION1,PWRWNDB03,4,2027,0.5548771385523635
REGION1,PWRWNDB03,5,2027,0.2118139741472584
REGION1,PWRWNDB03,6,2027,0.3089491857351608
REGION1,PWRWNDB03,7,2027,0.3059197113205673
REGION1,PWRWNDB03,8,2027,0.5120860582026044
REGION1,PWRWNDB03,9,2027,0.1002937487263212
REGION1,PWRWNDB03,10,2027,0.0104638409753462
REGION1,PWRWNDB03,11,2027,0.0121911326041706
REGION1,PWRWNDB03,12,2027,0.0229275799064811
REGION1,PWRWNDB03,13,2027,0.4317646342395365
REGION1,PWRWNDB03,14,2027,0.3781905309252293
REGION1,PWRWNDB03,15,2027,0.2905503980180037
REGION1,PWRWNDB03,16,2027,0.4218258371539292
REGION1,PWRWNDB03,17,2027,0.5555244239624229
REGION1,PWRWNDB03,18,2027,0.5555778415802446
REGION1,PWRWNDB03,19,2027,0.5555610151272775
REGION1,PWRWNDB03,20,2027,0.5555778415802446
REGION1,PWRWNDB03,21,2027,0.1163617920884104
REGION1,PWRWNDB03,22,2027,0.1082316999080332
REGION1,PWRWNDB03,23,2027,0.1473828796088883
REGION1,PWRWNDB03,24,2027,0.0284596370032894
REGION1,PWRWNDB03,25,2027,0.2186099688310617
REGION1,PWRWNDB03,26,2027,0.2933244120326881
REGION1,PWRWNDB03,27,2027,0.4756526431964666
REGION1,PWRWNDB03,28,2027,0.5131402709851974
REGION1,PWRWNDB03,29,2027,0.5555778415802446
REGION1,PWRWNDB03,30,2027,0.5546250063836612
REGION1,PWRWNDB03,31,2027,0.555537275631817
REGION1,PWRWNDB03,32,2027,0.5555778415802446
REGION1,PWRWNDB03,33,2027,0.546958666949953
REGION1,PWRWNDB03,34,2027,0.44475141821328
REGION1,PWRWNDB03,35,2027,0.0947730050694384
REGION1,PWRWNDB03,36,2027,0.0059340958829275
REGION1,PWRWNDB03,37,2027,0.1590916897161275
REGION1,PWRWNDB03,38,2027,0.1093980555525987
REGION1,PWRWNDB03,39,2027,0.0853466820988491
REGION1,PWRWNDB03,40,2027,0.0370148784515758
REGION1,PWRWNDB03,1,2028,0.5555778415802446
REGION1,PWRWNDB03,2,2028,0.5555778415802446
REGION1,PWRWNDB03,3,2028,0.5555778415802446
REGION1,PWRWNDB03,4,2028,0.5548771385523635
REGION1,PWRWNDB03,5,2028,0.2118139741472584
REGION1,PWRWNDB03,6,2028,0.3089491857351608
REGION1,PWRWNDB03,7,2028,0.3059197113205673
REGION1,PWRWNDB03,8,2028,0.5120860582026044
REGION1,PWRWNDB03,9,2028,0.1002937487263212
REGION1,PWRWNDB03,10,2028,0.0104638409753462
REGION1,PWRWNDB03,11,2028,0.0121911326041706
REGION1,PWRWNDB03,12,2028,0.0229275799064811
REGION1,PWRWNDB03,13,2028,0.4317646342395365
REGION1,PWRWNDB03,14,2028,0.3781905309252293
REGION1,PWRWNDB03,15,2028,0.2905503980180037
REGION1,PWRWNDB03,16,2028,0.4218258371539292
REGION1,PWRWNDB03,17,2028,0.5555244239624229
REGION1,PWRWNDB03,18,2028,0.5555778415802446
REGION1,PWRWNDB03,19,2028,0.5555610151272775
REGION1,PWRWNDB03,20,2028,0.5555778415802446
REGION1,PWRWNDB03,21,2028,0.1163617920884104
REGION1,PWRWNDB03,22,2028,0.1082316999080332
REGION1,PWRWNDB03,23,2028,0.1473828796088883
REGION1,PWRWNDB03,24,2028,0.0284596370032894
REGION1,PWRWNDB03,25,2028,0.2186099688310617
REGION1,PWRWNDB03,26,2028,0.2933244120326881
REGION1,PWRWNDB03,27,2028,0.4756526431964666
REGION1,PWRWNDB03,28,2028,0.5131402709851974
REGION1,PWRWNDB03,29,2028,0.5555778415802446
REGION1,PWRWNDB03,30,2028,0.5546250063836612
REGION1,PWRWNDB03,31,2028,0.555537275631817
REGION1,PWRWNDB03,32,2028,0.5555778415802446
REGION1,PWRWNDB03,33,2028,0.546958666949953
REGION1,PWRWNDB03,34,2028,0.44475141821328
REGION1,PWRWNDB03,35,2028,0.0947730050694384
REGION1,PWRWNDB03,36,2028,0.0059340958829275
REGION1,PWRWNDB03,37,2028,0.1590916897161275
REGION1,PWRWNDB03,38,2028,0.1093980555525987
REGION1,PWRWNDB03,39,2028,0.0853466820988491
REGION1,PWRWNDB03,40,2028,0.0370148784515758
REGION1,PWRWNDB03,1,2029,0.5555778415802446
REGION1,PWRWNDB03,2,2029,0.5555778415802446
REGION1,PWRWNDB03,3,2029,0.5555778415802446
REGION1,PWRWNDB03,4,2029,0.5548771385523635
REGION1,PWRWNDB03,5,2029,0.2118139741472584
REGION1,PWRWNDB03,6,2029,0.3089491857351608
REGION1,PWRWNDB03,7,2029,0.3059197113205673
REGION1,PWRWNDB03,8,2029,0.5120860582026044
REGION1,PWRWNDB03,9,2029,0.1002937487263212
REGION1,PWRWNDB03,10,2029,0.0104638409753462
REGION1,PWRWNDB03,11,2029,0.0121911326041706
REGION1,PWRWNDB03,12,2029,0.0229275799064811
REGION1,PWRWNDB03,13,2029,0.4317646342395365
REGION1,PWRWNDB03,14,2029,0.3781905309252293
REGION1,PWRWNDB03,15,2029,0.2905503980180037
REGION1,PWRWNDB03,16,2029,0.4218258371539292
REGION1,PWRWNDB03,17,2029,0.5555244239624229
REGION1,PWRWNDB03,18,2029,0.5555778415802446
REGION1,PWRWNDB03,19,2029,0.5555610151272775
REGION1,PWRWNDB03,20,2029,0.5555778415802446
REGION1,PWRWNDB03,21,2029,0.1163617920884104
REGION1,PWRWNDB03,22,2029,0.1082316999080332
REGION1,PWRWNDB03,23,2029,0.1473828796088883
REGION1,PWRWNDB03,24,2029,0.0284596370032894
REGION1,PWRWNDB03,25,2029,0.2186099688310617
REGION1,PWRWNDB03,26,2029,0.2933244120326881
REGION1,PWRWNDB03,27,2029,0.4756526431964666
REGION1,PWRWNDB03,28,2029,0.5131402709851974
REGION1,PWRWNDB03,29,2029,0.5555778415802446
REGION1,PWRWNDB03,30,2029,0.5546250063836612
REGION1,PWRWNDB03,31,2029,0.555537275631817
REGION1,PWRWNDB03,32,2029,0.5555778415802446
REGION1,PWRWNDB03,33,2029,0.546958666949953
REGION1,PWRWNDB03,34,2029,0.44475141821328
REGION1,PWRWNDB03,35,2029,0.0947730050694384
REGION1,PWRWNDB03,36,2029,0.0059340958829275
REGION1,PWRWNDB03,37,2029,0.1590916897161275
REGION1,PWRWNDB03,38,2029,0.1093980555525987
REGION1,PWRWNDB03,39,2029,0.0853466820988491
REGION1,PWRWNDB03,40,2029,0.0370148784515758
REGION1,PWRWNDB03,1,2030,0.5555778415802446
REGION1,PWRWNDB03,2,2030,0.5555778415802446
REGION1,PWRWNDB03,3,2030,0.5555778415802446
REGION1,PWRWNDB03,4,2030,0.5548771385523635
REGION1,PWRWNDB03,5,2030,0.2118139741472584
REGION1,PWRWNDB03,6,2030,0.3089491857351608
REGION1,PWRWNDB03,7,2030,0.3059197113205673
REGION1,PWRWNDB03,8,2030,0.5120860582026044
REGION1,PWRWNDB03,9,2030,0.1002937487263212
REGION1,PWRWNDB03,10,2030,0.0104638409753462
REGION1,PWRWNDB03,11,2030,0.0121911326041706
REGION1,PWRWNDB03,12,2030,0.0229275799064811
REGION1,PWRWNDB03,13,2030,0.4317646342395365
REGION1,PWRWNDB03,14,2030,0.3781905309252293
REGION1,PWRWNDB03,15,2030,0.2905503980180037
REGION1,PWRWNDB03,16,2030,0.4218258371539292
REGION1,PWRWNDB03,17,2030,0.5555244239624229
REGION1,PWRWNDB03,18,2030,0.5555778415802446
REGION1,PWRWNDB03,19,2030,0.5555610151272775
REGION1,PWRWNDB03,20,2030,0.5555778415802446
REGION1,PWRWNDB03,21,2030,0.1163617920884104
REGION1,PWRWNDB03,22,2030,0.1082316999080332
REGION1,PWRWNDB03,23,2030,0.1473828796088883
REGION1,PWRWNDB03,24,2030,0.0284596370032894
REGION1,PWRWNDB03,25,2030,0.2186099688310617
REGION1,PWRWNDB03,26,2030,0.2933244120326881
REGION1,PWRWNDB03,27,2030,0.4756526431964666
REGION1,PWRWNDB03,28,2030,0.5131402709851974
REGION1,PWRWNDB03,29,2030,0.5555778415802446
REGION1,PWRWNDB03,30,2030,0.5546250063836612
REGION1,PWRWNDB03,31,2030,0.555537275631817
REGION1,PWRWNDB03,32,2030,0.5555778415802446
REGION1,PWRWNDB03,33,2030,0.546958666949953
REGION1,PWRWNDB03,34,2030,0.44475141821328
REGION1,PWRWNDB03,35,2030,0.0947730050694384
REGION1,PWRWNDB03,36,2030,0.0059340958829275
REGION1,PWRWNDB03,37,2030,0.1590916897161275
REGION1,PWRWNDB03,38,2030,0.1093980555525987
REGION1,PWRWNDB03,39,2030,0.0853466820988491
REGION1,PWRWNDB03,40,2030,0.0370148784515758
REGION1,PWRWNDB03,1,2031,0.5555778415802446
REGION1,PWRWNDB03,2,2031,0.5555778415802446
REGION1,PWRWNDB03,3,2031,0.5555778415802446
REGION1,PWRWNDB03,4,2031,0.5548771385523635
REGION1,PWRWNDB03,5,2031,0.2118139741472584
REGION1,PWRWNDB03,6,2031,0.3089491857351608
REGION1,PWRWNDB03,7,2031,0.3059197113205673
REGION1,PWRWNDB03,8,2031,0.5120860582026044
REGION1,PWRWNDB03,9,2031,0.1002937487263212
REGION1,PWRWNDB03,10,2031,0.0104638409753462
REGION1,PWRWNDB03,11,2031,0.0121911326041706
REGION1,PWRWNDB03,12,2031,0.0229275799064811
REGION1,PWRWNDB03,13,2031,0.4317646342395365
REGION1,PWRWNDB03,14,2031,0.3781905309252293
REGION1,PWRWNDB03,15,2031,0.2905503980180037
REGION1,PWRWNDB03,16,2031,0.4218258371539292
REGION1,PWRWNDB03,17,2031,0.5555244239624229
REGION1,PWRWNDB03,18,2031,0.5555778415802446
REGION1,PWRWNDB03,19,2031,0.5555610151272775
REGION1,PWRWNDB03,20,2031,0.5555778415802446
REGION1,PWRWNDB03,21,2031,0.1163617920884104
REGION1,PWRWNDB03,22,2031,0.1082316999080332
REGION1,PWRWNDB03,23,2031,0.1473828796088883
REGION1,PWRWNDB03,24,2031,0.0284596370032894
REGION1,PWRWNDB03,25,2031,0.2186099688310617
REGION1,PWRWNDB03,26,2031,0.2933244120326881
REGION1,PWRWNDB03,27,2031,0.4756526431964666
REGION1,PWRWNDB03,28,2031,0.5131402709851974
REGION1,PWRWNDB03,29,2031,0.5555778415802446
REGION1,PWRWNDB03,30,2031,0.5546250063836612
REGION1,PWRWNDB03,31,2031,0.555537275631817
REGION1,PWRWNDB03,32,2031,0.5555778415802446
REGION1,PWRWNDB03,33,2031,0.546958666949953
REGION1,PWRWNDB03,34,2031,0.44475141821328
REGION1,PWRWNDB03,35,2031,0.0947730050694384
REGION1,PWRWNDB03,36,2031,0.0059340958829275
REGION1,PWRWNDB03,37,2031,0.1590916897161275
REGION1,PWRWNDB03,38,2031,0.1093980555525987
REGION1,PWRWNDB03,39,2031,0.0853466820988491
REGION1,PWRWNDB03,40,2031,0.0370148784515758
REGION1,PWRWNDB03,1,2032,0.5555778415802446
REGION1,PWRWNDB03,2,2032,0.5555778415802446
REGION1,PWRWNDB03,3,2032,0.5555778415802446
REGION1,PWRWNDB03,4,2032,0.5548771385523635
REGION1,PWRWNDB03,5,2032,0.2118139741472584
REGION1,PWRWNDB03,6,2032,0.3089491857351608
REGION1,PWRWNDB03,7,2032,0.3059197113205673
REGION1,PWRWNDB03,8,2032,0.5120860582026044
REGION1,PWRWNDB03,9,2032,0.1002937487263212
REGION1,PWRWNDB03,10,2032,0.0104638409753462
REGION1,PWRWNDB03,11,2032,0.0121911326041706
REGION1,PWRWNDB03,12,2032,0.0229275799064811
REGION1,PWRWNDB03,13,2032,0.4317646342395365
REGION1,PWRWNDB03,14,2032,0.3781905309252293
REGION1,PWRWNDB03,15,2032,0.2905503980180037
REGION1,PWRWNDB03,16,2032,0.4218258371539292
REGION1,PWRWNDB03,17,2032,0.5555244239624229
REGION1,PWRWNDB03,18,2032,0.5555778415802446
REGION1,PWRWNDB03,19,2032,0.5555610151272775
REGION1,PWRWNDB03,20,2032,0.5555778415802446
REGION1,PWRWNDB03,21,2032,0.1163617920884104
REGION1,PWRWNDB03,22,2032,0.1082316999080332
REGION1,PWRWNDB03,23,2032,0.1473828796088883
REGION1,PWRWNDB03,24,2032,0.0284596370032894
REGION1,PWRWNDB03,25,2032,0.2186099688310617
REGION1,PWRWNDB03,26,2032,0.2933244120326881
REGION1,PWRWNDB03,27,2032,0.4756526431964666
REGION1,PWRWNDB03,28,2032,0.5131402709851974
REGION1,PWRWNDB03,29,2032,0.5555778415802446
REGION1,PWRWNDB03,30,2032,0.5546250063836612
REGION1,PWRWNDB03,31,2032,0.555537275631817
REGION1,PWRWNDB03,32,2032,0.5555778415802446
REGION1,PWRWNDB03,33,2032,0.546958666949953
REGION1,PWRWNDB03,34,2032,0.44475141821328
REGION1,PWRWNDB03,35,2032,0.0947730050694384
REGION1,PWRWNDB03,36,2032,0.0059340958829275
REGION1,PWRWNDB03,37,2032,0.1590916897161275
REGION1,PWRWNDB03,38,2032,0.1093980555525987
REGION1,PWRWNDB03,39,2032,0.0853466820988491
REGION1,PWRWNDB03,40,2032,0.0370148784515758
REGION1,PWRWNDB03,1,2033,0.5555778415802446
REGION1,PWRWNDB03,2,2033,0.5555778415802446
REGION1,PWRWNDB03,3,2033,0.5555778415802446
REGION1,PWRWNDB03,4,2033,0.5548771385523635
REGION1,PWRWNDB03,5,2033,0.2118139741472584
REGION1,PWRWNDB03,6,2033,0.3089491857351608
REGION1,PWRWNDB03,7,2033,0.3059197113205673
REGION1,PWRWNDB03,8,2033,0.5120860582026044
REGION1,PWRWNDB03,9,2033,0.1002937487263212
REGION1,PWRWNDB03,10,2033,0.0104638409753462
REGION1,PWRWNDB03,11,2033,0.0121911326041706
REGION1,PWRWNDB03,12,2033,0.0229275799064811
REGION1,PWRWNDB03,13,2033,0.4317646342395365
REGION1,PWRWNDB03,14,2033,0.3781905309252293
REGION1,PWRWNDB03,15,2033,0.2905503980180037
REGION1,PWRWNDB03,16,2033,0.4218258371539292
REGION1,PWRWNDB03,17,2033,0.5555244239624229
REGION1,PWRWNDB03,18,2033,0.5555778415802446
REGION1,PWRWNDB03,19,2033,0.5555610151272775
REGION1,PWRWNDB03,20,2033,0.5555778415802446
REGION1,PWRWNDB03,21,2033,0.1163617920884104
REGION1,PWRWNDB03,22,2033,0.1082316999080332
REGION1,PWRWNDB03,23,2033,0.1473828796088883
REGION1,PWRWNDB03,24,2033,0.0284596370032894
REGION1,PWRWNDB03,25,2033,0.2186099688310617
REGION1,PWRWNDB03,26,2033,0.2933244120326881
REGION1,PWRWNDB03,27,2033,0.4756526431964666
REGION1,PWRWNDB03,28,2033,0.5131402709851974
REGION1,PWRWNDB03,29,2033,0.5555778415802446
REGION1,PWRWNDB03,30,2033,0.5546250063836612
REGION1,PWRWNDB03,31,2033,0.555537275631817
REGION1,PWRWNDB03,32,2033,0.5555778415802446
REGION1,PWRWNDB03,33,2033,0.546958666949953
REGION1,PWRWNDB03,34,2033,0.44475141821328
REGION1,PWRWNDB03,35,2033,0.0947730050694384
REGION1,PWRWNDB03,36,2033,0.0059340958829275
REGION1,PWRWNDB03,37,2033,0.1590916897161275
REGION1,PWRWNDB03,38,2033,0.1093980555525987
REGION1,PWRWNDB03,39,2033,0.0853466820988491
REGION1,PWRWNDB03,40,2033,0.0370148784515758
REGION1,PWRWNDB03,1,2034,0.5555778415802446
REGION1,PWRWNDB03,2,2034,0.5555778415802446
REGION1,PWRWNDB03,3,2034,0.5555778415802446
REGION1,PWRWNDB03,4,2034,0.5548771385523635
REGION1,PWRWNDB03,5,2034,0.2118139741472584
REGION1,PWRWNDB03,6,2034,0.3089491857351608
REGION1,PWRWNDB03,7,2034,0.3059197113205673
REGION1,PWRWNDB03,8,2034,0.5120860582026044
REGION1,PWRWNDB03,9,2034,0.1002937487263212
REGION1,PWRWNDB03,10,2034,0.0104638409753462
REGION1,PWRWNDB03,11,2034,0.0121911326041706
REGION1,PWRWNDB03,12,2034,0.0229275799064811
REGION1,PWRWNDB03,13,2034,0.4317646342395365
REGION1,PWRWNDB03,14,2034,0.3781905309252293
REGION1,PWRWNDB03,15,2034,0.2905503980180037
REGION1,PWRWNDB03,16,2034,0.4218258371539292
REGION1,PWRWNDB03,17,2034,0.5555244239624229
REGION1,PWRWNDB03,18,2034,0.5555778415802446
REGION1,PWRWNDB03,19,2034,0.5555610151272775
REGION1,PWRWNDB03,20,2034,0.5555778415802446
REGION1,PWRWNDB03,21,2034,0.1163617920884104
REGION1,PWRWNDB03,22,2034,0.1082316999080332
REGION1,PWRWNDB03,23,2034,0.1473828796088883
REGION1,PWRWNDB03,24,2034,0.0284596370032894
REGION1,PWRWNDB03,25,2034,0.2186099688310617
REGION1,PWRWNDB03,26,2034,0.2933244120326881
REGION1,PWRWNDB03,27,2034,0.4756526431964666
REGION1,PWRWNDB03,28,2034,0.5131402709851974
REGION1,PWRWNDB03,29,2034,0.5555778415802446
REGION1,PWRWNDB03,30,2034,0.5546250063836612
REGION1,PWRWNDB03,31,2034,0.555537275631817
REGION1,PWRWNDB03,32,2034,0.5555778415802446
REGION1,PWRWNDB03,33,2034,0.546958666949953
REGION1,PWRWNDB03,34,2034,0.44475141821328
REGION1,PWRWNDB03,35,2034,0.0947730050694384
REGION1,PWRWNDB03,36,2034,0.0059340958829275
REGION1,PWRWNDB03,37,2034,0.1590916897161275
REGION1,PWRWNDB03,38,2034,0.1093980555525987
REGION1,PWRWNDB03,39,2034,0.0853466820988491
REGION1,PWRWNDB03,40,2034,0.0370148784515758
REGION1,PWRWNDB03,1,2035,0.5555778415802446
REGION1,PWRWNDB03,2,2035,0.5555778415802446
REGION1,PWRWNDB03,3,2035,0.5555778415802446
REGION1,PWRWNDB03,4,2035,0.5548771385523635
REGION1,PWRWNDB03,5,2035,0.2118139741472584
REGION1,PWRWNDB03,6,2035,0.3089491857351608
REGION1,PWRWNDB03,7,2035,0.3059197113205673
REGION1,PWRWNDB03,8,2035,0.5120860582026044
REGION1,PWRWNDB03,9,2035,0.1002937487263212
REGION1,PWRWNDB03,10,2035,0.0104638409753462
REGION1,PWRWNDB03,11,2035,0.0121911326041706
REGION1,PWRWNDB03,12,2035,0.0229275799064811
REGION1,PWRWNDB03,13,2035,0.4317646342395365
REGION1,PWRWNDB03,14,2035,0.3781905309252293
REGION1,PWRWNDB03,15,2035,0.2905503980180037
REGION1,PWRWNDB03,16,2035,0.4218258371539292
REGION1,PWRWNDB03,17,2035,0.5555244239624229
REGION1,PWRWNDB03,18,2035,0.5555778415802446
REGION1,PWRWNDB03,19,2035,0.5555610151272775
REGION1,PWRWNDB03,20,2035,0.5555778415802446
REGION1,PWRWNDB03,21,2035,0.1163617920884104
REGION1,PWRWNDB03,22,2035,0.1082316999080332
REGION1,PWRWNDB03,23,2035,0.1473828796088883
REGION1,PWRWNDB03,24,2035,0.0284596370032894
REGION1,PWRWNDB03,25,2035,0.2186099688310617
REGION1,PWRWNDB03,26,2035,0.2933244120326881
REGION1,PWRWNDB03,27,2035,0.4756526431964666
REGION1,PWRWNDB03,28,2035,0.5131402709851974
REGION1,PWRWNDB03,29,2035,0.5555778415802446
REGION1,PWRWNDB03,30,2035,0.5546250063836612
REGION1,PWRWNDB03,31,2035,0.555537275631817
REGION1,PWRWNDB03,32,2035,0.5555778415802446
REGION1,PWRWNDB03,33,2035,0.546958666949953
REGION1,PWRWNDB03,34,2035,0.44475141821328
REGION1,PWRWNDB03,35,2035,0.0947730050694384
REGION1,PWRWNDB03,36,2035,0.0059340958829275
REGION1,PWRWNDB03,37,2035,0.1590916897161275
REGION1,PWRWNDB03,38,2035,0.1093980555525987
REGION1,PWRWNDB03,39,2035,0.0853466820988491
REGION1,PWRWNDB03,40,2035,0.0370148784515758
REGION1,PWRWNDB03,1,2036,0.5555778415802446
REGION1,PWRWNDB03,2,2036,0.5555778415802446
REGION1,PWRWNDB03,3,2036,0.5555778415802446
REGION1,PWRWNDB03,4,2036,0.5548771385523635
REGION1,PWRWNDB03,5,2036,0.2118139741472584
REGION1,PWRWNDB03,6,2036,0.3089491857351608
REGION1,PWRWNDB03,7,2036,0.3059197113205673
REGION1,PWRWNDB03,8,2036,0.5120860582026044
REGION1,PWRWNDB03,9,2036,0.1002937487263212
REGION1,PWRWNDB03,10,2036,0.0104638409753462
REGION1,PWRWNDB03,11,2036,0.0121911326041706
REGION1,PWRWNDB03,12,2036,0.0229275799064811
REGION1,PWRWNDB03,13,2036,0.4317646342395365
REGION1,PWRWNDB03,14,2036,0.3781905309252293
REGION1,PWRWNDB03,15,2036,0.2905503980180037
REGION1,PWRWNDB03,16,2036,0.4218258371539292
REGION1,PWRWNDB03,17,2036,0.5555244239624229
REGION1,PWRWNDB03,18,2036,0.5555778415802446
REGION1,PWRWNDB03,19,2036,0.5555610151272775
REGION1,PWRWNDB03,20,2036,0.5555778415802446
REGION1,PWRWNDB03,21,2036,0.1163617920884104
REGION1,PWRWNDB03,22,2036,0.1082316999080332
REGION1,PWRWNDB03,23,2036,0.1473828796088883
REGION1,PWRWNDB03,24,2036,0.0284596370032894
REGION1,PWRWNDB03,25,2036,0.2186099688310617
REGION1,PWRWNDB03,26,2036,0.2933244120326881
REGION1,PWRWNDB03,27,2036,0.4756526431964666
REGION1,PWRWNDB03,28,2036,0.5131402709851974
REGION1,PWRWNDB03,29,2036,0.5555778415802446
REGION1,PWRWNDB03,30,2036,0.5546250063836612
REGION1,PWRWNDB03,31,2036,0.555537275631817
REGION1,PWRWNDB03,32,2036,0.5555778415802446
REGION1,PWRWNDB03,33,2036,0.546958666949953
REGION1,PWRWNDB03,34,2036,0.44475141821328
REGION1,PWRWNDB03,35,2036,0.0947730050694384
REGION1,PWRWNDB03,36,2036,0.0059340958829275
REGION1,PWRWNDB03,37,2036,0.1590916897161275
REGION1,PWRWNDB03,38,2036,0.1093980555525987
REGION1,PWRWNDB03,39,2036,0.0853466820988491
REGION1,PWRWNDB03,40,2036,0.0370148784515758
REGION1,PWRWNDB03,1,2037,0.5555778415802446
REGION1,PWRWNDB03,2,2037,0.5555778415802446
REGION1,PWRWNDB03,3,2037,0.5555778415802446
REGION1,PWRWNDB03,4,2037,0.5548771385523635
REGION1,PWRWNDB03,5,2037,0.2118139741472584
REGION1,PWRWNDB03,6,2037,0.3089491857351608
REGION1,PWRWNDB03,7,2037,0.3059197113205673
REGION1,PWRWNDB03,8,2037,0.5120860582026044
REGION1,PWRWNDB03,9,2037,0.1002937487263212
REGION1,PWRWNDB03,10,2037,0.0104638409753462
REGION1,PWRWNDB03,11,2037,0.0121911326041706
REGION1,PWRWNDB03,12,2037,0.0229275799064811
REGION1,PWRWNDB03,13,2037,0.4317646342395365
REGION1,PWRWNDB03,14,2037,0.3781905309252293
REGION1,PWRWNDB03,15,2037,0.2905503980180037
REGION1,PWRWNDB03,16,2037,0.4218258371539292
REGION1,PWRWNDB03,17,2037,0.5555244239624229
REGION1,PWRWNDB03,18,2037,0.5555778415802446
REGION1,PWRWNDB03,19,2037,0.5555610151272775
REGION1,PWRWNDB03,20,2037,0.5555778415802446
REGION1,PWRWNDB03,21,2037,0.1163617920884104
REGION1,PWRWNDB03,22,2037,0.1082316999080332
REGION1,PWRWNDB03,23,2037,0.1473828796088883
REGION1,PWRWNDB03,24,2037,0.0284596370032894
REGION1,PWRWNDB03,25,2037,0.2186099688310617
REGION1,PWRWNDB03,26,2037,0.2933244120326881
REGION1,PWRWNDB03,27,2037,0.4756526431964666
REGION1,PWRWNDB03,28,2037,0.5131402709851974
REGION1,PWRWNDB03,29,2037,0.5555778415802446
REGION1,PWRWNDB03,30,2037,0.5546250063836612
REGION1,PWRWNDB03,31,2037,0.555537275631817
REGION1,PWRWNDB03,32,2037,0.5555778415802446
REGION1,PWRWNDB03,33,2037,0.546958666949953
REGION1,PWRWNDB03,34,2037,0.44475141821328
REGION1,PWRWNDB03,35,2037,0.0947730050694384
REGION1,PWRWNDB03,36,2037,0.0059340958829275
REGION1,PWRWNDB03,37,2037,0.1590916897161275
REGION1,PWRWNDB03,38,2037,0.1093980555525987
REGION1,PWRWNDB03,39,2037,0.0853466820988491
REGION1,PWRWNDB03,40,2037,0.0370148784515758
REGION1,PWRWNDB03,1,2038,0.5555778415802446
REGION1,PWRWNDB03,2,2038,0.5555778415802446
REGION1,PWRWNDB03,3,2038,0.5555778415802446
REGION1,PWRWNDB03,4,2038,0.5548771385523635
REGION1,PWRWNDB03,5,2038,0.2118139741472584
REGION1,PWRWNDB03,6,2038,0.3089491857351608
REGION1,PWRWNDB03,7,2038,0.3059197113205673
REGION1,PWRWNDB03,8,2038,0.5120860582026044
REGION1,PWRWNDB03,9,2038,0.1002937487263212
REGION1,PWRWNDB03,10,2038,0.0104638409753462
REGION1,PWRWNDB03,11,2038,0.0121911326041706
REGION1,PWRWNDB03,12,2038,0.0229275799064811
REGION1,PWRWNDB03,13,2038,0.4317646342395365
REGION1,PWRWNDB03,14,2038,0.3781905309252293
REGION1,PWRWNDB03,15,2038,0.2905503980180037
REGION1,PWRWNDB03,16,2038,0.4218258371539292
REGION1,PWRWNDB03,17,2038,0.5555244239624229
REGION1,PWRWNDB03,18,2038,0.5555778415802446
REGION1,PWRWNDB03,19,2038,0.5555610151272775
REGION1,PWRWNDB03,20,2038,0.5555778415802446
REGION1,PWRWNDB03,21,2038,0.1163617920884104
REGION1,PWRWNDB03,22,2038,0.1082316999080332
REGION1,PWRWNDB03,23,2038,0.1473828796088883
REGION1,PWRWNDB03,24,2038,0.0284596370032894
REGION1,PWRWNDB03,25,2038,0.2186099688310617
REGION1,PWRWNDB03,26,2038,0.2933244120326881
REGION1,PWRWNDB03,27,2038,0.4756526431964666
REGION1,PWRWNDB03,28,2038,0.5131402709851974
REGION1,PWRWNDB03,29,2038,0.5555778415802446
REGION1,PWRWNDB03,30,2038,0.5546250063836612
REGION1,PWRWNDB03,31,2038,0.555537275631817
REGION1,PWRWNDB03,32,2038,0.5555778415802446
REGION1,PWRWNDB03,33,2038,0.546958666949953
REGION1,PWRWNDB03,34,2038,0.44475141821328
REGION1,PWRWNDB03,35,2038,0.0947730050694384
REGION1,PWRWNDB03,36,2038,0.0059340958829275
REGION1,PWRWNDB03,37,2038,0.1590916897161275
REGION1,PWRWNDB03,38,2038,0.1093980555525987
REGION1,PWRWNDB03,39,2038,0.0853466820988491
REGION1,PWRWNDB03,40,2038,0.0370148784515758
REGION1,PWRWNDB03,1,2039,0.5555778415802446
REGION1,PWRWNDB03,2,2039,0.5555778415802446
REGION1,PWRWNDB03,3,2039,0.5555778415802446
REGION1,PWRWNDB03,4,2039,0.5548771385523635
REGION1,PWRWNDB03,5,2039,0.2118139741472584
REGION1,PWRWNDB03,6,2039,0.3089491857351608
REGION1,PWRWNDB03,7,2039,0.3059197113205673
REGION1,PWRWNDB03,8,2039,0.5120860582026044
REGION1,PWRWNDB03,9,2039,0.1002937487263212
REGION1,PWRWNDB03,10,2039,0.0104638409753462
REGION1,PWRWNDB03,11,2039,0.0121911326041706
REGION1,PWRWNDB03,12,2039,0.0229275799064811
REGION1,PWRWNDB03,13,2039,0.4317646342395365
REGION1,PWRWNDB03,14,2039,0.3781905309252293
REGION1,PWRWNDB03,15,2039,0.2905503980180037
REGION1,PWRWNDB03,16,2039,0.4218258371539292
REGION1,PWRWNDB03,17,2039,0.5555244239624229
REGION1,PWRWNDB03,18,2039,0.5555778415802446
REGION1,PWRWNDB03,19,2039,0.5555610151272775
REGION1,PWRWNDB03,20,2039,0.5555778415802446
REGION1,PWRWNDB03,21,2039,0.1163617920884104
REGION1,PWRWNDB03,22,2039,0.1082316999080332
REGION1,PWRWNDB03,23,2039,0.1473828796088883
REGION1,PWRWNDB03,24,2039,0.0284596370032894
REGION1,PWRWNDB03,25,2039,0.2186099688310617
REGION1,PWRWNDB03,26,2039,0.2933244120326881
REGION1,PWRWNDB03,27,2039,0.4756526431964666
REGION1,PWRWNDB03,28,2039,0.5131402709851974
REGION1,PWRWNDB03,29,2039,0.5555778415802446
REGION1,PWRWNDB03,30,2039,0.5546250063836612
REGION1,PWRWNDB03,31,2039,0.555537275631817
REGION1,PWRWNDB03,32,2039,0.5555778415802446
REGION1,PWRWNDB03,33,2039,0.546958666949953
REGION1,PWRWNDB03,34,2039,0.44475141821328
REGION1,PWRWNDB03,35,2039,0.0947730050694384
REGION1,PWRWNDB03,36,2039,0.0059340958829275
REGION1,PWRWNDB03,37,2039,0.1590916897161275
REGION1,PWRWNDB03,38,2039,0.1093980555525987
REGION1,PWRWNDB03,39,2039,0.0853466820988491
REGION1,PWRWNDB03,40,2039,0.0370148784515758
REGION1,PWRWNDB03,1,2040,0.5555778415802446
REGION1,PWRWNDB03,2,2040,0.5555778415802446
REGION1,PWRWNDB03,3,2040,0.5555778415802446
REGION1,PWRWNDB03,4,2040,0.5548771385523635
REGION1,PWRWNDB03,5,2040,0.2118139741472584
REGION1,PWRWNDB03,6,2040,0.3089491857351608
REGION1,PWRWNDB03,7,2040,0.3059197113205673
REGION1,PWRWNDB03,8,2040,0.5120860582026044
REGION1,PWRWNDB03,9,2040,0.1002937487263212
REGION1,PWRWNDB03,10,2040,0.0104638409753462
REGION1,PWRWNDB03,11,2040,0.0121911326041706
REGION1,PWRWNDB03,12,2040,0.0229275799064811
REGION1,PWRWNDB03,13,2040,0.4317646342395365
REGION1,PWRWNDB03,14,2040,0.3781905309252293
REGION1,PWRWNDB03,15,2040,0.2905503980180037
REGION1,PWRWNDB03,16,2040,0.4218258371539292
REGION1,PWRWNDB03,17,2040,0.5555244239624229
REGION1,PWRWNDB03,18,2040,0.5555778415802446
REGION1,PWRWNDB03,19,2040,0.5555610151272775
REGION1,PWRWNDB03,20,2040,0.5555778415802446
REGION1,PWRWNDB03,21,2040,0.1163617920884104
REGION1,PWRWNDB03,22,2040,0.1082316999080332
REGION1,PWRWNDB03,23,2040,0.1473828796088883
REGION1,PWRWNDB03,24,2040,0.0284596370032894
REGION1,PWRWNDB03,25,2040,0.2186099688310617
REGION1,PWRWNDB03,26,2040,0.2933244120326881
REGION1,PWRWNDB03,27,2040,0.4756526431964666
REGION1,PWRWNDB03,28,2040,0.5131402709851974
REGION1,PWRWNDB03,29,2040,0.5555778415802446
REGION1,PWRWNDB03,30,2040,0.5546250063836612
REGION1,PWRWNDB03,31,2040,0.555537275631817
REGION1,PWRWNDB03,32,2040,0.5555778415802446
REGION1,PWRWNDB03,33,2040,0.546958666949953
REGION1,PWRWNDB03,34,2040,0.44475141821328
REGION1,PWRWNDB03,35,2040,0.0947730050694384
REGION1,PWRWNDB03,36,2040,0.0059340958829275
REGION1,PWRWNDB03,37,2040,0.1590916897161275
REGION1,PWRWNDB03,38,2040,0.1093980555525987
REGION1,PWRWNDB03,39,2040,0.0853466820988491
REGION1,PWRWNDB03,40,2040,0.0370148784515758
REGION1,PWRWNDB03,1,2041,0.5555778415802446
REGION1,PWRWNDB03,2,2041,0.5555778415802446
REGION1,PWRWNDB03,3,2041,0.5555778415802446
REGION1,PWRWNDB03,4,2041,0.5548771385523635
REGION1,PWRWNDB03,5,2041,0.2118139741472584
REGION1,PWRWNDB03,6,2041,0.3089491857351608
REGION1,PWRWNDB03,7,2041,0.3059197113205673
REGION1,PWRWNDB03,8,2041,0.5120860582026044
REGION1,PWRWNDB03,9,2041,0.1002937487263212
REGION1,PWRWNDB03,10,2041,0.0104638409753462
REGION1,PWRWNDB03,11,2041,0.0121911326041706
REGION1,PWRWNDB03,12,2041,0.0229275799064811
REGION1,PWRWNDB03,13,2041,0.4317646342395365
REGION1,PWRWNDB03,14,2041,0.3781905309252293
REGION1,PWRWNDB03,15,2041,0.2905503980180037
REGION1,PWRWNDB03,16,2041,0.4218258371539292
REGION1,PWRWNDB03,17,2041,0.5555244239624229
REGION1,PWRWNDB03,18,2041,0.5555778415802446
REGION1,PWRWNDB03,19,2041,0.5555610151272775
REGION1,PWRWNDB03,20,2041,0.5555778415802446
REGION1,PWRWNDB03,21,2041,0.1163617920884104
REGION1,PWRWNDB03,22,2041,0.1082316999080332
REGION1,PWRWNDB03,23,2041,0.1473828796088883
REGION1,PWRWNDB03,24,2041,0.0284596370032894
REGION1,PWRWNDB03,25,2041,0.2186099688310617
REGION1,PWRWNDB03,26,2041,0.2933244120326881
REGION1,PWRWNDB03,27,2041,0.4756526431964666
REGION1,PWRWNDB03,28,2041,0.5131402709851974
REGION1,PWRWNDB03,29,2041,0.5555778415802446
REGION1,PWRWNDB03,30,2041,0.5546250063836612
REGION1,PWRWNDB03,31,2041,0.555537275631817
REGION1,PWRWNDB03,32,2041,0.5555778415802446
REGION1,PWRWNDB03,33,2041,0.546958666949953
REGION1,PWRWNDB03,34,2041,0.44475141821328
REGION1,PWRWNDB03,35,2041,0.0947730050694384
REGION1,PWRWNDB03,36,2041,0.0059340958829275
REGION1,PWRWNDB03,37,2041,0.1590916897161275
REGION1,PWRWNDB03,38,2041,0.1093980555525987
REGION1,PWRWNDB03,39,2041,0.0853466820988491
REGION1,PWRWNDB03,40,2041,0.0370148784515758
REGION1,PWRWNDB03,1,2042,0.5555778415802446
REGION1,PWRWNDB03,2,2042,0.5555778415802446
REGION1,PWRWNDB03,3,2042,0.5555778415802446
REGION1,PWRWNDB03,4,2042,0.5548771385523635
REGION1,PWRWNDB03,5,2042,0.2118139741472584
REGION1,PWRWNDB03,6,2042,0.3089491857351608
REGION1,PWRWNDB03,7,2042,0.3059197113205673
REGION1,PWRWNDB03,8,2042,0.5120860582026044
REGION1,PWRWNDB03,9,2042,0.1002937487263212
REGION1,PWRWNDB03,10,2042,0.0104638409753462
REGION1,PWRWNDB03,11,2042,0.0121911326041706
REGION1,PWRWNDB03,12,2042,0.0229275799064811
REGION1,PWRWNDB03,13,2042,0.4317646342395365
REGION1,PWRWNDB03,14,2042,0.3781905309252293
REGION1,PWRWNDB03,15,2042,0.2905503980180037
REGION1,PWRWNDB03,16,2042,0.4218258371539292
REGION1,PWRWNDB03,17,2042,0.5555244239624229
REGION1,PWRWNDB03,18,2042,0.5555778415802446
REGION1,PWRWNDB03,19,2042,0.5555610151272775
REGION1,PWRWNDB03,20,2042,0.5555778415802446
REGION1,PWRWNDB03,21,2042,0.1163617920884104
REGION1,PWRWNDB03,22,2042,0.1082316999080332
REGION1,PWRWNDB03,23,2042,0.1473828796088883
REGION1,PWRWNDB03,24,2042,0.0284596370032894
REGION1,PWRWNDB03,25,2042,0.2186099688310617
REGION1,PWRWNDB03,26,2042,0.2933244120326881
REGION1,PWRWNDB03,27,2042,0.4756526431964666
REGION1,PWRWNDB03,28,2042,0.5131402709851974
REGION1,PWRWNDB03,29,2042,0.5555778415802446
REGION1,PWRWNDB03,30,2042,0.5546250063836612
REGION1,PWRWNDB03,31,2042,0.555537275631817
REGION1,PWRWNDB03,32,2042,0.5555778415802446
REGION1,PWRWNDB03,33,2042,0.546958666949953
REGION1,PWRWNDB03,34,2042,0.44475141821328
REGION1,PWRWNDB03,35,2042,0.0947730050694384
REGION1,PWRWNDB03,36,2042,0.0059340958829275
REGION1,PWRWNDB03,37,2042,0.1590916897161275
REGION1,PWRWNDB03,38,2042,0.1093980555525987
REGION1,PWRWNDB03,39,2042,0.0853466820988491
REGION1,PWRWNDB03,40,2042,0.0370148784515758
REGION1,PWRWNDB03,1,2043,0.5555778415802446
REGION1,PWRWNDB03,2,2043,0.5555778415802446
REGION1,PWRWNDB03,3,2043,0.5555778415802446
REGION1,PWRWNDB03,4,2043,0.5548771385523635
REGION1,PWRWNDB03,5,2043,0.2118139741472584
REGION1,PWRWNDB03,6,2043,0.3089491857351608
REGION1,PWRWNDB03,7,2043,0.3059197113205673
REGION1,PWRWNDB03,8,2043,0.5120860582026044
REGION1,PWRWNDB03,9,2043,0.1002937487263212
REGION1,PWRWNDB03,10,2043,0.0104638409753462
REGION1,PWRWNDB03,11,2043,0.0121911326041706
REGION1,PWRWNDB03,12,2043,0.0229275799064811
REGION1,PWRWNDB03,13,2043,0.4317646342395365
REGION1,PWRWNDB03,14,2043,0.3781905309252293
REGION1,PWRWNDB03,15,2043,0.2905503980180037
REGION1,PWRWNDB03,16,2043,0.4218258371539292
REGION1,PWRWNDB03,17,2043,0.5555244239624229
REGION1,PWRWNDB03,18,2043,0.5555778415802446
REGION1,PWRWNDB03,19,2043,0.5555610151272775
REGION1,PWRWNDB03,20,2043,0.5555778415802446
REGION1,PWRWNDB03,21,2043,0.1163617920884104
REGION1,PWRWNDB03,22,2043,0.1082316999080332
REGION1,PWRWNDB03,23,2043,0.1473828796088883
REGION1,PWRWNDB03,24,2043,0.0284596370032894
REGION1,PWRWNDB03,25,2043,0.2186099688310617
REGION1,PWRWNDB03,26,2043,0.2933244120326881
REGION1,PWRWNDB03,27,2043,0.4756526431964666
REGION1,PWRWNDB03,28,2043,0.5131402709851974
REGION1,PWRWNDB03,29,2043,0.5555778415802446
REGION1,PWRWNDB03,30,2043,0.5546250063836612
REGION1,PWRWNDB03,31,2043,0.555537275631817
REGION1,PWRWNDB03,32,2043,0.5555778415802446
REGION1,PWRWNDB03,33,2043,0.546958666949953
REGION1,PWRWNDB03,34,2043,0.44475141821328
REGION1,PWRWNDB03,35,2043,0.0947730050694384
REGION1,PWRWNDB03,36,2043,0.0059340958829275
REGION1,PWRWNDB03,37,2043,0.1590916897161275
REGION1,PWRWNDB03,38,2043,0.1093980555525987
REGION1,PWRWNDB03,39,2043,0.0853466820988491
REGION1,PWRWNDB03,40,2043,0.0370148784515758
REGION1,PWRWNDB03,1,2044,0.5555778415802446
REGION1,PWRWNDB03,2,2044,0.5555778415802446
REGION1,PWRWNDB03,3,2044,0.5555778415802446
REGION1,PWRWNDB03,4,2044,0.5548771385523635
REGION1,PWRWNDB03,5,2044,0.2118139741472584
REGION1,PWRWNDB03,6,2044,0.3089491857351608
REGION1,PWRWNDB03,7,2044,0.3059197113205673
REGION1,PWRWNDB03,8,2044,0.5120860582026044
REGION1,PWRWNDB03,9,2044,0.1002937487263212
REGION1,PWRWNDB03,10,2044,0.0104638409753462
REGION1,PWRWNDB03,11,2044,0.0121911326041706
REGION1,PWRWNDB03,12,2044,0.0229275799064811
REGION1,PWRWNDB03,13,2044,0.4317646342395365
REGION1,PWRWNDB03,14,2044,0.3781905309252293
REGION1,PWRWNDB03,15,2044,0.2905503980180037
REGION1,PWRWNDB03,16,2044,0.4218258371539292
REGION1,PWRWNDB03,17,2044,0.5555244239624229
REGION1,PWRWNDB03,18,2044,0.5555778415802446
REGION1,PWRWNDB03,19,2044,0.5555610151272775
REGION1,PWRWNDB03,20,2044,0.5555778415802446
REGION1,PWRWNDB03,21,2044,0.1163617920884104
REGION1,PWRWNDB03,22,2044,0.1082316999080332
REGION1,PWRWNDB03,23,2044,0.1473828796088883
REGION1,PWRWNDB03,24,2044,0.0284596370032894
REGION1,PWRWNDB03,25,2044,0.2186099688310617
REGION1,PWRWNDB03,26,2044,0.2933244120326881
REGION1,PWRWNDB03,27,2044,0.4756526431964666
REGION1,PWRWNDB03,28,2044,0.5131402709851974
REGION1,PWRWNDB03,29,2044,0.5555778415802446
REGION1,PWRWNDB03,30,2044,0.5546250063836612
REGION1,PWRWNDB03,31,2044,0.555537275631817
REGION1,PWRWNDB03,32,2044,0.5555778415802446
REGION1,PWRWNDB03,33,2044,0.546958666949953
REGION1,PWRWNDB03,34,2044,0.44475141821328
REGION1,PWRWNDB03,35,2044,0.0947730050694384
REGION1,PWRWNDB03,36,2044,0.0059340958829275
REGION1,PWRWNDB03,37,2044,0.1590916897161275
REGION1,PWRWNDB03,38,2044,0.1093980555525987
REGION1,PWRWNDB03,39,2044,0.0853466820988491
REGION1,PWRWNDB03,40,2044,0.0370148784515758
REGION1,PWRWNDB03,1,2045,0.5555778415802446
REGION1,PWRWNDB03,2,2045,0.5555778415802446
REGION1,PWRWNDB03,3,2045,0.5555778415802446
REGION1,PWRWNDB03,4,2045,0.5548771385523635
REGION1,PWRWNDB03,5,2045,0.2118139741472584
REGION1,PWRWNDB03,6,2045,0.3089491857351608
REGION1,PWRWNDB03,7,2045,0.3059197113205673
REGION1,PWRWNDB03,8,2045,0.5120860582026044
REGION1,PWRWNDB03,9,2045,0.1002937487263212
REGION1,PWRWNDB03,10,2045,0.0104638409753462
REGION1,PWRWNDB03,11,2045,0.0121911326041706
REGION1,PWRWNDB03,12,2045,0.0229275799064811
REGION1,PWRWNDB03,13,2045,0.4317646342395365
REGION1,PWRWNDB03,14,2045,0.3781905309252293
REGION1,PWRWNDB03,15,2045,0.2905503980180037
REGION1,PWRWNDB03,16,2045,0.4218258371539292
REGION1,PWRWNDB03,17,2045,0.5555244239624229
REGION1,PWRWNDB03,18,2045,0.5555778415802446
REGION1,PWRWNDB03,19,2045,0.5555610151272775
REGION1,PWRWNDB03,20,2045,0.5555778415802446
REGION1,PWRWNDB03,21,2045,0.1163617920884104
REGION1,PWRWNDB03,22,2045,0.1082316999080332
REGION1,PWRWNDB03,23,2045,0.1473828796088883
REGION1,PWRWNDB03,24,2045,0.0284596370032894
REGION1,PWRWNDB03,25,2045,0.2186099688310617
REGION1,PWRWNDB03,26,2045,0.2933244120326881
REGION1,PWRWNDB03,27,2045,0.4756526431964666
REGION1,PWRWNDB03,28,2045,0.5131402709851974
REGION1,PWRWNDB03,29,2045,0.5555778415802446
REGION1,PWRWNDB03,30,2045,0.5546250063836612
REGION1,PWRWNDB03,31,2045,0.555537275631817
REGION1,PWRWNDB03,32,2045,0.5555778415802446
REGION1,PWRWNDB03,33,2045,0.546958666949953
REGION1,PWRWNDB03,34,2045,0.44475141821328
REGION1,PWRWNDB03,35,2045,0.0947730050694384
REGION1,PWRWNDB03,36,2045,0.0059340958829275
REGION1,PWRWNDB03,37,2045,0.1590916897161275
REGION1,PWRWNDB03,38,2045,0.1093980555525987
REGION1,PWRWNDB03,39,2045,0.0853466820988491
REGION1,PWRWNDB03,40,2045,0.0370148784515758
REGION1,PWRWNDB03,1,2046,0.5555778415802446
REGION1,PWRWNDB03,2,2046,0.5555778415802446
REGION1,PWRWNDB03,3,2046,0.5555778415802446
REGION1,PWRWNDB03,4,2046,0.5548771385523635
REGION1,PWRWNDB03,5,2046,0.2118139741472584
REGION1,PWRWNDB03,6,2046,0.3089491857351608
REGION1,PWRWNDB03,7,2046,0.3059197113205673
REGION1,PWRWNDB03,8,2046,0.5120860582026044
REGION1,PWRWNDB03,9,2046,0.1002937487263212
REGION1,PWRWNDB03,10,2046,0.0104638409753462
REGION1,PWRWNDB03,11,2046,0.0121911326041706
REGION1,PWRWNDB03,12,2046,0.0229275799064811
REGION1,PWRWNDB03,13,2046,0.4317646342395365
REGION1,PWRWNDB03,14,2046,0.3781905309252293
REGION1,PWRWNDB03,15,2046,0.2905503980180037
REGION1,PWRWNDB03,16,2046,0.4218258371539292
REGION1,PWRWNDB03,17,2046,0.5555244239624229
REGION1,PWRWNDB03,18,2046,0.5555778415802446
REGION1,PWRWNDB03,19,2046,0.5555610151272775
REGION1,PWRWNDB03,20,2046,0.5555778415802446
REGION1,PWRWNDB03,21,2046,0.1163617920884104
REGION1,PWRWNDB03,22,2046,0.1082316999080332
REGION1,PWRWNDB03,23,2046,0.1473828796088883
REGION1,PWRWNDB03,24,2046,0.0284596370032894
REGION1,PWRWNDB03,25,2046,0.2186099688310617
REGION1,PWRWNDB03,26,2046,0.2933244120326881
REGION1,PWRWNDB03,27,2046,0.4756526431964666
REGION1,PWRWNDB03,28,2046,0.5131402709851974
REGION1,PWRWNDB03,29,2046,0.5555778415802446
REGION1,PWRWNDB03,30,2046,0.5546250063836612
REGION1,PWRWNDB03,31,2046,0.555537275631817
REGION1,PWRWNDB03,32,2046,0.5555778415802446
REGION1,PWRWNDB03,33,2046,0.546958666949953
REGION1,PWRWNDB03,34,2046,0.44475141821328
REGION1,PWRWNDB03,35,2046,0.0947730050694384
REGION1,PWRWNDB03,36,2046,0.0059340958829275
REGION1,PWRWNDB03,37,2046,0.1590916897161275
REGION1,PWRWNDB03,38,2046,0.1093980555525987
REGION1,PWRWNDB03,39,2046,0.0853466820988491
REGION1,PWRWNDB03,40,2046,0.0370148784515758
REGION1,PWRWNDB03,1,2047,0.5555778415802446
REGION1,PWRWNDB03,2,2047,0.5555778415802446
REGION1,PWRWNDB03,3,2047,0.5555778415802446
REGION1,PWRWNDB03,4,2047,0.5548771385523635
REGION1,PWRWNDB03,5,2047,0.2118139741472584
REGION1,PWRWNDB03,6,2047,0.3089491857351608
REGION1,PWRWNDB03,7,2047,0.3059197113205673
REGION1,PWRWNDB03,8,2047,0.5120860582026044
REGION1,PWRWNDB03,9,2047,0.1002937487263212
REGION1,PWRWNDB03,10,2047,0.0104638409753462
REGION1,PWRWNDB03,11,2047,0.0121911326041706
REGION1,PWRWNDB03,12,2047,0.0229275799064811
REGION1,PWRWNDB03,13,2047,0.4317646342395365
REGION1,PWRWNDB03,14,2047,0.3781905309252293
REGION1,PWRWNDB03,15,2047,0.2905503980180037
REGION1,PWRWNDB03,16,2047,0.4218258371539292
REGION1,PWRWNDB03,17,2047,0.5555244239624229
REGION1,PWRWNDB03,18,2047,0.5555778415802446
REGION1,PWRWNDB03,19,2047,0.5555610151272775
REGION1,PWRWNDB03,20,2047,0.5555778415802446
REGION1,PWRWNDB03,21,2047,0.1163617920884104
REGION1,PWRWNDB03,22,2047,0.1082316999080332
REGION1,PWRWNDB03,23,2047,0.1473828796088883
REGION1,PWRWNDB03,24,2047,0.0284596370032894
REGION1,PWRWNDB03,25,2047,0.2186099688310617
REGION1,PWRWNDB03,26,2047,0.2933244120326881
REGION1,PWRWNDB03,27,2047,0.4756526431964666
REGION1,PWRWNDB03,28,2047,0.5131402709851974
REGION1,PWRWNDB03,29,2047,0.5555778415802446
REGION1,PWRWNDB03,30,2047,0.5546250063836612
REGION1,PWRWNDB03,31,2047,0.555537275631817
REGION1,PWRWNDB03,32,2047,0.5555778415802446
REGION1,PWRWNDB03,33,2047,0.546958666949953
REGION1,PWRWNDB03,34,2047,0.44475141821328
REGION1,PWRWNDB03,35,2047,0.0947730050694384
REGION1,PWRWNDB03,36,2047,0.0059340958829275
REGION1,PWRWNDB03,37,2047,0.1590916897161275
REGION1,PWRWNDB03,38,2047,0.1093980555525987
REGION1,PWRWNDB03,39,2047,0.0853466820988491
REGION1,PWRWNDB03,40,2047,0.0370148784515758
REGION1,PWRWNDB03,1,2048,0.5555778415802446
REGION1,PWRWNDB03,2,2048,0.5555778415802446
REGION1,PWRWNDB03,3,2048,0.5555778415802446
REGION1,PWRWNDB03,4,2048,0.5548771385523635
REGION1,PWRWNDB03,5,2048,0.2118139741472584
REGION1,PWRWNDB03,6,2048,0.3089491857351608
REGION1,PWRWNDB03,7,2048,0.3059197113205673
REGION1,PWRWNDB03,8,2048,0.5120860582026044
REGION1,PWRWNDB03,9,2048,0.1002937487263212
REGION1,PWRWNDB03,10,2048,0.0104638409753462
REGION1,PWRWNDB03,11,2048,0.0121911326041706
REGION1,PWRWNDB03,12,2048,0.0229275799064811
REGION1,PWRWNDB03,13,2048,0.4317646342395365
REGION1,PWRWNDB03,14,2048,0.3781905309252293
REGION1,PWRWNDB03,15,2048,0.2905503980180037
REGION1,PWRWNDB03,16,2048,0.4218258371539292
REGION1,PWRWNDB03,17,2048,0.5555244239624229
REGION1,PWRWNDB03,18,2048,0.5555778415802446
REGION1,PWRWNDB03,19,2048,0.5555610151272775
REGION1,PWRWNDB03,20,2048,0.5555778415802446
REGION1,PWRWNDB03,21,2048,0.1163617920884104
REGION1,PWRWNDB03,22,2048,0.1082316999080332
REGION1,PWRWNDB03,23,2048,0.1473828796088883
REGION1,PWRWNDB03,24,2048,0.0284596370032894
REGION1,PWRWNDB03,25,2048,0.2186099688310617
REGION1,PWRWNDB03,26,2048,0.2933244120326881
REGION1,PWRWNDB03,27,2048,0.4756526431964666
REGION1,PWRWNDB03,28,2048,0.5131402709851974
REGION1,PWRWNDB03,29,2048,0.5555778415802446
REGION1,PWRWNDB03,30,2048,0.5546250063836612
REGION1,PWRWNDB03,31,2048,0.555537275631817
REGION1,PWRWNDB03,32,2048,0.5555778415802446
REGION1,PWRWNDB03,33,2048,0.546958666949953
REGION1,PWRWNDB03,34,2048,0.44475141821328
REGION1,PWRWNDB03,35,2048,0.0947730050694384
REGION1,PWRWNDB03,36,2048,0.0059340958829275
REGION1,PWRWNDB03,37,2048,0.1590916897161275
REGION1,PWRWNDB03,38,2048,0.1093980555525987
REGION1,PWRWNDB03,39,2048,0.0853466820988491
REGION1,PWRWNDB03,40,2048,0.0370148784515758
REGION1,PWRWNDB03,1,2049,0.5555778415802446
REGION1,PWRWNDB03,2,2049,0.5555778415802446
REGION1,PWRWNDB03,3,2049,0.5555778415802446
REGION1,PWRWNDB03,4,2049,0.5548771385523635
REGION1,PWRWNDB03,5,2049,0.2118139741472584
REGION1,PWRWNDB03,6,2049,0.3089491857351608
REGION1,PWRWNDB03,7,2049,0.3059197113205673
REGION1,PWRWNDB03,8,2049,0.5120860582026044
REGION1,PWRWNDB03,9,2049,0.1002937487263212
REGION1,PWRWNDB03,10,2049,0.0104638409753462
REGION1,PWRWNDB03,11,2049,0.0121911326041706
REGION1,PWRWNDB03,12,2049,0.0229275799064811
REGION1,PWRWNDB03,13,2049,0.4317646342395365
REGION1,PWRWNDB03,14,2049,0.3781905309252293
REGION1,PWRWNDB03,15,2049,0.2905503980180037
REGION1,PWRWNDB03,16,2049,0.4218258371539292
REGION1,PWRWNDB03,17,2049,0.5555244239624229
REGION1,PWRWNDB03,18,2049,0.5555778415802446
REGION1,PWRWNDB03,19,2049,0.5555610151272775
REGION1,PWRWNDB03,20,2049,0.5555778415802446
REGION1,PWRWNDB03,21,2049,0.1163617920884104
REGION1,PWRWNDB03,22,2049,0.1082316999080332
REGION1,PWRWNDB03,23,2049,0.1473828796088883
REGION1,PWRWNDB03,24,2049,0.0284596370032894
REGION1,PWRWNDB03,25,2049,0.2186099688310617
REGION1,PWRWNDB03,26,2049,0.2933244120326881
REGION1,PWRWNDB03,27,2049,0.4756526431964666
REGION1,PWRWNDB03,28,2049,0.5131402709851974
REGION1,PWRWNDB03,29,2049,0.5555778415802446
REGION1,PWRWNDB03,30,2049,0.5546250063836612
REGION1,PWRWNDB03,31,2049,0.555537275631817
REGION1,PWRWNDB03,32,2049,0.5555778415802446
REGION1,PWRWNDB03,33,2049,0.546958666949953
REGION1,PWRWNDB03,34,2049,0.44475141821328
REGION1,PWRWNDB03,35,2049,0.0947730050694384
REGION1,PWRWNDB03,36,2049,0.0059340958829275
REGION1,PWRWNDB03,37,2049,0.1590916897161275
REGION1,PWRWNDB03,38,2049,0.1093980555525987
REGION1,PWRWNDB03,39,2049,0.0853466820988491
REGION1,PWRWNDB03,40,2049,0.0370148784515758
REGION1,PWRWNDB03,1,2050,0.5555778415802446
REGION1,PWRWNDB03,2,2050,0.5555778415802446
REGION1,PWRWNDB03,3,2050,0.5555778415802446
REGION1,PWRWNDB03,4,2050,0.5548771385523635
REGION1,PWRWNDB03,5,2050,0.2118139741472584
REGION1,PWRWNDB03,6,2050,0.3089491857351608
REGION1,PWRWNDB03,7,2050,0.3059197113205673
REGION1,PWRWNDB03,8,2050,0.5120860582026044
REGION1,PWRWNDB03,9,2050,0.1002937487263212
REGION1,PWRWNDB03,10,2050,0.0104638409753462
REGION1,PWRWNDB03,11,2050,0.0121911326041706
REGION1,PWRWNDB03,12,2050,0.0229275799064811
REGION1,PWRWNDB03,13,2050,0.4317646342395365
REGION1,PWRWNDB03,14,2050,0.3781905309252293
REGION1,PWRWNDB03,15,2050,0.2905503980180037
REGION1,PWRWNDB03,16,2050,0.4218258371539292
REGION1,PWRWNDB03,17,2050,0.5555244239624229
REGION1,PWRWNDB03,18,2050,0.5555778415802446
REGION1,PWRWNDB03,19,2050,0.5555610151272775
REGION1,PWRWNDB03,20,2050,0.5555778415802446
REGION1,PWRWNDB03,21,2050,0.1163617920884104
REGION1,PWRWNDB03,22,2050,0.1082316999080332
REGION1,PWRWNDB03,23,2050,0.1473828796088883
REGION1,PWRWNDB03,24,2050,0.0284596370032894
REGION1,PWRWNDB03,25,2050,0.2186099688310617
REGION1,PWRWNDB03,26,2050,0.2933244120326881
REGION1,PWRWNDB03,27,2050,0.4756526431964666
REGION1,PWRWNDB03,28,2050,0.5131402709851974
REGION1,PWRWNDB03,29,2050,0.5555778415802446
REGION1,PWRWNDB03,30,2050,0.5546250063836612
REGION1,PWRWNDB03,31,2050,0.555537275631817
REGION1,PWRWNDB03,32,2050,0.5555778415802446
REGION1,PWRWNDB03,33,2050,0.546958666949953
REGION1,PWRWNDB03,34,2050,0.44475141821328
REGION1,PWRWNDB03,35,2050,0.0947730050694384
REGION1,PWRWNDB03,36,2050,0.0059340958829275
REGION1,PWRWNDB03,37,2050,0.1590916897161275
REGION1,PWRWNDB03,38,2050,0.1093980555525987
REGION1,PWRWNDB03,39,2050,0.0853466820988491
REGION1,PWRWNDB03,40,2050,0.0370148784515758
REGION1,PWRWNDB04,1,2020,0.5837399937204751
REGION1,PWRWNDB04,2,2020,0.5837399937204751
REGION1,PWRWNDB04,3,2020,0.5837364661865183
REGION1,PWRWNDB04,4,2020,0.5688394138339387
REGION1,PWRWNDB04,5,2020,0.1850425464202462
REGION1,PWRWNDB04,6,2020,0.1686887213013632
REGION1,PWRWNDB04,7,2020,0.3211082465285379
REGION1,PWRWNDB04,8,2020,0.4649582458618557
REGION1,PWRWNDB04,9,2020,0.1342718070729902
REGION1,PWRWNDB04,10,2020,0.0101205695505717
REGION1,PWRWNDB04,11,2020,0.0101205695505717
REGION1,PWRWNDB04,12,2020,0.0193517725358888
REGION1,PWRWNDB04,13,2020,0.480600759767005
REGION1,PWRWNDB04,14,2020,0.3342735501864984
REGION1,PWRWNDB04,15,2020,0.2212230797200406
REGION1,PWRWNDB04,16,2020,0.4406055236355011
REGION1,PWRWNDB04,17,2020,0.5749362189700457
REGION1,PWRWNDB04,18,2020,0.5837002816887141
REGION1,PWRWNDB04,19,2020,0.5831707976410787
REGION1,PWRWNDB04,20,2020,0.5837399937204751
REGION1,PWRWNDB04,21,2020,0.1035668398260997
REGION1,PWRWNDB04,22,2020,0.0614902952631774
REGION1,PWRWNDB04,23,2020,0.1004472427569972
REGION1,PWRWNDB04,24,2020,0.0113132438277166
REGION1,PWRWNDB04,25,2020,0.1161007087872886
REGION1,PWRWNDB04,26,2020,0.336898105310473
REGION1,PWRWNDB04,27,2020,0.4256381492578001
REGION1,PWRWNDB04,28,2020,0.5516392953955762
REGION1,PWRWNDB04,29,2020,0.5837399937204751
REGION1,PWRWNDB04,30,2020,0.5821138619812535
REGION1,PWRWNDB04,31,2020,0.5817042445727324
REGION1,PWRWNDB04,32,2020,0.5837399937204751
REGION1,PWRWNDB04,33,2020,0.5202342379583643
REGION1,PWRWNDB04,34,2020,0.4563227879850557
REGION1,PWRWNDB04,35,2020,0.0589245855712173
REGION1,PWRWNDB04,36,2020,0.0185589665609832
REGION1,PWRWNDB04,37,2020,0.1323251967394983
REGION1,PWRWNDB04,38,2020,0.1460988822022273
REGION1,PWRWNDB04,39,2020,0.1715097154160026
REGION1,PWRWNDB04,40,2020,0.1139127718362613
REGION1,PWRWNDB04,1,2021,0.5837399937204751
REGION1,PWRWNDB04,2,2021,0.5837399937204751
REGION1,PWRWNDB04,3,2021,0.5837364661865183
REGION1,PWRWNDB04,4,2021,0.5688394138339387
REGION1,PWRWNDB04,5,2021,0.1850425464202462
REGION1,PWRWNDB04,6,2021,0.1686887213013632
REGION1,PWRWNDB04,7,2021,0.3211082465285379
REGION1,PWRWNDB04,8,2021,0.4649582458618557
REGION1,PWRWNDB04,9,2021,0.1342718070729902
REGION1,PWRWNDB04,10,2021,0.0101205695505717
REGION1,PWRWNDB04,11,2021,0.0101205695505717
REGION1,PWRWNDB04,12,2021,0.0193517725358888
REGION1,PWRWNDB04,13,2021,0.480600759767005
REGION1,PWRWNDB04,14,2021,0.3342735501864984
REGION1,PWRWNDB04,15,2021,0.2212230797200406
REGION1,PWRWNDB04,16,2021,0.4406055236355011
REGION1,PWRWNDB04,17,2021,0.5749362189700457
REGION1,PWRWNDB04,18,2021,0.5837002816887141
REGION1,PWRWNDB04,19,2021,0.5831707976410787
REGION1,PWRWNDB04,20,2021,0.5837399937204751
REGION1,PWRWNDB04,21,2021,0.1035668398260997
REGION1,PWRWNDB04,22,2021,0.0614902952631774
REGION1,PWRWNDB04,23,2021,0.1004472427569972
REGION1,PWRWNDB04,24,2021,0.0113132438277166
REGION1,PWRWNDB04,25,2021,0.1161007087872886
REGION1,PWRWNDB04,26,2021,0.336898105310473
REGION1,PWRWNDB04,27,2021,0.4256381492578001
REGION1,PWRWNDB04,28,2021,0.5516392953955762
REGION1,PWRWNDB04,29,2021,0.5837399937204751
REGION1,PWRWNDB04,30,2021,0.5821138619812535
REGION1,PWRWNDB04,31,2021,0.5817042445727324
REGION1,PWRWNDB04,32,2021,0.5837399937204751
REGION1,PWRWNDB04,33,2021,0.5202342379583643
REGION1,PWRWNDB04,34,2021,0.4563227879850557
REGION1,PWRWNDB04,35,2021,0.0589245855712173
REGION1,PWRWNDB04,36,2021,0.0185589665609832
REGION1,PWRWNDB04,37,2021,0.1323251967394983
REGION1,PWRWNDB04,38,2021,0.1460988822022273
REGION1,PWRWNDB04,39,2021,0.1715097154160026
REGION1,PWRWNDB04,40,2021,0.1139127718362613
REGION1,PWRWNDB04,1,2022,0.5837399937204751
REGION1,PWRWNDB04,2,2022,0.5837399937204751
REGION1,PWRWNDB04,3,2022,0.5837364661865183
REGION1,PWRWNDB04,4,2022,0.5688394138339387
REGION1,PWRWNDB04,5,2022,0.1850425464202462
REGION1,PWRWNDB04,6,2022,0.1686887213013632
REGION1,PWRWNDB04,7,2022,0.3211082465285379
REGION1,PWRWNDB04,8,2022,0.4649582458618557
REGION1,PWRWNDB04,9,2022,0.1342718070729902
REGION1,PWRWNDB04,10,2022,0.0101205695505717
REGION1,PWRWNDB04,11,2022,0.0101205695505717
REGION1,PWRWNDB04,12,2022,0.0193517725358888
REGION1,PWRWNDB04,13,2022,0.480600759767005
REGION1,PWRWNDB04,14,2022,0.3342735501864984
REGION1,PWRWNDB04,15,2022,0.2212230797200406
REGION1,PWRWNDB04,16,2022,0.4406055236355011
REGION1,PWRWNDB04,17,2022,0.5749362189700457
REGION1,PWRWNDB04,18,2022,0.5837002816887141
REGION1,PWRWNDB04,19,2022,0.5831707976410787
REGION1,PWRWNDB04,20,2022,0.5837399937204751
REGION1,PWRWNDB04,21,2022,0.1035668398260997
REGION1,PWRWNDB04,22,2022,0.0614902952631774
REGION1,PWRWNDB04,23,2022,0.1004472427569972
REGION1,PWRWNDB04,24,2022,0.0113132438277166
REGION1,PWRWNDB04,25,2022,0.1161007087872886
REGION1,PWRWNDB04,26,2022,0.336898105310473
REGION1,PWRWNDB04,27,2022,0.4256381492578001
REGION1,PWRWNDB04,28,2022,0.5516392953955762
REGION1,PWRWNDB04,29,2022,0.5837399937204751
REGION1,PWRWNDB04,30,2022,0.5821138619812535
REGION1,PWRWNDB04,31,2022,0.5817042445727324
REGION1,PWRWNDB04,32,2022,0.5837399937204751
REGION1,PWRWNDB04,33,2022,0.5202342379583643
REGION1,PWRWNDB04,34,2022,0.4563227879850557
REGION1,PWRWNDB04,35,2022,0.0589245855712173
REGION1,PWRWNDB04,36,2022,0.0185589665609832
REGION1,PWRWNDB04,37,2022,0.1323251967394983
REGION1,PWRWNDB04,38,2022,0.1460988822022273
REGION1,PWRWNDB04,39,2022,0.1715097154160026
REGION1,PWRWNDB04,40,2022,0.1139127718362613
REGION1,PWRWNDB04,1,2023,0.5837399937204751
REGION1,PWRWNDB04,2,2023,0.5837399937204751
REGION1,PWRWNDB04,3,2023,0.5837364661865183
REGION1,PWRWNDB04,4,2023,0.5688394138339387
REGION1,PWRWNDB04,5,2023,0.1850425464202462
REGION1,PWRWNDB04,6,2023,0.1686887213013632
REGION1,PWRWNDB04,7,2023,0.3211082465285379
REGION1,PWRWNDB04,8,2023,0.4649582458618557
REGION1,PWRWNDB04,9,2023,0.1342718070729902
REGION1,PWRWNDB04,10,2023,0.0101205695505717
REGION1,PWRWNDB04,11,2023,0.0101205695505717
REGION1,PWRWNDB04,12,2023,0.0193517725358888
REGION1,PWRWNDB04,13,2023,0.480600759767005
REGION1,PWRWNDB04,14,2023,0.3342735501864984
REGION1,PWRWNDB04,15,2023,0.2212230797200406
REGION1,PWRWNDB04,16,2023,0.4406055236355011
REGION1,PWRWNDB04,17,2023,0.5749362189700457
REGION1,PWRWNDB04,18,2023,0.5837002816887141
REGION1,PWRWNDB04,19,2023,0.5831707976410787
REGION1,PWRWNDB04,20,2023,0.5837399937204751
REGION1,PWRWNDB04,21,2023,0.1035668398260997
REGION1,PWRWNDB04,22,2023,0.0614902952631774
REGION1,PWRWNDB04,23,2023,0.1004472427569972
REGION1,PWRWNDB04,24,2023,0.0113132438277166
REGION1,PWRWNDB04,25,2023,0.1161007087872886
REGION1,PWRWNDB04,26,2023,0.336898105310473
REGION1,PWRWNDB04,27,2023,0.4256381492578001
REGION1,PWRWNDB04,28,2023,0.5516392953955762
REGION1,PWRWNDB04,29,2023,0.5837399937204751
REGION1,PWRWNDB04,30,2023,0.5821138619812535
REGION1,PWRWNDB04,31,2023,0.5817042445727324
REGION1,PWRWNDB04,32,2023,0.5837399937204751
REGION1,PWRWNDB04,33,2023,0.5202342379583643
REGION1,PWRWNDB04,34,2023,0.4563227879850557
REGION1,PWRWNDB04,35,2023,0.0589245855712173
REGION1,PWRWNDB04,36,2023,0.0185589665609832
REGION1,PWRWNDB04,37,2023,0.1323251967394983
REGION1,PWRWNDB04,38,2023,0.1460988822022273
REGION1,PWRWNDB04,39,2023,0.1715097154160026
REGION1,PWRWNDB04,40,2023,0.1139127718362613
REGION1,PWRWNDB04,1,2024,0.5837399937204751
REGION1,PWRWNDB04,2,2024,0.5837399937204751
REGION1,PWRWNDB04,3,2024,0.5837364661865183
REGION1,PWRWNDB04,4,2024,0.5688394138339387
REGION1,PWRWNDB04,5,2024,0.1850425464202462
REGION1,PWRWNDB04,6,2024,0.1686887213013632
REGION1,PWRWNDB04,7,2024,0.3211082465285379
REGION1,PWRWNDB04,8,2024,0.4649582458618557
REGION1,PWRWNDB04,9,2024,0.1342718070729902
REGION1,PWRWNDB04,10,2024,0.0101205695505717
REGION1,PWRWNDB04,11,2024,0.0101205695505717
REGION1,PWRWNDB04,12,2024,0.0193517725358888
REGION1,PWRWNDB04,13,2024,0.480600759767005
REGION1,PWRWNDB04,14,2024,0.3342735501864984
REGION1,PWRWNDB04,15,2024,0.2212230797200406
REGION1,PWRWNDB04,16,2024,0.4406055236355011
REGION1,PWRWNDB04,17,2024,0.5749362189700457
REGION1,PWRWNDB04,18,2024,0.5837002816887141
REGION1,PWRWNDB04,19,2024,0.5831707976410787
REGION1,PWRWNDB04,20,2024,0.5837399937204751
REGION1,PWRWNDB04,21,2024,0.1035668398260997
REGION1,PWRWNDB04,22,2024,0.0614902952631774
REGION1,PWRWNDB04,23,2024,0.1004472427569972
REGION1,PWRWNDB04,24,2024,0.0113132438277166
REGION1,PWRWNDB04,25,2024,0.1161007087872886
REGION1,PWRWNDB04,26,2024,0.336898105310473
REGION1,PWRWNDB04,27,2024,0.4256381492578001
REGION1,PWRWNDB04,28,2024,0.5516392953955762
REGION1,PWRWNDB04,29,2024,0.5837399937204751
REGION1,PWRWNDB04,30,2024,0.5821138619812535
REGION1,PWRWNDB04,31,2024,0.5817042445727324
REGION1,PWRWNDB04,32,2024,0.5837399937204751
REGION1,PWRWNDB04,33,2024,0.5202342379583643
REGION1,PWRWNDB04,34,2024,0.4563227879850557
REGION1,PWRWNDB04,35,2024,0.0589245855712173
REGION1,PWRWNDB04,36,2024,0.0185589665609832
REGION1,PWRWNDB04,37,2024,0.1323251967394983
REGION1,PWRWNDB04,38,2024,0.1460988822022273
REGION1,PWRWNDB04,39,2024,0.1715097154160026
REGION1,PWRWNDB04,40,2024,0.1139127718362613
REGION1,PWRWNDB04,1,2025,0.5837399937204751
REGION1,PWRWNDB04,2,2025,0.5837399937204751
REGION1,PWRWNDB04,3,2025,0.5837364661865183
REGION1,PWRWNDB04,4,2025,0.5688394138339387
REGION1,PWRWNDB04,5,2025,0.1850425464202462
REGION1,PWRWNDB04,6,2025,0.1686887213013632
REGION1,PWRWNDB04,7,2025,0.3211082465285379
REGION1,PWRWNDB04,8,2025,0.4649582458618557
REGION1,PWRWNDB04,9,2025,0.1342718070729902
REGION1,PWRWNDB04,10,2025,0.0101205695505717
REGION1,PWRWNDB04,11,2025,0.0101205695505717
REGION1,PWRWNDB04,12,2025,0.0193517725358888
REGION1,PWRWNDB04,13,2025,0.480600759767005
REGION1,PWRWNDB04,14,2025,0.3342735501864984
REGION1,PWRWNDB04,15,2025,0.2212230797200406
REGION1,PWRWNDB04,16,2025,0.4406055236355011
REGION1,PWRWNDB04,17,2025,0.5749362189700457
REGION1,PWRWNDB04,18,2025,0.5837002816887141
REGION1,PWRWNDB04,19,2025,0.5831707976410787
REGION1,PWRWNDB04,20,2025,0.5837399937204751
REGION1,PWRWNDB04,21,2025,0.1035668398260997
REGION1,PWRWNDB04,22,2025,0.0614902952631774
REGION1,PWRWNDB04,23,2025,0.1004472427569972
REGION1,PWRWNDB04,24,2025,0.0113132438277166
REGION1,PWRWNDB04,25,2025,0.1161007087872886
REGION1,PWRWNDB04,26,2025,0.336898105310473
REGION1,PWRWNDB04,27,2025,0.4256381492578001
REGION1,PWRWNDB04,28,2025,0.5516392953955762
REGION1,PWRWNDB04,29,2025,0.5837399937204751
REGION1,PWRWNDB04,30,2025,0.5821138619812535
REGION1,PWRWNDB04,31,2025,0.5817042445727324
REGION1,PWRWNDB04,32,2025,0.5837399937204751
REGION1,PWRWNDB04,33,2025,0.5202342379583643
REGION1,PWRWNDB04,34,2025,0.4563227879850557
REGION1,PWRWNDB04,35,2025,0.0589245855712173
REGION1,PWRWNDB04,36,2025,0.0185589665609832
REGION1,PWRWNDB04,37,2025,0.1323251967394983
REGION1,PWRWNDB04,38,2025,0.1460988822022273
REGION1,PWRWNDB04,39,2025,0.1715097154160026
REGION1,PWRWNDB04,40,2025,0.1139127718362613
REGION1,PWRWNDB04,1,2026,0.5837399937204751
REGION1,PWRWNDB04,2,2026,0.5837399937204751
REGION1,PWRWNDB04,3,2026,0.5837364661865183
REGION1,PWRWNDB04,4,2026,0.5688394138339387
REGION1,PWRWNDB04,5,2026,0.1850425464202462
REGION1,PWRWNDB04,6,2026,0.1686887213013632
REGION1,PWRWNDB04,7,2026,0.3211082465285379
REGION1,PWRWNDB04,8,2026,0.4649582458618557
REGION1,PWRWNDB04,9,2026,0.1342718070729902
REGION1,PWRWNDB04,10,2026,0.0101205695505717
REGION1,PWRWNDB04,11,2026,0.0101205695505717
REGION1,PWRWNDB04,12,2026,0.0193517725358888
REGION1,PWRWNDB04,13,2026,0.480600759767005
REGION1,PWRWNDB04,14,2026,0.3342735501864984
REGION1,PWRWNDB04,15,2026,0.2212230797200406
REGION1,PWRWNDB04,16,2026,0.4406055236355011
REGION1,PWRWNDB04,17,2026,0.5749362189700457
REGION1,PWRWNDB04,18,2026,0.5837002816887141
REGION1,PWRWNDB04,19,2026,0.5831707976410787
REGION1,PWRWNDB04,20,2026,0.5837399937204751
REGION1,PWRWNDB04,21,2026,0.1035668398260997
REGION1,PWRWNDB04,22,2026,0.0614902952631774
REGION1,PWRWNDB04,23,2026,0.1004472427569972
REGION1,PWRWNDB04,24,2026,0.0113132438277166
REGION1,PWRWNDB04,25,2026,0.1161007087872886
REGION1,PWRWNDB04,26,2026,0.336898105310473
REGION1,PWRWNDB04,27,2026,0.4256381492578001
REGION1,PWRWNDB04,28,2026,0.5516392953955762
REGION1,PWRWNDB04,29,2026,0.5837399937204751
REGION1,PWRWNDB04,30,2026,0.5821138619812535
REGION1,PWRWNDB04,31,2026,0.5817042445727324
REGION1,PWRWNDB04,32,2026,0.5837399937204751
REGION1,PWRWNDB04,33,2026,0.5202342379583643
REGION1,PWRWNDB04,34,2026,0.4563227879850557
REGION1,PWRWNDB04,35,2026,0.0589245855712173
REGION1,PWRWNDB04,36,2026,0.0185589665609832
REGION1,PWRWNDB04,37,2026,0.1323251967394983
REGION1,PWRWNDB04,38,2026,0.1460988822022273
REGION1,PWRWNDB04,39,2026,0.1715097154160026
REGION1,PWRWNDB04,40,2026,0.1139127718362613
REGION1,PWRWNDB04,1,2027,0.5837399937204751
REGION1,PWRWNDB04,2,2027,0.5837399937204751
REGION1,PWRWNDB04,3,2027,0.5837364661865183
REGION1,PWRWNDB04,4,2027,0.5688394138339387
REGION1,PWRWNDB04,5,2027,0.1850425464202462
REGION1,PWRWNDB04,6,2027,0.1686887213013632
REGION1,PWRWNDB04,7,2027,0.3211082465285379
REGION1,PWRWNDB04,8,2027,0.4649582458618557
REGION1,PWRWNDB04,9,2027,0.1342718070729902
REGION1,PWRWNDB04,10,2027,0.0101205695505717
REGION1,PWRWNDB04,11,2027,0.0101205695505717
REGION1,PWRWNDB04,12,2027,0.0193517725358888
REGION1,PWRWNDB04,13,2027,0.480600759767005
REGION1,PWRWNDB04,14,2027,0.3342735501864984
REGION1,PWRWNDB04,15,2027,0.2212230797200406
REGION1,PWRWNDB04,16,2027,0.4406055236355011
REGION1,PWRWNDB04,17,2027,0.5749362189700457
REGION1,PWRWNDB04,18,2027,0.5837002816887141
REGION1,PWRWNDB04,19,2027,0.5831707976410787
REGION1,PWRWNDB04,20,2027,0.5837399937204751
REGION1,PWRWNDB04,21,2027,0.1035668398260997
REGION1,PWRWNDB04,22,2027,0.0614902952631774
REGION1,PWRWNDB04,23,2027,0.1004472427569972
REGION1,PWRWNDB04,24,2027,0.0113132438277166
REGION1,PWRWNDB04,25,2027,0.1161007087872886
REGION1,PWRWNDB04,26,2027,0.336898105310473
REGION1,PWRWNDB04,27,2027,0.4256381492578001
REGION1,PWRWNDB04,28,2027,0.5516392953955762
REGION1,PWRWNDB04,29,2027,0.5837399937204751
REGION1,PWRWNDB04,30,2027,0.5821138619812535
REGION1,PWRWNDB04,31,2027,0.5817042445727324
REGION1,PWRWNDB04,32,2027,0.5837399937204751
REGION1,PWRWNDB04,33,2027,0.5202342379583643
REGION1,PWRWNDB04,34,2027,0.4563227879850557
REGION1,PWRWNDB04,35,2027,0.0589245855712173
REGION1,PWRWNDB04,36,2027,0.0185589665609832
REGION1,PWRWNDB04,37,2027,0.1323251967394983
REGION1,PWRWNDB04,38,2027,0.1460988822022273
REGION1,PWRWNDB04,39,2027,0.1715097154160026
REGION1,PWRWNDB04,40,2027,0.1139127718362613
REGION1,PWRWNDB04,1,2028,0.5837399937204751
REGION1,PWRWNDB04,2,2028,0.5837399937204751
REGION1,PWRWNDB04,3,2028,0.5837364661865183
REGION1,PWRWNDB04,4,2028,0.5688394138339387
REGION1,PWRWNDB04,5,2028,0.1850425464202462
REGION1,PWRWNDB04,6,2028,0.1686887213013632
REGION1,PWRWNDB04,7,2028,0.3211082465285379
REGION1,PWRWNDB04,8,2028,0.4649582458618557
REGION1,PWRWNDB04,9,2028,0.1342718070729902
REGION1,PWRWNDB04,10,2028,0.0101205695505717
REGION1,PWRWNDB04,11,2028,0.0101205695505717
REGION1,PWRWNDB04,12,2028,0.0193517725358888
REGION1,PWRWNDB04,13,2028,0.480600759767005
REGION1,PWRWNDB04,14,2028,0.3342735501864984
REGION1,PWRWNDB04,15,2028,0.2212230797200406
REGION1,PWRWNDB04,16,2028,0.4406055236355011
REGION1,PWRWNDB04,17,2028,0.5749362189700457
REGION1,PWRWNDB04,18,2028,0.5837002816887141
REGION1,PWRWNDB04,19,2028,0.5831707976410787
REGION1,PWRWNDB04,20,2028,0.5837399937204751
REGION1,PWRWNDB04,21,2028,0.1035668398260997
REGION1,PWRWNDB04,22,2028,0.0614902952631774
REGION1,PWRWNDB04,23,2028,0.1004472427569972
REGION1,PWRWNDB04,24,2028,0.0113132438277166
REGION1,PWRWNDB04,25,2028,0.1161007087872886
REGION1,PWRWNDB04,26,2028,0.336898105310473
REGION1,PWRWNDB04,27,2028,0.4256381492578001
REGION1,PWRWNDB04,28,2028,0.5516392953955762
REGION1,PWRWNDB04,29,2028,0.5837399937204751
REGION1,PWRWNDB04,30,2028,0.5821138619812535
REGION1,PWRWNDB04,31,2028,0.5817042445727324
REGION1,PWRWNDB04,32,2028,0.5837399937204751
REGION1,PWRWNDB04,33,2028,0.5202342379583643
REGION1,PWRWNDB04,34,2028,0.4563227879850557
REGION1,PWRWNDB04,35,2028,0.0589245855712173
REGION1,PWRWNDB04,36,2028,0.0185589665609832
REGION1,PWRWNDB04,37,2028,0.1323251967394983
REGION1,PWRWNDB04,38,2028,0.1460988822022273
REGION1,PWRWNDB04,39,2028,0.1715097154160026
REGION1,PWRWNDB04,40,2028,0.1139127718362613
REGION1,PWRWNDB04,1,2029,0.5837399937204751
REGION1,PWRWNDB04,2,2029,0.5837399937204751
REGION1,PWRWNDB04,3,2029,0.5837364661865183
REGION1,PWRWNDB04,4,2029,0.5688394138339387
REGION1,PWRWNDB04,5,2029,0.1850425464202462
REGION1,PWRWNDB04,6,2029,0.1686887213013632
REGION1,PWRWNDB04,7,2029,0.3211082465285379
REGION1,PWRWNDB04,8,2029,0.4649582458618557
REGION1,PWRWNDB04,9,2029,0.1342718070729902
REGION1,PWRWNDB04,10,2029,0.0101205695505717
REGION1,PWRWNDB04,11,2029,0.0101205695505717
REGION1,PWRWNDB04,12,2029,0.0193517725358888
REGION1,PWRWNDB04,13,2029,0.480600759767005
REGION1,PWRWNDB04,14,2029,0.3342735501864984
REGION1,PWRWNDB04,15,2029,0.2212230797200406
REGION1,PWRWNDB04,16,2029,0.4406055236355011
REGION1,PWRWNDB04,17,2029,0.5749362189700457
REGION1,PWRWNDB04,18,2029,0.5837002816887141
REGION1,PWRWNDB04,19,2029,0.5831707976410787
REGION1,PWRWNDB04,20,2029,0.5837399937204751
REGION1,PWRWNDB04,21,2029,0.1035668398260997
REGION1,PWRWNDB04,22,2029,0.0614902952631774
REGION1,PWRWNDB04,23,2029,0.1004472427569972
REGION1,PWRWNDB04,24,2029,0.0113132438277166
REGION1,PWRWNDB04,25,2029,0.1161007087872886
REGION1,PWRWNDB04,26,2029,0.336898105310473
REGION1,PWRWNDB04,27,2029,0.4256381492578001
REGION1,PWRWNDB04,28,2029,0.5516392953955762
REGION1,PWRWNDB04,29,2029,0.5837399937204751
REGION1,PWRWNDB04,30,2029,0.5821138619812535
REGION1,PWRWNDB04,31,2029,0.5817042445727324
REGION1,PWRWNDB04,32,2029,0.5837399937204751
REGION1,PWRWNDB04,33,2029,0.5202342379583643
REGION1,PWRWNDB04,34,2029,0.4563227879850557
REGION1,PWRWNDB04,35,2029,0.0589245855712173
REGION1,PWRWNDB04,36,2029,0.0185589665609832
REGION1,PWRWNDB04,37,2029,0.1323251967394983
REGION1,PWRWNDB04,38,2029,0.1460988822022273
REGION1,PWRWNDB04,39,2029,0.1715097154160026
REGION1,PWRWNDB04,40,2029,0.1139127718362613
REGION1,PWRWNDB04,1,2030,0.5837399937204751
REGION1,PWRWNDB04,2,2030,0.5837399937204751
REGION1,PWRWNDB04,3,2030,0.5837364661865183
REGION1,PWRWNDB04,4,2030,0.5688394138339387
REGION1,PWRWNDB04,5,2030,0.1850425464202462
REGION1,PWRWNDB04,6,2030,0.1686887213013632
REGION1,PWRWNDB04,7,2030,0.3211082465285379
REGION1,PWRWNDB04,8,2030,0.4649582458618557
REGION1,PWRWNDB04,9,2030,0.1342718070729902
REGION1,PWRWNDB04,10,2030,0.0101205695505717
REGION1,PWRWNDB04,11,2030,0.0101205695505717
REGION1,PWRWNDB04,12,2030,0.0193517725358888
REGION1,PWRWNDB04,13,2030,0.480600759767005
REGION1,PWRWNDB04,14,2030,0.3342735501864984
REGION1,PWRWNDB04,15,2030,0.2212230797200406
REGION1,PWRWNDB04,16,2030,0.4406055236355011
REGION1,PWRWNDB04,17,2030,0.5749362189700457
REGION1,PWRWNDB04,18,2030,0.5837002816887141
REGION1,PWRWNDB04,19,2030,0.5831707976410787
REGION1,PWRWNDB04,20,2030,0.5837399937204751
REGION1,PWRWNDB04,21,2030,0.1035668398260997
REGION1,PWRWNDB04,22,2030,0.0614902952631774
REGION1,PWRWNDB04,23,2030,0.1004472427569972
REGION1,PWRWNDB04,24,2030,0.0113132438277166
REGION1,PWRWNDB04,25,2030,0.1161007087872886
REGION1,PWRWNDB04,26,2030,0.336898105310473
REGION1,PWRWNDB04,27,2030,0.4256381492578001
REGION1,PWRWNDB04,28,2030,0.5516392953955762
REGION1,PWRWNDB04,29,2030,0.5837399937204751
REGION1,PWRWNDB04,30,2030,0.5821138619812535
REGION1,PWRWNDB04,31,2030,0.5817042445727324
REGION1,PWRWNDB04,32,2030,0.5837399937204751
REGION1,PWRWNDB04,33,2030,0.5202342379583643
REGION1,PWRWNDB04,34,2030,0.4563227879850557
REGION1,PWRWNDB04,35,2030,0.0589245855712173
REGION1,PWRWNDB04,36,2030,0.0185589665609832
REGION1,PWRWNDB04,37,2030,0.1323251967394983
REGION1,PWRWNDB04,38,2030,0.1460988822022273
REGION1,PWRWNDB04,39,2030,0.1715097154160026
REGION1,PWRWNDB04,40,2030,0.1139127718362613
REGION1,PWRWNDB04,1,2031,0.5837399937204751
REGION1,PWRWNDB04,2,2031,0.5837399937204751
REGION1,PWRWNDB04,3,2031,0.5837364661865183
REGION1,PWRWNDB04,4,2031,0.5688394138339387
REGION1,PWRWNDB04,5,2031,0.1850425464202462
REGION1,PWRWNDB04,6,2031,0.1686887213013632
REGION1,PWRWNDB04,7,2031,0.3211082465285379
REGION1,PWRWNDB04,8,2031,0.4649582458618557
REGION1,PWRWNDB04,9,2031,0.1342718070729902
REGION1,PWRWNDB04,10,2031,0.0101205695505717
REGION1,PWRWNDB04,11,2031,0.0101205695505717
REGION1,PWRWNDB04,12,2031,0.0193517725358888
REGION1,PWRWNDB04,13,2031,0.480600759767005
REGION1,PWRWNDB04,14,2031,0.3342735501864984
REGION1,PWRWNDB04,15,2031,0.2212230797200406
REGION1,PWRWNDB04,16,2031,0.4406055236355011
REGION1,PWRWNDB04,17,2031,0.5749362189700457
REGION1,PWRWNDB04,18,2031,0.5837002816887141
REGION1,PWRWNDB04,19,2031,0.5831707976410787
REGION1,PWRWNDB04,20,2031,0.5837399937204751
REGION1,PWRWNDB04,21,2031,0.1035668398260997
REGION1,PWRWNDB04,22,2031,0.0614902952631774
REGION1,PWRWNDB04,23,2031,0.1004472427569972
REGION1,PWRWNDB04,24,2031,0.0113132438277166
REGION1,PWRWNDB04,25,2031,0.1161007087872886
REGION1,PWRWNDB04,26,2031,0.336898105310473
REGION1,PWRWNDB04,27,2031,0.4256381492578001
REGION1,PWRWNDB04,28,2031,0.5516392953955762
REGION1,PWRWNDB04,29,2031,0.5837399937204751
REGION1,PWRWNDB04,30,2031,0.5821138619812535
REGION1,PWRWNDB04,31,2031,0.5817042445727324
REGION1,PWRWNDB04,32,2031,0.5837399937204751
REGION1,PWRWNDB04,33,2031,0.5202342379583643
REGION1,PWRWNDB04,34,2031,0.4563227879850557
REGION1,PWRWNDB04,35,2031,0.0589245855712173
REGION1,PWRWNDB04,36,2031,0.0185589665609832
REGION1,PWRWNDB04,37,2031,0.1323251967394983
REGION1,PWRWNDB04,38,2031,0.1460988822022273
REGION1,PWRWNDB04,39,2031,0.1715097154160026
REGION1,PWRWNDB04,40,2031,0.1139127718362613
REGION1,PWRWNDB04,1,2032,0.5837399937204751
REGION1,PWRWNDB04,2,2032,0.5837399937204751
REGION1,PWRWNDB04,3,2032,0.5837364661865183
REGION1,PWRWNDB04,4,2032,0.5688394138339387
REGION1,PWRWNDB04,5,2032,0.1850425464202462
REGION1,PWRWNDB04,6,2032,0.1686887213013632
REGION1,PWRWNDB04,7,2032,0.3211082465285379
REGION1,PWRWNDB04,8,2032,0.4649582458618557
REGION1,PWRWNDB04,9,2032,0.1342718070729902
REGION1,PWRWNDB04,10,2032,0.0101205695505717
REGION1,PWRWNDB04,11,2032,0.0101205695505717
REGION1,PWRWNDB04,12,2032,0.0193517725358888
REGION1,PWRWNDB04,13,2032,0.480600759767005
REGION1,PWRWNDB04,14,2032,0.3342735501864984
REGION1,PWRWNDB04,15,2032,0.2212230797200406
REGION1,PWRWNDB04,16,2032,0.4406055236355011
REGION1,PWRWNDB04,17,2032,0.5749362189700457
REGION1,PWRWNDB04,18,2032,0.5837002816887141
REGION1,PWRWNDB04,19,2032,0.5831707976410787
REGION1,PWRWNDB04,20,2032,0.5837399937204751
REGION1,PWRWNDB04,21,2032,0.1035668398260997
REGION1,PWRWNDB04,22,2032,0.0614902952631774
REGION1,PWRWNDB04,23,2032,0.1004472427569972
REGION1,PWRWNDB04,24,2032,0.0113132438277166
REGION1,PWRWNDB04,25,2032,0.1161007087872886
REGION1,PWRWNDB04,26,2032,0.336898105310473
REGION1,PWRWNDB04,27,2032,0.4256381492578001
REGION1,PWRWNDB04,28,2032,0.5516392953955762
REGION1,PWRWNDB04,29,2032,0.5837399937204751
REGION1,PWRWNDB04,30,2032,0.5821138619812535
REGION1,PWRWNDB04,31,2032,0.5817042445727324
REGION1,PWRWNDB04,32,2032,0.5837399937204751
REGION1,PWRWNDB04,33,2032,0.5202342379583643
REGION1,PWRWNDB04,34,2032,0.4563227879850557
REGION1,PWRWNDB04,35,2032,0.0589245855712173
REGION1,PWRWNDB04,36,2032,0.0185589665609832
REGION1,PWRWNDB04,37,2032,0.1323251967394983
REGION1,PWRWNDB04,38,2032,0.1460988822022273
REGION1,PWRWNDB04,39,2032,0.1715097154160026
REGION1,PWRWNDB04,40,2032,0.1139127718362613
REGION1,PWRWNDB04,1,2033,0.5837399937204751
REGION1,PWRWNDB04,2,2033,0.5837399937204751
REGION1,PWRWNDB04,3,2033,0.5837364661865183
REGION1,PWRWNDB04,4,2033,0.5688394138339387
REGION1,PWRWNDB04,5,2033,0.1850425464202462
REGION1,PWRWNDB04,6,2033,0.1686887213013632
REGION1,PWRWNDB04,7,2033,0.3211082465285379
REGION1,PWRWNDB04,8,2033,0.4649582458618557
REGION1,PWRWNDB04,9,2033,0.1342718070729902
REGION1,PWRWNDB04,10,2033,0.0101205695505717
REGION1,PWRWNDB04,11,2033,0.0101205695505717
REGION1,PWRWNDB04,12,2033,0.0193517725358888
REGION1,PWRWNDB04,13,2033,0.480600759767005
REGION1,PWRWNDB04,14,2033,0.3342735501864984
REGION1,PWRWNDB04,15,2033,0.2212230797200406
REGION1,PWRWNDB04,16,2033,0.4406055236355011
REGION1,PWRWNDB04,17,2033,0.5749362189700457
REGION1,PWRWNDB04,18,2033,0.5837002816887141
REGION1,PWRWNDB04,19,2033,0.5831707976410787
REGION1,PWRWNDB04,20,2033,0.5837399937204751
REGION1,PWRWNDB04,21,2033,0.1035668398260997
REGION1,PWRWNDB04,22,2033,0.0614902952631774
REGION1,PWRWNDB04,23,2033,0.1004472427569972
REGION1,PWRWNDB04,24,2033,0.0113132438277166
REGION1,PWRWNDB04,25,2033,0.1161007087872886
REGION1,PWRWNDB04,26,2033,0.336898105310473
REGION1,PWRWNDB04,27,2033,0.4256381492578001
REGION1,PWRWNDB04,28,2033,0.5516392953955762
REGION1,PWRWNDB04,29,2033,0.5837399937204751
REGION1,PWRWNDB04,30,2033,0.5821138619812535
REGION1,PWRWNDB04,31,2033,0.5817042445727324
REGION1,PWRWNDB04,32,2033,0.5837399937204751
REGION1,PWRWNDB04,33,2033,0.5202342379583643
REGION1,PWRWNDB04,34,2033,0.4563227879850557
REGION1,PWRWNDB04,35,2033,0.0589245855712173
REGION1,PWRWNDB04,36,2033,0.0185589665609832
REGION1,PWRWNDB04,37,2033,0.1323251967394983
REGION1,PWRWNDB04,38,2033,0.1460988822022273
REGION1,PWRWNDB04,39,2033,0.1715097154160026
REGION1,PWRWNDB04,40,2033,0.1139127718362613
REGION1,PWRWNDB04,1,2034,0.5837399937204751
REGION1,PWRWNDB04,2,2034,0.5837399937204751
REGION1,PWRWNDB04,3,2034,0.5837364661865183
REGION1,PWRWNDB04,4,2034,0.5688394138339387
REGION1,PWRWNDB04,5,2034,0.1850425464202462
REGION1,PWRWNDB04,6,2034,0.1686887213013632
REGION1,PWRWNDB04,7,2034,0.3211082465285379
REGION1,PWRWNDB04,8,2034,0.4649582458618557
REGION1,PWRWNDB04,9,2034,0.1342718070729902
REGION1,PWRWNDB04,10,2034,0.0101205695505717
REGION1,PWRWNDB04,11,2034,0.0101205695505717
REGION1,PWRWNDB04,12,2034,0.0193517725358888
REGION1,PWRWNDB04,13,2034,0.480600759767005
REGION1,PWRWNDB04,14,2034,0.3342735501864984
REGION1,PWRWNDB04,15,2034,0.2212230797200406
REGION1,PWRWNDB04,16,2034,0.4406055236355011
REGION1,PWRWNDB04,17,2034,0.5749362189700457
REGION1,PWRWNDB04,18,2034,0.5837002816887141
REGION1,PWRWNDB04,19,2034,0.5831707976410787
REGION1,PWRWNDB04,20,2034,0.5837399937204751
REGION1,PWRWNDB04,21,2034,0.1035668398260997
REGION1,PWRWNDB04,22,2034,0.0614902952631774
REGION1,PWRWNDB04,23,2034,0.1004472427569972
REGION1,PWRWNDB04,24,2034,0.0113132438277166
REGION1,PWRWNDB04,25,2034,0.1161007087872886
REGION1,PWRWNDB04,26,2034,0.336898105310473
REGION1,PWRWNDB04,27,2034,0.4256381492578001
REGION1,PWRWNDB04,28,2034,0.5516392953955762
REGION1,PWRWNDB04,29,2034,0.5837399937204751
REGION1,PWRWNDB04,30,2034,0.5821138619812535
REGION1,PWRWNDB04,31,2034,0.5817042445727324
REGION1,PWRWNDB04,32,2034,0.5837399937204751
REGION1,PWRWNDB04,33,2034,0.5202342379583643
REGION1,PWRWNDB04,34,2034,0.4563227879850557
REGION1,PWRWNDB04,35,2034,0.0589245855712173
REGION1,PWRWNDB04,36,2034,0.0185589665609832
REGION1,PWRWNDB04,37,2034,0.1323251967394983
REGION1,PWRWNDB04,38,2034,0.1460988822022273
REGION1,PWRWNDB04,39,2034,0.1715097154160026
REGION1,PWRWNDB04,40,2034,0.1139127718362613
REGION1,PWRWNDB04,1,2035,0.5837399937204751
REGION1,PWRWNDB04,2,2035,0.5837399937204751
REGION1,PWRWNDB04,3,2035,0.5837364661865183
REGION1,PWRWNDB04,4,2035,0.5688394138339387
REGION1,PWRWNDB04,5,2035,0.1850425464202462
REGION1,PWRWNDB04,6,2035,0.1686887213013632
REGION1,PWRWNDB04,7,2035,0.3211082465285379
REGION1,PWRWNDB04,8,2035,0.4649582458618557
REGION1,PWRWNDB04,9,2035,0.1342718070729902
REGION1,PWRWNDB04,10,2035,0.0101205695505717
REGION1,PWRWNDB04,11,2035,0.0101205695505717
REGION1,PWRWNDB04,12,2035,0.0193517725358888
REGION1,PWRWNDB04,13,2035,0.480600759767005
REGION1,PWRWNDB04,14,2035,0.3342735501864984
REGION1,PWRWNDB04,15,2035,0.2212230797200406
REGION1,PWRWNDB04,16,2035,0.4406055236355011
REGION1,PWRWNDB04,17,2035,0.5749362189700457
REGION1,PWRWNDB04,18,2035,0.5837002816887141
REGION1,PWRWNDB04,19,2035,0.5831707976410787
REGION1,PWRWNDB04,20,2035,0.5837399937204751
REGION1,PWRWNDB04,21,2035,0.1035668398260997
REGION1,PWRWNDB04,22,2035,0.0614902952631774
REGION1,PWRWNDB04,23,2035,0.1004472427569972
REGION1,PWRWNDB04,24,2035,0.0113132438277166
REGION1,PWRWNDB04,25,2035,0.1161007087872886
REGION1,PWRWNDB04,26,2035,0.336898105310473
REGION1,PWRWNDB04,27,2035,0.4256381492578001
REGION1,PWRWNDB04,28,2035,0.5516392953955762
REGION1,PWRWNDB04,29,2035,0.5837399937204751
REGION1,PWRWNDB04,30,2035,0.5821138619812535
REGION1,PWRWNDB04,31,2035,0.5817042445727324
REGION1,PWRWNDB04,32,2035,0.5837399937204751
REGION1,PWRWNDB04,33,2035,0.5202342379583643
REGION1,PWRWNDB04,34,2035,0.4563227879850557
REGION1,PWRWNDB04,35,2035,0.0589245855712173
REGION1,PWRWNDB04,36,2035,0.0185589665609832
REGION1,PWRWNDB04,37,2035,0.1323251967394983
REGION1,PWRWNDB04,38,2035,0.1460988822022273
REGION1,PWRWNDB04,39,2035,0.1715097154160026
REGION1,PWRWNDB04,40,2035,0.1139127718362613
REGION1,PWRWNDB04,1,2036,0.5837399937204751
REGION1,PWRWNDB04,2,2036,0.5837399937204751
REGION1,PWRWNDB04,3,2036,0.5837364661865183
REGION1,PWRWNDB04,4,2036,0.5688394138339387
REGION1,PWRWNDB04,5,2036,0.1850425464202462
REGION1,PWRWNDB04,6,2036,0.1686887213013632
REGION1,PWRWNDB04,7,2036,0.3211082465285379
REGION1,PWRWNDB04,8,2036,0.4649582458618557
REGION1,PWRWNDB04,9,2036,0.1342718070729902
REGION1,PWRWNDB04,10,2036,0.0101205695505717
REGION1,PWRWNDB04,11,2036,0.0101205695505717
REGION1,PWRWNDB04,12,2036,0.0193517725358888
REGION1,PWRWNDB04,13,2036,0.480600759767005
REGION1,PWRWNDB04,14,2036,0.3342735501864984
REGION1,PWRWNDB04,15,2036,0.2212230797200406
REGION1,PWRWNDB04,16,2036,0.4406055236355011
REGION1,PWRWNDB04,17,2036,0.5749362189700457
REGION1,PWRWNDB04,18,2036,0.5837002816887141
REGION1,PWRWNDB04,19,2036,0.5831707976410787
REGION1,PWRWNDB04,20,2036,0.5837399937204751
REGION1,PWRWNDB04,21,2036,0.1035668398260997
REGION1,PWRWNDB04,22,2036,0.0614902952631774
REGION1,PWRWNDB04,23,2036,0.1004472427569972
REGION1,PWRWNDB04,24,2036,0.0113132438277166
REGION1,PWRWNDB04,25,2036,0.1161007087872886
REGION1,PWRWNDB04,26,2036,0.336898105310473
REGION1,PWRWNDB04,27,2036,0.4256381492578001
REGION1,PWRWNDB04,28,2036,0.5516392953955762
REGION1,PWRWNDB04,29,2036,0.5837399937204751
REGION1,PWRWNDB04,30,2036,0.5821138619812535
REGION1,PWRWNDB04,31,2036,0.5817042445727324
REGION1,PWRWNDB04,32,2036,0.5837399937204751
REGION1,PWRWNDB04,33,2036,0.5202342379583643
REGION1,PWRWNDB04,34,2036,0.4563227879850557
REGION1,PWRWNDB04,35,2036,0.0589245855712173
REGION1,PWRWNDB04,36,2036,0.0185589665609832
REGION1,PWRWNDB04,37,2036,0.1323251967394983
REGION1,PWRWNDB04,38,2036,0.1460988822022273
REGION1,PWRWNDB04,39,2036,0.1715097154160026
REGION1,PWRWNDB04,40,2036,0.1139127718362613
REGION1,PWRWNDB04,1,2037,0.5837399937204751
REGION1,PWRWNDB04,2,2037,0.5837399937204751
REGION1,PWRWNDB04,3,2037,0.5837364661865183
REGION1,PWRWNDB04,4,2037,0.5688394138339387
REGION1,PWRWNDB04,5,2037,0.1850425464202462
REGION1,PWRWNDB04,6,2037,0.1686887213013632
REGION1,PWRWNDB04,7,2037,0.3211082465285379
REGION1,PWRWNDB04,8,2037,0.4649582458618557
REGION1,PWRWNDB04,9,2037,0.1342718070729902
REGION1,PWRWNDB04,10,2037,0.0101205695505717
REGION1,PWRWNDB04,11,2037,0.0101205695505717
REGION1,PWRWNDB04,12,2037,0.0193517725358888
REGION1,PWRWNDB04,13,2037,0.480600759767005
REGION1,PWRWNDB04,14,2037,0.3342735501864984
REGION1,PWRWNDB04,15,2037,0.2212230797200406
REGION1,PWRWNDB04,16,2037,0.4406055236355011
REGION1,PWRWNDB04,17,2037,0.5749362189700457
REGION1,PWRWNDB04,18,2037,0.5837002816887141
REGION1,PWRWNDB04,19,2037,0.5831707976410787
REGION1,PWRWNDB04,20,2037,0.5837399937204751
REGION1,PWRWNDB04,21,2037,0.1035668398260997
REGION1,PWRWNDB04,22,2037,0.0614902952631774
REGION1,PWRWNDB04,23,2037,0.1004472427569972
REGION1,PWRWNDB04,24,2037,0.0113132438277166
REGION1,PWRWNDB04,25,2037,0.1161007087872886
REGION1,PWRWNDB04,26,2037,0.336898105310473
REGION1,PWRWNDB04,27,2037,0.4256381492578001
REGION1,PWRWNDB04,28,2037,0.5516392953955762
REGION1,PWRWNDB04,29,2037,0.5837399937204751
REGION1,PWRWNDB04,30,2037,0.5821138619812535
REGION1,PWRWNDB04,31,2037,0.5817042445727324
REGION1,PWRWNDB04,32,2037,0.5837399937204751
REGION1,PWRWNDB04,33,2037,0.5202342379583643
REGION1,PWRWNDB04,34,2037,0.4563227879850557
REGION1,PWRWNDB04,35,2037,0.0589245855712173
REGION1,PWRWNDB04,36,2037,0.0185589665609832
REGION1,PWRWNDB04,37,2037,0.1323251967394983
REGION1,PWRWNDB04,38,2037,0.1460988822022273
REGION1,PWRWNDB04,39,2037,0.1715097154160026
REGION1,PWRWNDB04,40,2037,0.1139127718362613
REGION1,PWRWNDB04,1,2038,0.5837399937204751
REGION1,PWRWNDB04,2,2038,0.5837399937204751
REGION1,PWRWNDB04,3,2038,0.5837364661865183
REGION1,PWRWNDB04,4,2038,0.5688394138339387
REGION1,PWRWNDB04,5,2038,0.1850425464202462
REGION1,PWRWNDB04,6,2038,0.1686887213013632
REGION1,PWRWNDB04,7,2038,0.3211082465285379
REGION1,PWRWNDB04,8,2038,0.4649582458618557
REGION1,PWRWNDB04,9,2038,0.1342718070729902
REGION1,PWRWNDB04,10,2038,0.0101205695505717
REGION1,PWRWNDB04,11,2038,0.0101205695505717
REGION1,PWRWNDB04,12,2038,0.0193517725358888
REGION1,PWRWNDB04,13,2038,0.480600759767005
REGION1,PWRWNDB04,14,2038,0.3342735501864984
REGION1,PWRWNDB04,15,2038,0.2212230797200406
REGION1,PWRWNDB04,16,2038,0.4406055236355011
REGION1,PWRWNDB04,17,2038,0.5749362189700457
REGION1,PWRWNDB04,18,2038,0.5837002816887141
REGION1,PWRWNDB04,19,2038,0.5831707976410787
REGION1,PWRWNDB04,20,2038,0.5837399937204751
REGION1,PWRWNDB04,21,2038,0.1035668398260997
REGION1,PWRWNDB04,22,2038,0.0614902952631774
REGION1,PWRWNDB04,23,2038,0.1004472427569972
REGION1,PWRWNDB04,24,2038,0.0113132438277166
REGION1,PWRWNDB04,25,2038,0.1161007087872886
REGION1,PWRWNDB04,26,2038,0.336898105310473
REGION1,PWRWNDB04,27,2038,0.4256381492578001
REGION1,PWRWNDB04,28,2038,0.5516392953955762
REGION1,PWRWNDB04,29,2038,0.5837399937204751
REGION1,PWRWNDB04,30,2038,0.5821138619812535
REGION1,PWRWNDB04,31,2038,0.5817042445727324
REGION1,PWRWNDB04,32,2038,0.5837399937204751
REGION1,PWRWNDB04,33,2038,0.5202342379583643
REGION1,PWRWNDB04,34,2038,0.4563227879850557
REGION1,PWRWNDB04,35,2038,0.0589245855712173
REGION1,PWRWNDB04,36,2038,0.0185589665609832
REGION1,PWRWNDB04,37,2038,0.1323251967394983
REGION1,PWRWNDB04,38,2038,0.1460988822022273
REGION1,PWRWNDB04,39,2038,0.1715097154160026
REGION1,PWRWNDB04,40,2038,0.1139127718362613
REGION1,PWRWNDB04,1,2039,0.5837399937204751
REGION1,PWRWNDB04,2,2039,0.5837399937204751
REGION1,PWRWNDB04,3,2039,0.5837364661865183
REGION1,PWRWNDB04,4,2039,0.5688394138339387
REGION1,PWRWNDB04,5,2039,0.1850425464202462
REGION1,PWRWNDB04,6,2039,0.1686887213013632
REGION1,PWRWNDB04,7,2039,0.3211082465285379
REGION1,PWRWNDB04,8,2039,0.4649582458618557
REGION1,PWRWNDB04,9,2039,0.1342718070729902
REGION1,PWRWNDB04,10,2039,0.0101205695505717
REGION1,PWRWNDB04,11,2039,0.0101205695505717
REGION1,PWRWNDB04,12,2039,0.0193517725358888
REGION1,PWRWNDB04,13,2039,0.480600759767005
REGION1,PWRWNDB04,14,2039,0.3342735501864984
REGION1,PWRWNDB04,15,2039,0.2212230797200406
REGION1,PWRWNDB04,16,2039,0.4406055236355011
REGION1,PWRWNDB04,17,2039,0.5749362189700457
REGION1,PWRWNDB04,18,2039,0.5837002816887141
REGION1,PWRWNDB04,19,2039,0.5831707976410787
REGION1,PWRWNDB04,20,2039,0.5837399937204751
REGION1,PWRWNDB04,21,2039,0.1035668398260997
REGION1,PWRWNDB04,22,2039,0.0614902952631774
REGION1,PWRWNDB04,23,2039,0.1004472427569972
REGION1,PWRWNDB04,24,2039,0.0113132438277166
REGION1,PWRWNDB04,25,2039,0.1161007087872886
REGION1,PWRWNDB04,26,2039,0.336898105310473
REGION1,PWRWNDB04,27,2039,0.4256381492578001
REGION1,PWRWNDB04,28,2039,0.5516392953955762
REGION1,PWRWNDB04,29,2039,0.5837399937204751
REGION1,PWRWNDB04,30,2039,0.5821138619812535
REGION1,PWRWNDB04,31,2039,0.5817042445727324
REGION1,PWRWNDB04,32,2039,0.5837399937204751
REGION1,PWRWNDB04,33,2039,0.5202342379583643
REGION1,PWRWNDB04,34,2039,0.4563227879850557
REGION1,PWRWNDB04,35,2039,0.0589245855712173
REGION1,PWRWNDB04,36,2039,0.0185589665609832
REGION1,PWRWNDB04,37,2039,0.1323251967394983
REGION1,PWRWNDB04,38,2039,0.1460988822022273
REGION1,PWRWNDB04,39,2039,0.1715097154160026
REGION1,PWRWNDB04,40,2039,0.1139127718362613
REGION1,PWRWNDB04,1,2040,0.5837399937204751
REGION1,PWRWNDB04,2,2040,0.5837399937204751
REGION1,PWRWNDB04,3,2040,0.5837364661865183
REGION1,PWRWNDB04,4,2040,0.5688394138339387
REGION1,PWRWNDB04,5,2040,0.1850425464202462
REGION1,PWRWNDB04,6,2040,0.1686887213013632
REGION1,PWRWNDB04,7,2040,0.3211082465285379
REGION1,PWRWNDB04,8,2040,0.4649582458618557
REGION1,PWRWNDB04,9,2040,0.1342718070729902
REGION1,PWRWNDB04,10,2040,0.0101205695505717
REGION1,PWRWNDB04,11,2040,0.0101205695505717
REGION1,PWRWNDB04,12,2040,0.0193517725358888
REGION1,PWRWNDB04,13,2040,0.480600759767005
REGION1,PWRWNDB04,14,2040,0.3342735501864984
REGION1,PWRWNDB04,15,2040,0.2212230797200406
REGION1,PWRWNDB04,16,2040,0.4406055236355011
REGION1,PWRWNDB04,17,2040,0.5749362189700457
REGION1,PWRWNDB04,18,2040,0.5837002816887141
REGION1,PWRWNDB04,19,2040,0.5831707976410787
REGION1,PWRWNDB04,20,2040,0.5837399937204751
REGION1,PWRWNDB04,21,2040,0.1035668398260997
REGION1,PWRWNDB04,22,2040,0.0614902952631774
REGION1,PWRWNDB04,23,2040,0.1004472427569972
REGION1,PWRWNDB04,24,2040,0.0113132438277166
REGION1,PWRWNDB04,25,2040,0.1161007087872886
REGION1,PWRWNDB04,26,2040,0.336898105310473
REGION1,PWRWNDB04,27,2040,0.4256381492578001
REGION1,PWRWNDB04,28,2040,0.5516392953955762
REGION1,PWRWNDB04,29,2040,0.5837399937204751
REGION1,PWRWNDB04,30,2040,0.5821138619812535
REGION1,PWRWNDB04,31,2040,0.5817042445727324
REGION1,PWRWNDB04,32,2040,0.5837399937204751
REGION1,PWRWNDB04,33,2040,0.5202342379583643
REGION1,PWRWNDB04,34,2040,0.4563227879850557
REGION1,PWRWNDB04,35,2040,0.0589245855712173
REGION1,PWRWNDB04,36,2040,0.0185589665609832
REGION1,PWRWNDB04,37,2040,0.1323251967394983
REGION1,PWRWNDB04,38,2040,0.1460988822022273
REGION1,PWRWNDB04,39,2040,0.1715097154160026
REGION1,PWRWNDB04,40,2040,0.1139127718362613
REGION1,PWRWNDB04,1,2041,0.5837399937204751
REGION1,PWRWNDB04,2,2041,0.5837399937204751
REGION1,PWRWNDB04,3,2041,0.5837364661865183
REGION1,PWRWNDB04,4,2041,0.5688394138339387
REGION1,PWRWNDB04,5,2041,0.1850425464202462
REGION1,PWRWNDB04,6,2041,0.1686887213013632
REGION1,PWRWNDB04,7,2041,0.3211082465285379
REGION1,PWRWNDB04,8,2041,0.4649582458618557
REGION1,PWRWNDB04,9,2041,0.1342718070729902
REGION1,PWRWNDB04,10,2041,0.0101205695505717
REGION1,PWRWNDB04,11,2041,0.0101205695505717
REGION1,PWRWNDB04,12,2041,0.0193517725358888
REGION1,PWRWNDB04,13,2041,0.480600759767005
REGION1,PWRWNDB04,14,2041,0.3342735501864984
REGION1,PWRWNDB04,15,2041,0.2212230797200406
REGION1,PWRWNDB04,16,2041,0.4406055236355011
REGION1,PWRWNDB04,17,2041,0.5749362189700457
REGION1,PWRWNDB04,18,2041,0.5837002816887141
REGION1,PWRWNDB04,19,2041,0.5831707976410787
REGION1,PWRWNDB04,20,2041,0.5837399937204751
REGION1,PWRWNDB04,21,2041,0.1035668398260997
REGION1,PWRWNDB04,22,2041,0.0614902952631774
REGION1,PWRWNDB04,23,2041,0.1004472427569972
REGION1,PWRWNDB04,24,2041,0.0113132438277166
REGION1,PWRWNDB04,25,2041,0.1161007087872886
REGION1,PWRWNDB04,26,2041,0.336898105310473
REGION1,PWRWNDB04,27,2041,0.4256381492578001
REGION1,PWRWNDB04,28,2041,0.5516392953955762
REGION1,PWRWNDB04,29,2041,0.5837399937204751
REGION1,PWRWNDB04,30,2041,0.5821138619812535
REGION1,PWRWNDB04,31,2041,0.5817042445727324
REGION1,PWRWNDB04,32,2041,0.5837399937204751
REGION1,PWRWNDB04,33,2041,0.5202342379583643
REGION1,PWRWNDB04,34,2041,0.4563227879850557
REGION1,PWRWNDB04,35,2041,0.0589245855712173
REGION1,PWRWNDB04,36,2041,0.0185589665609832
REGION1,PWRWNDB04,37,2041,0.1323251967394983
REGION1,PWRWNDB04,38,2041,0.1460988822022273
REGION1,PWRWNDB04,39,2041,0.1715097154160026
REGION1,PWRWNDB04,40,2041,0.1139127718362613
REGION1,PWRWNDB04,1,2042,0.5837399937204751
REGION1,PWRWNDB04,2,2042,0.5837399937204751
REGION1,PWRWNDB04,3,2042,0.5837364661865183
REGION1,PWRWNDB04,4,2042,0.5688394138339387
REGION1,PWRWNDB04,5,2042,0.1850425464202462
REGION1,PWRWNDB04,6,2042,0.1686887213013632
REGION1,PWRWNDB04,7,2042,0.3211082465285379
REGION1,PWRWNDB04,8,2042,0.4649582458618557
REGION1,PWRWNDB04,9,2042,0.1342718070729902
REGION1,PWRWNDB04,10,2042,0.0101205695505717
REGION1,PWRWNDB04,11,2042,0.0101205695505717
REGION1,PWRWNDB04,12,2042,0.0193517725358888
REGION1,PWRWNDB04,13,2042,0.480600759767005
REGION1,PWRWNDB04,14,2042,0.3342735501864984
REGION1,PWRWNDB04,15,2042,0.2212230797200406
REGION1,PWRWNDB04,16,2042,0.4406055236355011
REGION1,PWRWNDB04,17,2042,0.5749362189700457
REGION1,PWRWNDB04,18,2042,0.5837002816887141
REGION1,PWRWNDB04,19,2042,0.5831707976410787
REGION1,PWRWNDB04,20,2042,0.5837399937204751
REGION1,PWRWNDB04,21,2042,0.1035668398260997
REGION1,PWRWNDB04,22,2042,0.0614902952631774
REGION1,PWRWNDB04,23,2042,0.1004472427569972
REGION1,PWRWNDB04,24,2042,0.0113132438277166
REGION1,PWRWNDB04,25,2042,0.1161007087872886
REGION1,PWRWNDB04,26,2042,0.336898105310473
REGION1,PWRWNDB04,27,2042,0.4256381492578001
REGION1,PWRWNDB04,28,2042,0.5516392953955762
REGION1,PWRWNDB04,29,2042,0.5837399937204751
REGION1,PWRWNDB04,30,2042,0.5821138619812535
REGION1,PWRWNDB04,31,2042,0.5817042445727324
REGION1,PWRWNDB04,32,2042,0.5837399937204751
REGION1,PWRWNDB04,33,2042,0.5202342379583643
REGION1,PWRWNDB04,34,2042,0.4563227879850557
REGION1,PWRWNDB04,35,2042,0.0589245855712173
REGION1,PWRWNDB04,36,2042,0.0185589665609832
REGION1,PWRWNDB04,37,2042,0.1323251967394983
REGION1,PWRWNDB04,38,2042,0.1460988822022273
REGION1,PWRWNDB04,39,2042,0.1715097154160026
REGION1,PWRWNDB04,40,2042,0.1139127718362613
REGION1,PWRWNDB04,1,2043,0.5837399937204751
REGION1,PWRWNDB04,2,2043,0.5837399937204751
REGION1,PWRWNDB04,3,2043,0.5837364661865183
REGION1,PWRWNDB04,4,2043,0.5688394138339387
REGION1,PWRWNDB04,5,2043,0.1850425464202462
REGION1,PWRWNDB04,6,2043,0.1686887213013632
REGION1,PWRWNDB04,7,2043,0.3211082465285379
REGION1,PWRWNDB04,8,2043,0.4649582458618557
REGION1,PWRWNDB04,9,2043,0.1342718070729902
REGION1,PWRWNDB04,10,2043,0.0101205695505717
REGION1,PWRWNDB04,11,2043,0.0101205695505717
REGION1,PWRWNDB04,12,2043,0.0193517725358888
REGION1,PWRWNDB04,13,2043,0.480600759767005
REGION1,PWRWNDB04,14,2043,0.3342735501864984
REGION1,PWRWNDB04,15,2043,0.2212230797200406
REGION1,PWRWNDB04,16,2043,0.4406055236355011
REGION1,PWRWNDB04,17,2043,0.5749362189700457
REGION1,PWRWNDB04,18,2043,0.5837002816887141
REGION1,PWRWNDB04,19,2043,0.5831707976410787
REGION1,PWRWNDB04,20,2043,0.5837399937204751
REGION1,PWRWNDB04,21,2043,0.1035668398260997
REGION1,PWRWNDB04,22,2043,0.0614902952631774
REGION1,PWRWNDB04,23,2043,0.1004472427569972
REGION1,PWRWNDB04,24,2043,0.0113132438277166
REGION1,PWRWNDB04,25,2043,0.1161007087872886
REGION1,PWRWNDB04,26,2043,0.336898105310473
REGION1,PWRWNDB04,27,2043,0.4256381492578001
REGION1,PWRWNDB04,28,2043,0.5516392953955762
REGION1,PWRWNDB04,29,2043,0.5837399937204751
REGION1,PWRWNDB04,30,2043,0.5821138619812535
REGION1,PWRWNDB04,31,2043,0.5817042445727324
REGION1,PWRWNDB04,32,2043,0.5837399937204751
REGION1,PWRWNDB04,33,2043,0.5202342379583643
REGION1,PWRWNDB04,34,2043,0.4563227879850557
REGION1,PWRWNDB04,35,2043,0.0589245855712173
REGION1,PWRWNDB04,36,2043,0.0185589665609832
REGION1,PWRWNDB04,37,2043,0.1323251967394983
REGION1,PWRWNDB04,38,2043,0.1460988822022273
REGION1,PWRWNDB04,39,2043,0.1715097154160026
REGION1,PWRWNDB04,40,2043,0.1139127718362613
REGION1,PWRWNDB04,1,2044,0.5837399937204751
REGION1,PWRWNDB04,2,2044,0.5837399937204751
REGION1,PWRWNDB04,3,2044,0.5837364661865183
REGION1,PWRWNDB04,4,2044,0.5688394138339387
REGION1,PWRWNDB04,5,2044,0.1850425464202462
REGION1,PWRWNDB04,6,2044,0.1686887213013632
REGION1,PWRWNDB04,7,2044,0.3211082465285379
REGION1,PWRWNDB04,8,2044,0.4649582458618557
REGION1,PWRWNDB04,9,2044,0.1342718070729902
REGION1,PWRWNDB04,10,2044,0.0101205695505717
REGION1,PWRWNDB04,11,2044,0.0101205695505717
REGION1,PWRWNDB04,12,2044,0.0193517725358888
REGION1,PWRWNDB04,13,2044,0.480600759767005
REGION1,PWRWNDB04,14,2044,0.3342735501864984
REGION1,PWRWNDB04,15,2044,0.2212230797200406
REGION1,PWRWNDB04,16,2044,0.4406055236355011
REGION1,PWRWNDB04,17,2044,0.5749362189700457
REGION1,PWRWNDB04,18,2044,0.5837002816887141
REGION1,PWRWNDB04,19,2044,0.5831707976410787
REGION1,PWRWNDB04,20,2044,0.5837399937204751
REGION1,PWRWNDB04,21,2044,0.1035668398260997
REGION1,PWRWNDB04,22,2044,0.0614902952631774
REGION1,PWRWNDB04,23,2044,0.1004472427569972
REGION1,PWRWNDB04,24,2044,0.0113132438277166
REGION1,PWRWNDB04,25,2044,0.1161007087872886
REGION1,PWRWNDB04,26,2044,0.336898105310473
REGION1,PWRWNDB04,27,2044,0.4256381492578001
REGION1,PWRWNDB04,28,2044,0.5516392953955762
REGION1,PWRWNDB04,29,2044,0.5837399937204751
REGION1,PWRWNDB04,30,2044,0.5821138619812535
REGION1,PWRWNDB04,31,2044,0.5817042445727324
REGION1,PWRWNDB04,32,2044,0.5837399937204751
REGION1,PWRWNDB04,33,2044,0.5202342379583643
REGION1,PWRWNDB04,34,2044,0.4563227879850557
REGION1,PWRWNDB04,35,2044,0.0589245855712173
REGION1,PWRWNDB04,36,2044,0.0185589665609832
REGION1,PWRWNDB04,37,2044,0.1323251967394983
REGION1,PWRWNDB04,38,2044,0.1460988822022273
REGION1,PWRWNDB04,39,2044,0.1715097154160026
REGION1,PWRWNDB04,40,2044,0.1139127718362613
REGION1,PWRWNDB04,1,2045,0.5837399937204751
REGION1,PWRWNDB04,2,2045,0.5837399937204751
REGION1,PWRWNDB04,3,2045,0.5837364661865183
REGION1,PWRWNDB04,4,2045,0.5688394138339387
REGION1,PWRWNDB04,5,2045,0.1850425464202462
REGION1,PWRWNDB04,6,2045,0.1686887213013632
REGION1,PWRWNDB04,7,2045,0.3211082465285379
REGION1,PWRWNDB04,8,2045,0.4649582458618557
REGION1,PWRWNDB04,9,2045,0.1342718070729902
REGION1,PWRWNDB04,10,2045,0.0101205695505717
REGION1,PWRWNDB04,11,2045,0.0101205695505717
REGION1,PWRWNDB04,12,2045,0.0193517725358888
REGION1,PWRWNDB04,13,2045,0.480600759767005
REGION1,PWRWNDB04,14,2045,0.3342735501864984
REGION1,PWRWNDB04,15,2045,0.2212230797200406
REGION1,PWRWNDB04,16,2045,0.4406055236355011
REGION1,PWRWNDB04,17,2045,0.5749362189700457
REGION1,PWRWNDB04,18,2045,0.5837002816887141
REGION1,PWRWNDB04,19,2045,0.5831707976410787
REGION1,PWRWNDB04,20,2045,0.5837399937204751
REGION1,PWRWNDB04,21,2045,0.1035668398260997
REGION1,PWRWNDB04,22,2045,0.0614902952631774
REGION1,PWRWNDB04,23,2045,0.1004472427569972
REGION1,PWRWNDB04,24,2045,0.0113132438277166
REGION1,PWRWNDB04,25,2045,0.1161007087872886
REGION1,PWRWNDB04,26,2045,0.336898105310473
REGION1,PWRWNDB04,27,2045,0.4256381492578001
REGION1,PWRWNDB04,28,2045,0.5516392953955762
REGION1,PWRWNDB04,29,2045,0.5837399937204751
REGION1,PWRWNDB04,30,2045,0.5821138619812535
REGION1,PWRWNDB04,31,2045,0.5817042445727324
REGION1,PWRWNDB04,32,2045,0.5837399937204751
REGION1,PWRWNDB04,33,2045,0.5202342379583643
REGION1,PWRWNDB04,34,2045,0.4563227879850557
REGION1,PWRWNDB04,35,2045,0.0589245855712173
REGION1,PWRWNDB04,36,2045,0.0185589665609832
REGION1,PWRWNDB04,37,2045,0.1323251967394983
REGION1,PWRWNDB04,38,2045,0.1460988822022273
REGION1,PWRWNDB04,39,2045,0.1715097154160026
REGION1,PWRWNDB04,40,2045,0.1139127718362613
REGION1,PWRWNDB04,1,2046,0.5837399937204751
REGION1,PWRWNDB04,2,2046,0.5837399937204751
REGION1,PWRWNDB04,3,2046,0.5837364661865183
REGION1,PWRWNDB04,4,2046,0.5688394138339387
REGION1,PWRWNDB04,5,2046,0.1850425464202462
REGION1,PWRWNDB04,6,2046,0.1686887213013632
REGION1,PWRWNDB04,7,2046,0.3211082465285379
REGION1,PWRWNDB04,8,2046,0.4649582458618557
REGION1,PWRWNDB04,9,2046,0.1342718070729902
REGION1,PWRWNDB04,10,2046,0.0101205695505717
REGION1,PWRWNDB04,11,2046,0.0101205695505717
REGION1,PWRWNDB04,12,2046,0.0193517725358888
REGION1,PWRWNDB04,13,2046,0.480600759767005
REGION1,PWRWNDB04,14,2046,0.3342735501864984
REGION1,PWRWNDB04,15,2046,0.2212230797200406
REGION1,PWRWNDB04,16,2046,0.4406055236355011
REGION1,PWRWNDB04,17,2046,0.5749362189700457
REGION1,PWRWNDB04,18,2046,0.5837002816887141
REGION1,PWRWNDB04,19,2046,0.5831707976410787
REGION1,PWRWNDB04,20,2046,0.5837399937204751
REGION1,PWRWNDB04,21,2046,0.1035668398260997
REGION1,PWRWNDB04,22,2046,0.0614902952631774
REGION1,PWRWNDB04,23,2046,0.1004472427569972
REGION1,PWRWNDB04,24,2046,0.0113132438277166
REGION1,PWRWNDB04,25,2046,0.1161007087872886
REGION1,PWRWNDB04,26,2046,0.336898105310473
REGION1,PWRWNDB04,27,2046,0.4256381492578001
REGION1,PWRWNDB04,28,2046,0.5516392953955762
REGION1,PWRWNDB04,29,2046,0.5837399937204751
REGION1,PWRWNDB04,30,2046,0.5821138619812535
REGION1,PWRWNDB04,31,2046,0.5817042445727324
REGION1,PWRWNDB04,32,2046,0.5837399937204751
REGION1,PWRWNDB04,33,2046,0.5202342379583643
REGION1,PWRWNDB04,34,2046,0.4563227879850557
REGION1,PWRWNDB04,35,2046,0.0589245855712173
REGION1,PWRWNDB04,36,2046,0.0185589665609832
REGION1,PWRWNDB04,37,2046,0.1323251967394983
REGION1,PWRWNDB04,38,2046,0.1460988822022273
REGION1,PWRWNDB04,39,2046,0.1715097154160026
REGION1,PWRWNDB04,40,2046,0.1139127718362613
REGION1,PWRWNDB04,1,2047,0.5837399937204751
REGION1,PWRWNDB04,2,2047,0.5837399937204751
REGION1,PWRWNDB04,3,2047,0.5837364661865183
REGION1,PWRWNDB04,4,2047,0.5688394138339387
REGION1,PWRWNDB04,5,2047,0.1850425464202462
REGION1,PWRWNDB04,6,2047,0.1686887213013632
REGION1,PWRWNDB04,7,2047,0.3211082465285379
REGION1,PWRWNDB04,8,2047,0.4649582458618557
REGION1,PWRWNDB04,9,2047,0.1342718070729902
REGION1,PWRWNDB04,10,2047,0.0101205695505717
REGION1,PWRWNDB04,11,2047,0.0101205695505717
REGION1,PWRWNDB04,12,2047,0.0193517725358888
REGION1,PWRWNDB04,13,2047,0.480600759767005
REGION1,PWRWNDB04,14,2047,0.3342735501864984
REGION1,PWRWNDB04,15,2047,0.2212230797200406
REGION1,PWRWNDB04,16,2047,0.4406055236355011
REGION1,PWRWNDB04,17,2047,0.5749362189700457
REGION1,PWRWNDB04,18,2047,0.5837002816887141
REGION1,PWRWNDB04,19,2047,0.5831707976410787
REGION1,PWRWNDB04,20,2047,0.5837399937204751
REGION1,PWRWNDB04,21,2047,0.1035668398260997
REGION1,PWRWNDB04,22,2047,0.0614902952631774
REGION1,PWRWNDB04,23,2047,0.1004472427569972
REGION1,PWRWNDB04,24,2047,0.0113132438277166
REGION1,PWRWNDB04,25,2047,0.1161007087872886
REGION1,PWRWNDB04,26,2047,0.336898105310473
REGION1,PWRWNDB04,27,2047,0.4256381492578001
REGION1,PWRWNDB04,28,2047,0.5516392953955762
REGION1,PWRWNDB04,29,2047,0.5837399937204751
REGION1,PWRWNDB04,30,2047,0.5821138619812535
REGION1,PWRWNDB04,31,2047,0.5817042445727324
REGION1,PWRWNDB04,32,2047,0.5837399937204751
REGION1,PWRWNDB04,33,2047,0.5202342379583643
REGION1,PWRWNDB04,34,2047,0.4563227879850557
REGION1,PWRWNDB04,35,2047,0.0589245855712173
REGION1,PWRWNDB04,36,2047,0.0185589665609832
REGION1,PWRWNDB04,37,2047,0.1323251967394983
REGION1,PWRWNDB04,38,2047,0.1460988822022273
REGION1,PWRWNDB04,39,2047,0.1715097154160026
REGION1,PWRWNDB04,40,2047,0.1139127718362613
REGION1,PWRWNDB04,1,2048,0.5837399937204751
REGION1,PWRWNDB04,2,2048,0.5837399937204751
REGION1,PWRWNDB04,3,2048,0.5837364661865183
REGION1,PWRWNDB04,4,2048,0.5688394138339387
REGION1,PWRWNDB04,5,2048,0.1850425464202462
REGION1,PWRWNDB04,6,2048,0.1686887213013632
REGION1,PWRWNDB04,7,2048,0.3211082465285379
REGION1,PWRWNDB04,8,2048,0.4649582458618557
REGION1,PWRWNDB04,9,2048,0.1342718070729902
REGION1,PWRWNDB04,10,2048,0.0101205695505717
REGION1,PWRWNDB04,11,2048,0.0101205695505717
REGION1,PWRWNDB04,12,2048,0.0193517725358888
REGION1,PWRWNDB04,13,2048,0.480600759767005
REGION1,PWRWNDB04,14,2048,0.3342735501864984
REGION1,PWRWNDB04,15,2048,0.2212230797200406
REGION1,PWRWNDB04,16,2048,0.4406055236355011
REGION1,PWRWNDB04,17,2048,0.5749362189700457
REGION1,PWRWNDB04,18,2048,0.5837002816887141
REGION1,PWRWNDB04,19,2048,0.5831707976410787
REGION1,PWRWNDB04,20,2048,0.5837399937204751
REGION1,PWRWNDB04,21,2048,0.1035668398260997
REGION1,PWRWNDB04,22,2048,0.0614902952631774
REGION1,PWRWNDB04,23,2048,0.1004472427569972
REGION1,PWRWNDB04,24,2048,0.0113132438277166
REGION1,PWRWNDB04,25,2048,0.1161007087872886
REGION1,PWRWNDB04,26,2048,0.336898105310473
REGION1,PWRWNDB04,27,2048,0.4256381492578001
REGION1,PWRWNDB04,28,2048,0.5516392953955762
REGION1,PWRWNDB04,29,2048,0.5837399937204751
REGION1,PWRWNDB04,30,2048,0.5821138619812535
REGION1,PWRWNDB04,31,2048,0.5817042445727324
REGION1,PWRWNDB04,32,2048,0.5837399937204751
REGION1,PWRWNDB04,33,2048,0.5202342379583643
REGION1,PWRWNDB04,34,2048,0.4563227879850557
REGION1,PWRWNDB04,35,2048,0.0589245855712173
REGION1,PWRWNDB04,36,2048,0.0185589665609832
REGION1,PWRWNDB04,37,2048,0.1323251967394983
REGION1,PWRWNDB04,38,2048,0.1460988822022273
REGION1,PWRWNDB04,39,2048,0.1715097154160026
REGION1,PWRWNDB04,40,2048,0.1139127718362613
REGION1,PWRWNDB04,1,2049,0.5837399937204751
REGION1,PWRWNDB04,2,2049,0.5837399937204751
REGION1,PWRWNDB04,3,2049,0.5837364661865183
REGION1,PWRWNDB04,4,2049,0.5688394138339387
REGION1,PWRWNDB04,5,2049,0.1850425464202462
REGION1,PWRWNDB04,6,2049,0.1686887213013632
REGION1,PWRWNDB04,7,2049,0.3211082465285379
REGION1,PWRWNDB04,8,2049,0.4649582458618557
REGION1,PWRWNDB04,9,2049,0.1342718070729902
REGION1,PWRWNDB04,10,2049,0.0101205695505717
REGION1,PWRWNDB04,11,2049,0.0101205695505717
REGION1,PWRWNDB04,12,2049,0.0193517725358888
REGION1,PWRWNDB04,13,2049,0.480600759767005
REGION1,PWRWNDB04,14,2049,0.3342735501864984
REGION1,PWRWNDB04,15,2049,0.2212230797200406
REGION1,PWRWNDB04,16,2049,0.4406055236355011
REGION1,PWRWNDB04,17,2049,0.5749362189700457
REGION1,PWRWNDB04,18,2049,0.5837002816887141
REGION1,PWRWNDB04,19,2049,0.5831707976410787
REGION1,PWRWNDB04,20,2049,0.5837399937204751
REGION1,PWRWNDB04,21,2049,0.1035668398260997
REGION1,PWRWNDB04,22,2049,0.0614902952631774
REGION1,PWRWNDB04,23,2049,0.1004472427569972
REGION1,PWRWNDB04,24,2049,0.0113132438277166
REGION1,PWRWNDB04,25,2049,0.1161007087872886
REGION1,PWRWNDB04,26,2049,0.336898105310473
REGION1,PWRWNDB04,27,2049,0.4256381492578001
REGION1,PWRWNDB04,28,2049,0.5516392953955762
REGION1,PWRWNDB04,29,2049,0.5837399937204751
REGION1,PWRWNDB04,30,2049,0.5821138619812535
REGION1,PWRWNDB04,31,2049,0.5817042445727324
REGION1,PWRWNDB04,32,2049,0.5837399937204751
REGION1,PWRWNDB04,33,2049,0.5202342379583643
REGION1,PWRWNDB04,34,2049,0.4563227879850557
REGION1,PWRWNDB04,35,2049,0.0589245855712173
REGION1,PWRWNDB04,36,2049,0.0185589665609832
REGION1,PWRWNDB04,37,2049,0.1323251967394983
REGION1,PWRWNDB04,38,2049,0.1460988822022273
REGION1,PWRWNDB04,39,2049,0.1715097154160026
REGION1,PWRWNDB04,40,2049,0.1139127718362613
REGION1,PWRWNDB04,1,2050,0.5837399937204751
REGION1,PWRWNDB04,2,2050,0.5837399937204751
REGION1,PWRWNDB04,3,2050,0.5837364661865183
REGION1,PWRWNDB04,4,2050,0.5688394138339387
REGION1,PWRWNDB04,5,2050,0.1850425464202462
REGION1,PWRWNDB04,6,2050,0.1686887213013632
REGION1,PWRWNDB04,7,2050,0.3211082465285379
REGION1,PWRWNDB04,8,2050,0.4649582458618557
REGION1,PWRWNDB04,9,2050,0.1342718070729902
REGION1,PWRWNDB04,10,2050,0.0101205695505717
REGION1,PWRWNDB04,11,2050,0.0101205695505717
REGION1,PWRWNDB04,12,2050,0.0193517725358888
REGION1,PWRWNDB04,13,2050,0.480600759767005
REGION1,PWRWNDB04,14,2050,0.3342735501864984
REGION1,PWRWNDB04,15,2050,0.2212230797200406
REGION1,PWRWNDB04,16,2050,0.4406055236355011
REGION1,PWRWNDB04,17,2050,0.5749362189700457
REGION1,PWRWNDB04,18,2050,0.5837002816887141
REGION1,PWRWNDB04,19,2050,0.5831707976410787
REGION1,PWRWNDB04,20,2050,0.5837399937204751
REGION1,PWRWNDB04,21,2050,0.1035668398260997
REGION1,PWRWNDB04,22,2050,0.0614902952631774
REGION1,PWRWNDB04,23,2050,0.1004472427569972
REGION1,PWRWNDB04,24,2050,0.0113132438277166
REGION1,PWRWNDB04,25,2050,0.1161007087872886
REGION1,PWRWNDB04,26,2050,0.336898105310473
REGION1,PWRWNDB04,27,2050,0.4256381492578001
REGION1,PWRWNDB04,28,2050,0.5516392953955762
REGION1,PWRWNDB04,29,2050,0.5837399937204751
REGION1,PWRWNDB04,30,2050,0.5821138619812535
REGION1,PWRWNDB04,31,2050,0.5817042445727324
REGION1,PWRWNDB04,32,2050,0.5837399937204751
REGION1,PWRWNDB04,33,2050,0.5202342379583643
REGION1,PWRWNDB04,34,2050,0.4563227879850557
REGION1,PWRWNDB04,35,2050,0.0589245855712173
REGION1,PWRWNDB04,36,2050,0.0185589665609832
REGION1,PWRWNDB04,37,2050,0.1323251967394983
REGION1,PWRWNDB04,38,2050,0.1460988822022273
REGION1,PWRWNDB04,39,2050,0.1715097154160026
REGION1,PWRWNDB04,40,2050,0.1139127718362613
REGION1,PWRWNDB05,1,2020,1.0
REGION1,PWRWNDB05,2,2020,1.0
REGION1,PWRWNDB05,3,2020,1.0
REGION1,PWRWNDB05,4,2020,0.8724163976886326
REGION1,PWRWNDB05,5,2020,0.0580119284475827
REGION1,PWRWNDB05,6,2020,0.1752004775982389
REGION1,PWRWNDB05,7,2020,0.2722629026509897
REGION1,PWRWNDB05,8,2020,0.3777299203067943
REGION1,PWRWNDB05,9,2020,0.1170051866563377
REGION1,PWRWNDB05,10,2020,0.0092281005804589
REGION1,PWRWNDB05,11,2020,0.0029955576438375
REGION1,PWRWNDB05,12,2020,0.0061323626621153
REGION1,PWRWNDB05,13,2020,0.4791176583921335
REGION1,PWRWNDB05,14,2020,0.330368250127512
REGION1,PWRWNDB05,15,2020,0.1950012147133735
REGION1,PWRWNDB05,16,2020,0.356941533465658
REGION1,PWRWNDB05,17,2020,0.8438598946559619
REGION1,PWRWNDB05,18,2020,1.0
REGION1,PWRWNDB05,19,2020,0.995558548866042
REGION1,PWRWNDB05,20,2020,1.0
REGION1,PWRWNDB05,21,2020,0.0874026500006283
REGION1,PWRWNDB05,22,2020,0.0471578295627119
REGION1,PWRWNDB05,23,2020,0.0801737668431888
REGION1,PWRWNDB05,24,2020,0.005695851817011
REGION1,PWRWNDB05,25,2020,0.1101885578753748
REGION1,PWRWNDB05,26,2020,0.3643183712268531
REGION1,PWRWNDB05,27,2020,0.5065105649464391
REGION1,PWRWNDB05,28,2020,0.8539356022222662
REGION1,PWRWNDB05,29,2020,1.0
REGION1,PWRWNDB05,30,2020,1.0
REGION1,PWRWNDB05,31,2020,0.9960489550205204
REGION1,PWRWNDB05,32,2020,1.0
REGION1,PWRWNDB05,33,2020,0.6646073476055374
REGION1,PWRWNDB05,34,2020,0.5126797337524414
REGION1,PWRWNDB05,35,2020,0.0355065620458607
REGION1,PWRWNDB05,36,2020,0.0175922595613059
REGION1,PWRWNDB05,37,2020,0.083735247136937
REGION1,PWRWNDB05,38,2020,0.104183934909009
REGION1,PWRWNDB05,39,2020,0.1176824878664661
REGION1,PWRWNDB05,40,2020,0.0641995907623083
REGION1,PWRWNDB05,1,2021,1.0
REGION1,PWRWNDB05,2,2021,1.0
REGION1,PWRWNDB05,3,2021,1.0
REGION1,PWRWNDB05,4,2021,0.8724163976886326
REGION1,PWRWNDB05,5,2021,0.0580119284475827
REGION1,PWRWNDB05,6,2021,0.1752004775982389
REGION1,PWRWNDB05,7,2021,0.2722629026509897
REGION1,PWRWNDB05,8,2021,0.3777299203067943
REGION1,PWRWNDB05,9,2021,0.1170051866563377
REGION1,PWRWNDB05,10,2021,0.0092281005804589
REGION1,PWRWNDB05,11,2021,0.0029955576438375
REGION1,PWRWNDB05,12,2021,0.0061323626621153
REGION1,PWRWNDB05,13,2021,0.4791176583921335
REGION1,PWRWNDB05,14,2021,0.330368250127512
REGION1,PWRWNDB05,15,2021,0.1950012147133735
REGION1,PWRWNDB05,16,2021,0.356941533465658
REGION1,PWRWNDB05,17,2021,0.8438598946559619
REGION1,PWRWNDB05,18,2021,1.0
REGION1,PWRWNDB05,19,2021,0.995558548866042
REGION1,PWRWNDB05,20,2021,1.0
REGION1,PWRWNDB05,21,2021,0.0874026500006283
REGION1,PWRWNDB05,22,2021,0.0471578295627119
REGION1,PWRWNDB05,23,2021,0.0801737668431888
REGION1,PWRWNDB05,24,2021,0.005695851817011
REGION1,PWRWNDB05,25,2021,0.1101885578753748
REGION1,PWRWNDB05,26,2021,0.3643183712268531
REGION1,PWRWNDB05,27,2021,0.5065105649464391
REGION1,PWRWNDB05,28,2021,0.8539356022222662
REGION1,PWRWNDB05,29,2021,1.0
REGION1,PWRWNDB05,30,2021,1.0
REGION1,PWRWNDB05,31,2021,0.9960489550205204
REGION1,PWRWNDB05,32,2021,1.0
REGION1,PWRWNDB05,33,2021,0.6646073476055374
REGION1,PWRWNDB05,34,2021,0.5126797337524414
REGION1,PWRWNDB05,35,2021,0.0355065620458607
REGION1,PWRWNDB05,36,2021,0.0175922595613059
REGION1,PWRWNDB05,37,2021,0.083735247136937
REGION1,PWRWNDB05,38,2021,0.104183934909009
REGION1,PWRWNDB05,39,2021,0.1176824878664661
REGION1,PWRWNDB05,40,2021,0.0641995907623083
REGION1,PWRWNDB05,1,2022,1.0
REGION1,PWRWNDB05,2,2022,1.0
REGION1,PWRWNDB05,3,2022,1.0
REGION1,PWRWNDB05,4,2022,0.8724163976886326
REGION1,PWRWNDB05,5,2022,0.0580119284475827
REGION1,PWRWNDB05,6,2022,0.1752004775982389
REGION1,PWRWNDB05,7,2022,0.2722629026509897
REGION1,PWRWNDB05,8,2022,0.3777299203067943
REGION1,PWRWNDB05,9,2022,0.1170051866563377
REGION1,PWRWNDB05,10,2022,0.0092281005804589
REGION1,PWRWNDB05,11,2022,0.0029955576438375
REGION1,PWRWNDB05,12,2022,0.0061323626621153
REGION1,PWRWNDB05,13,2022,0.4791176583921335
REGION1,PWRWNDB05,14,2022,0.330368250127512
REGION1,PWRWNDB05,15,2022,0.1950012147133735
REGION1,PWRWNDB05,16,2022,0.356941533465658
REGION1,PWRWNDB05,17,2022,0.8438598946559619
REGION1,PWRWNDB05,18,2022,1.0
REGION1,PWRWNDB05,19,2022,0.995558548866042
REGION1,PWRWNDB05,20,2022,1.0
REGION1,PWRWNDB05,21,2022,0.0874026500006283
REGION1,PWRWNDB05,22,2022,0.0471578295627119
REGION1,PWRWNDB05,23,2022,0.0801737668431888
REGION1,PWRWNDB05,24,2022,0.005695851817011
REGION1,PWRWNDB05,25,2022,0.1101885578753748
REGION1,PWRWNDB05,26,2022,0.3643183712268531
REGION1,PWRWNDB05,27,2022,0.5065105649464391
REGION1,PWRWNDB05,28,2022,0.8539356022222662
REGION1,PWRWNDB05,29,2022,1.0
REGION1,PWRWNDB05,30,2022,1.0
REGION1,PWRWNDB05,31,2022,0.9960489550205204
REGION1,PWRWNDB05,32,2022,1.0
REGION1,PWRWNDB05,33,2022,0.6646073476055374
REGION1,PWRWNDB05,34,2022,0.5126797337524414
REGION1,PWRWNDB05,35,2022,0.0355065620458607
REGION1,PWRWNDB05,36,2022,0.0175922595613059
REGION1,PWRWNDB05,37,2022,0.083735247136937
REGION1,PWRWNDB05,38,2022,0.104183934909009
REGION1,PWRWNDB05,39,2022,0.1176824878664661
REGION1,PWRWNDB05,40,2022,0.0641995907623083
REGION1,PWRWNDB05,1,2023,1.0
REGION1,PWRWNDB05,2,2023,1.0
REGION1,PWRWNDB05,3,2023,1.0
REGION1,PWRWNDB05,4,2023,0.8724163976886326
REGION1,PWRWNDB05,5,2023,0.0580119284475827
REGION1,PWRWNDB05,6,2023,0.1752004775982389
REGION1,PWRWNDB05,7,2023,0.2722629026509897
REGION1,PWRWNDB05,8,2023,0.3777299203067943
REGION1,PWRWNDB05,9,2023,0.1170051866563377
REGION1,PWRWNDB05,10,2023,0.0092281005804589
REGION1,PWRWNDB05,11,2023,0.0029955576438375
REGION1,PWRWNDB05,12,2023,0.0061323626621153
REGION1,PWRWNDB05,13,2023,0.4791176583921335
REGION1,PWRWNDB05,14,2023,0.330368250127512
REGION1,PWRWNDB05,15,2023,0.1950012147133735
REGION1,PWRWNDB05,16,2023,0.356941533465658
REGION1,PWRWNDB05,17,2023,0.8438598946559619
REGION1,PWRWNDB05,18,2023,1.0
REGION1,PWRWNDB05,19,2023,0.995558548866042
REGION1,PWRWNDB05,20,2023,1.0
REGION1,PWRWNDB05,21,2023,0.0874026500006283
REGION1,PWRWNDB05,22,2023,0.0471578295627119
REGION1,PWRWNDB05,23,2023,0.0801737668431888
REGION1,PWRWNDB05,24,2023,0.005695851817011
REGION1,PWRWNDB05,25,2023,0.1101885578753748
REGION1,PWRWNDB05,26,2023,0.3643183712268531
REGION1,PWRWNDB05,27,2023,0.5065105649464391
REGION1,PWRWNDB05,28,2023,0.8539356022222662
REGION1,PWRWNDB05,29,2023,1.0
REGION1,PWRWNDB05,30,2023,1.0
REGION1,PWRWNDB05,31,2023,0.9960489550205204
REGION1,PWRWNDB05,32,2023,1.0
REGION1,PWRWNDB05,33,2023,0.6646073476055374
REGION1,PWRWNDB05,34,2023,0.5126797337524414
REGION1,PWRWNDB05,35,2023,0.0355065620458607
REGION1,PWRWNDB05,36,2023,0.0175922595613059
REGION1,PWRWNDB05,37,2023,0.083735247136937
REGION1,PWRWNDB05,38,2023,0.104183934909009
REGION1,PWRWNDB05,39,2023,0.1176824878664661
REGION1,PWRWNDB05,40,2023,0.0641995907623083
REGION1,PWRWNDB05,1,2024,1.0
REGION1,PWRWNDB05,2,2024,1.0
REGION1,PWRWNDB05,3,2024,1.0
REGION1,PWRWNDB05,4,2024,0.8724163976886326
REGION1,PWRWNDB05,5,2024,0.0580119284475827
REGION1,PWRWNDB05,6,2024,0.1752004775982389
REGION1,PWRWNDB05,7,2024,0.2722629026509897
REGION1,PWRWNDB05,8,2024,0.3777299203067943
REGION1,PWRWNDB05,9,2024,0.1170051866563377
REGION1,PWRWNDB05,10,2024,0.0092281005804589
REGION1,PWRWNDB05,11,2024,0.0029955576438375
REGION1,PWRWNDB05,12,2024,0.0061323626621153
REGION1,PWRWNDB05,13,2024,0.4791176583921335
REGION1,PWRWNDB05,14,2024,0.330368250127512
REGION1,PWRWNDB05,15,2024,0.1950012147133735
REGION1,PWRWNDB05,16,2024,0.356941533465658
REGION1,PWRWNDB05,17,2024,0.8438598946559619
REGION1,PWRWNDB05,18,2024,1.0
REGION1,PWRWNDB05,19,2024,0.995558548866042
REGION1,PWRWNDB05,20,2024,1.0
REGION1,PWRWNDB05,21,2024,0.0874026500006283
REGION1,PWRWNDB05,22,2024,0.0471578295627119
REGION1,PWRWNDB05,23,2024,0.0801737668431888
REGION1,PWRWNDB05,24,2024,0.005695851817011
REGION1,PWRWNDB05,25,2024,0.1101885578753748
REGION1,PWRWNDB05,26,2024,0.3643183712268531
REGION1,PWRWNDB05,27,2024,0.5065105649464391
REGION1,PWRWNDB05,28,2024,0.8539356022222662
REGION1,PWRWNDB05,29,2024,1.0
REGION1,PWRWNDB05,30,2024,1.0
REGION1,PWRWNDB05,31,2024,0.9960489550205204
REGION1,PWRWNDB05,32,2024,1.0
REGION1,PWRWNDB05,33,2024,0.6646073476055374
REGION1,PWRWNDB05,34,2024,0.5126797337524414
REGION1,PWRWNDB05,35,2024,0.0355065620458607
REGION1,PWRWNDB05,36,2024,0.0175922595613059
REGION1,PWRWNDB05,37,2024,0.083735247136937
REGION1,PWRWNDB05,38,2024,0.104183934909009
REGION1,PWRWNDB05,39,2024,0.1176824878664661
REGION1,PWRWNDB05,40,2024,0.0641995907623083
REGION1,PWRWNDB05,1,2025,1.0
REGION1,PWRWNDB05,2,2025,1.0
REGION1,PWRWNDB05,3,2025,1.0
REGION1,PWRWNDB05,4,2025,0.8724163976886326
REGION1,PWRWNDB05,5,2025,0.0580119284475827
REGION1,PWRWNDB05,6,2025,0.1752004775982389
REGION1,PWRWNDB05,7,2025,0.2722629026509897
REGION1,PWRWNDB05,8,2025,0.3777299203067943
REGION1,PWRWNDB05,9,2025,0.1170051866563377
REGION1,PWRWNDB05,10,2025,0.0092281005804589
REGION1,PWRWNDB05,11,2025,0.0029955576438375
REGION1,PWRWNDB05,12,2025,0.0061323626621153
REGION1,PWRWNDB05,13,2025,0.4791176583921335
REGION1,PWRWNDB05,14,2025,0.330368250127512
REGION1,PWRWNDB05,15,2025,0.1950012147133735
REGION1,PWRWNDB05,16,2025,0.356941533465658
REGION1,PWRWNDB05,17,2025,0.8438598946559619
REGION1,PWRWNDB05,18,2025,1.0
REGION1,PWRWNDB05,19,2025,0.995558548866042
REGION1,PWRWNDB05,20,2025,1.0
REGION1,PWRWNDB05,21,2025,0.0874026500006283
REGION1,PWRWNDB05,22,2025,0.0471578295627119
REGION1,PWRWNDB05,23,2025,0.0801737668431888
REGION1,PWRWNDB05,24,2025,0.005695851817011
REGION1,PWRWNDB05,25,2025,0.1101885578753748
REGION1,PWRWNDB05,26,2025,0.3643183712268531
REGION1,PWRWNDB05,27,2025,0.5065105649464391
REGION1,PWRWNDB05,28,2025,0.8539356022222662
REGION1,PWRWNDB05,29,2025,1.0
REGION1,PWRWNDB05,30,2025,1.0
REGION1,PWRWNDB05,31,2025,0.9960489550205204
REGION1,PWRWNDB05,32,2025,1.0
REGION1,PWRWNDB05,33,2025,0.6646073476055374
REGION1,PWRWNDB05,34,2025,0.5126797337524414
REGION1,PWRWNDB05,35,2025,0.0355065620458607
REGION1,PWRWNDB05,36,2025,0.0175922595613059
REGION1,PWRWNDB05,37,2025,0.083735247136937
REGION1,PWRWNDB05,38,2025,0.104183934909009
REGION1,PWRWNDB05,39,2025,0.1176824878664661
REGION1,PWRWNDB05,40,2025,0.0641995907623083
REGION1,PWRWNDB05,1,2026,1.0
REGION1,PWRWNDB05,2,2026,1.0
REGION1,PWRWNDB05,3,2026,1.0
REGION1,PWRWNDB05,4,2026,0.8724163976886326
REGION1,PWRWNDB05,5,2026,0.0580119284475827
REGION1,PWRWNDB05,6,2026,0.1752004775982389
REGION1,PWRWNDB05,7,2026,0.2722629026509897
REGION1,PWRWNDB05,8,2026,0.3777299203067943
REGION1,PWRWNDB05,9,2026,0.1170051866563377
REGION1,PWRWNDB05,10,2026,0.0092281005804589
REGION1,PWRWNDB05,11,2026,0.0029955576438375
REGION1,PWRWNDB05,12,2026,0.0061323626621153
REGION1,PWRWNDB05,13,2026,0.4791176583921335
REGION1,PWRWNDB05,14,2026,0.330368250127512
REGION1,PWRWNDB05,15,2026,0.1950012147133735
REGION1,PWRWNDB05,16,2026,0.356941533465658
REGION1,PWRWNDB05,17,2026,0.8438598946559619
REGION1,PWRWNDB05,18,2026,1.0
REGION1,PWRWNDB05,19,2026,0.995558548866042
REGION1,PWRWNDB05,20,2026,1.0
REGION1,PWRWNDB05,21,2026,0.0874026500006283
REGION1,PWRWNDB05,22,2026,0.0471578295627119
REGION1,PWRWNDB05,23,2026,0.0801737668431888
REGION1,PWRWNDB05,24,2026,0.005695851817011
REGION1,PWRWNDB05,25,2026,0.1101885578753748
REGION1,PWRWNDB05,26,2026,0.3643183712268531
REGION1,PWRWNDB05,27,2026,0.5065105649464391
REGION1,PWRWNDB05,28,2026,0.8539356022222662
REGION1,PWRWNDB05,29,2026,1.0
REGION1,PWRWNDB05,30,2026,1.0
REGION1,PWRWNDB05,31,2026,0.9960489550205204
REGION1,PWRWNDB05,32,2026,1.0
REGION1,PWRWNDB05,33,2026,0.6646073476055374
REGION1,PWRWNDB05,34,2026,0.5126797337524414
REGION1,PWRWNDB05,35,2026,0.0355065620458607
REGION1,PWRWNDB05,36,2026,0.0175922595613059
REGION1,PWRWNDB05,37,2026,0.083735247136937
REGION1,PWRWNDB05,38,2026,0.104183934909009
REGION1,PWRWNDB05,39,2026,0.1176824878664661
REGION1,PWRWNDB05,40,2026,0.0641995907623083
REGION1,PWRWNDB05,1,2027,1.0
REGION1,PWRWNDB05,2,2027,1.0
REGION1,PWRWNDB05,3,2027,1.0
REGION1,PWRWNDB05,4,2027,0.8724163976886326
REGION1,PWRWNDB05,5,2027,0.0580119284475827
REGION1,PWRWNDB05,6,2027,0.1752004775982389
REGION1,PWRWNDB05,7,2027,0.2722629026509897
REGION1,PWRWNDB05,8,2027,0.3777299203067943
REGION1,PWRWNDB05,9,2027,0.1170051866563377
REGION1,PWRWNDB05,10,2027,0.0092281005804589
REGION1,PWRWNDB05,11,2027,0.0029955576438375
REGION1,PWRWNDB05,12,2027,0.0061323626621153
REGION1,PWRWNDB05,13,2027,0.4791176583921335
REGION1,PWRWNDB05,14,2027,0.330368250127512
REGION1,PWRWNDB05,15,2027,0.1950012147133735
REGION1,PWRWNDB05,16,2027,0.356941533465658
REGION1,PWRWNDB05,17,2027,0.8438598946559619
REGION1,PWRWNDB05,18,2027,1.0
REGION1,PWRWNDB05,19,2027,0.995558548866042
REGION1,PWRWNDB05,20,2027,1.0
REGION1,PWRWNDB05,21,2027,0.0874026500006283
REGION1,PWRWNDB05,22,2027,0.0471578295627119
REGION1,PWRWNDB05,23,2027,0.0801737668431888
REGION1,PWRWNDB05,24,2027,0.005695851817011
REGION1,PWRWNDB05,25,2027,0.1101885578753748
REGION1,PWRWNDB05,26,2027,0.3643183712268531
REGION1,PWRWNDB05,27,2027,0.5065105649464391
REGION1,PWRWNDB05,28,2027,0.8539356022222662
REGION1,PWRWNDB05,29,2027,1.0
REGION1,PWRWNDB05,30,2027,1.0
REGION1,PWRWNDB05,31,2027,0.9960489550205204
REGION1,PWRWNDB05,32,2027,1.0
REGION1,PWRWNDB05,33,2027,0.6646073476055374
REGION1,PWRWNDB05,34,2027,0.5126797337524414
REGION1,PWRWNDB05,35,2027,0.0355065620458607
REGION1,PWRWNDB05,36,2027,0.0175922595613059
REGION1,PWRWNDB05,37,2027,0.083735247136937
REGION1,PWRWNDB05,38,2027,0.104183934909009
REGION1,PWRWNDB05,39,2027,0.1176824878664661
REGION1,PWRWNDB05,40,2027,0.0641995907623083
REGION1,PWRWNDB05,1,2028,1.0
REGION1,PWRWNDB05,2,2028,1.0
REGION1,PWRWNDB05,3,2028,1.0
REGION1,PWRWNDB05,4,2028,0.8724163976886326
REGION1,PWRWNDB05,5,2028,0.0580119284475827
REGION1,PWRWNDB05,6,2028,0.1752004775982389
REGION1,PWRWNDB05,7,2028,0.2722629026509897
REGION1,PWRWNDB05,8,2028,0.3777299203067943
REGION1,PWRWNDB05,9,2028,0.1170051866563377
REGION1,PWRWNDB05,10,2028,0.0092281005804589
REGION1,PWRWNDB05,11,2028,0.0029955576438375
REGION1,PWRWNDB05,12,2028,0.0061323626621153
REGION1,PWRWNDB05,13,2028,0.4791176583921335
REGION1,PWRWNDB05,14,2028,0.330368250127512
REGION1,PWRWNDB05,15,2028,0.1950012147133735
REGION1,PWRWNDB05,16,2028,0.356941533465658
REGION1,PWRWNDB05,17,2028,0.8438598946559619
REGION1,PWRWNDB05,18,2028,1.0
REGION1,PWRWNDB05,19,2028,0.995558548866042
REGION1,PWRWNDB05,20,2028,1.0
REGION1,PWRWNDB05,21,2028,0.0874026500006283
REGION1,PWRWNDB05,22,2028,0.0471578295627119
REGION1,PWRWNDB05,23,2028,0.0801737668431888
REGION1,PWRWNDB05,24,2028,0.005695851817011
REGION1,PWRWNDB05,25,2028,0.1101885578753748
REGION1,PWRWNDB05,26,2028,0.3643183712268531
REGION1,PWRWNDB05,27,2028,0.5065105649464391
REGION1,PWRWNDB05,28,2028,0.8539356022222662
REGION1,PWRWNDB05,29,2028,1.0
REGION1,PWRWNDB05,30,2028,1.0
REGION1,PWRWNDB05,31,2028,0.9960489550205204
REGION1,PWRWNDB05,32,2028,1.0
REGION1,PWRWNDB05,33,2028,0.6646073476055374
REGION1,PWRWNDB05,34,2028,0.5126797337524414
REGION1,PWRWNDB05,35,2028,0.0355065620458607
REGION1,PWRWNDB05,36,2028,0.0175922595613059
REGION1,PWRWNDB05,37,2028,0.083735247136937
REGION1,PWRWNDB05,38,2028,0.104183934909009
REGION1,PWRWNDB05,39,2028,0.1176824878664661
REGION1,PWRWNDB05,40,2028,0.0641995907623083
REGION1,PWRWNDB05,1,2029,1.0
REGION1,PWRWNDB05,2,2029,1.0
REGION1,PWRWNDB05,3,2029,1.0
REGION1,PWRWNDB05,4,2029,0.8724163976886326
REGION1,PWRWNDB05,5,2029,0.0580119284475827
REGION1,PWRWNDB05,6,2029,0.1752004775982389
REGION1,PWRWNDB05,7,2029,0.2722629026509897
REGION1,PWRWNDB05,8,2029,0.3777299203067943
REGION1,PWRWNDB05,9,2029,0.1170051866563377
REGION1,PWRWNDB05,10,2029,0.0092281005804589
REGION1,PWRWNDB05,11,2029,0.0029955576438375
REGION1,PWRWNDB05,12,2029,0.0061323626621153
REGION1,PWRWNDB05,13,2029,0.4791176583921335
REGION1,PWRWNDB05,14,2029,0.330368250127512
REGION1,PWRWNDB05,15,2029,0.1950012147133735
REGION1,PWRWNDB05,16,2029,0.356941533465658
REGION1,PWRWNDB05,17,2029,0.8438598946559619
REGION1,PWRWNDB05,18,2029,1.0
REGION1,PWRWNDB05,19,2029,0.995558548866042
REGION1,PWRWNDB05,20,2029,1.0
REGION1,PWRWNDB05,21,2029,0.0874026500006283
REGION1,PWRWNDB05,22,2029,0.0471578295627119
REGION1,PWRWNDB05,23,2029,0.0801737668431888
REGION1,PWRWNDB05,24,2029,0.005695851817011
REGION1,PWRWNDB05,25,2029,0.1101885578753748
REGION1,PWRWNDB05,26,2029,0.3643183712268531
REGION1,PWRWNDB05,27,2029,0.5065105649464391
REGION1,PWRWNDB05,28,2029,0.8539356022222662
REGION1,PWRWNDB05,29,2029,1.0
REGION1,PWRWNDB05,30,2029,1.0
REGION1,PWRWNDB05,31,2029,0.9960489550205204
REGION1,PWRWNDB05,32,2029,1.0
REGION1,PWRWNDB05,33,2029,0.6646073476055374
REGION1,PWRWNDB05,34,2029,0.5126797337524414
REGION1,PWRWNDB05,35,2029,0.0355065620458607
REGION1,PWRWNDB05,36,2029,0.0175922595613059
REGION1,PWRWNDB05,37,2029,0.083735247136937
REGION1,PWRWNDB05,38,2029,0.104183934909009
REGION1,PWRWNDB05,39,2029,0.1176824878664661
REGION1,PWRWNDB05,40,2029,0.0641995907623083
REGION1,PWRWNDB05,1,2030,1.0
REGION1,PWRWNDB05,2,2030,1.0
REGION1,PWRWNDB05,3,2030,1.0
REGION1,PWRWNDB05,4,2030,0.8724163976886326
REGION1,PWRWNDB05,5,2030,0.0580119284475827
REGION1,PWRWNDB05,6,2030,0.1752004775982389
REGION1,PWRWNDB05,7,2030,0.2722629026509897
REGION1,PWRWNDB05,8,2030,0.3777299203067943
REGION1,PWRWNDB05,9,2030,0.1170051866563377
REGION1,PWRWNDB05,10,2030,0.0092281005804589
REGION1,PWRWNDB05,11,2030,0.0029955576438375
REGION1,PWRWNDB05,12,2030,0.0061323626621153
REGION1,PWRWNDB05,13,2030,0.4791176583921335
REGION1,PWRWNDB05,14,2030,0.330368250127512
REGION1,PWRWNDB05,15,2030,0.1950012147133735
REGION1,PWRWNDB05,16,2030,0.356941533465658
REGION1,PWRWNDB05,17,2030,0.8438598946559619
REGION1,PWRWNDB05,18,2030,1.0
REGION1,PWRWNDB05,19,2030,0.995558548866042
REGION1,PWRWNDB05,20,2030,1.0
REGION1,PWRWNDB05,21,2030,0.0874026500006283
REGION1,PWRWNDB05,22,2030,0.0471578295627119
REGION1,PWRWNDB05,23,2030,0.0801737668431888
REGION1,PWRWNDB05,24,2030,0.005695851817011
REGION1,PWRWNDB05,25,2030,0.1101885578753748
REGION1,PWRWNDB05,26,2030,0.3643183712268531
REGION1,PWRWNDB05,27,2030,0.5065105649464391
REGION1,PWRWNDB05,28,2030,0.8539356022222662
REGION1,PWRWNDB05,29,2030,1.0
REGION1,PWRWNDB05,30,2030,1.0
REGION1,PWRWNDB05,31,2030,0.9960489550205204
REGION1,PWRWNDB05,32,2030,1.0
REGION1,PWRWNDB05,33,2030,0.6646073476055374
REGION1,PWRWNDB05,34,2030,0.5126797337524414
REGION1,PWRWNDB05,35,2030,0.0355065620458607
REGION1,PWRWNDB05,36,2030,0.0175922595613059
REGION1,PWRWNDB05,37,2030,0.083735247136937
REGION1,PWRWNDB05,38,2030,0.104183934909009
REGION1,PWRWNDB05,39,2030,0.1176824878664661
REGION1,PWRWNDB05,40,2030,0.0641995907623083
REGION1,PWRWNDB05,1,2031,1.0
REGION1,PWRWNDB05,2,2031,1.0
REGION1,PWRWNDB05,3,2031,1.0
REGION1,PWRWNDB05,4,2031,0.8724163976886326
REGION1,PWRWNDB05,5,2031,0.0580119284475827
REGION1,PWRWNDB05,6,2031,0.1752004775982389
REGION1,PWRWNDB05,7,2031,0.2722629026509897
REGION1,PWRWNDB05,8,2031,0.3777299203067943
REGION1,PWRWNDB05,9,2031,0.1170051866563377
REGION1,PWRWNDB05,10,2031,0.0092281005804589
REGION1,PWRWNDB05,11,2031,0.0029955576438375
REGION1,PWRWNDB05,12,2031,0.0061323626621153
REGION1,PWRWNDB05,13,2031,0.4791176583921335
REGION1,PWRWNDB05,14,2031,0.330368250127512
REGION1,PWRWNDB05,15,2031,0.1950012147133735
REGION1,PWRWNDB05,16,2031,0.356941533465658
REGION1,PWRWNDB05,17,2031,0.8438598946559619
REGION1,PWRWNDB05,18,2031,1.0
REGION1,PWRWNDB05,19,2031,0.995558548866042
REGION1,PWRWNDB05,20,2031,1.0
REGION1,PWRWNDB05,21,2031,0.0874026500006283
REGION1,PWRWNDB05,22,2031,0.0471578295627119
REGION1,PWRWNDB05,23,2031,0.0801737668431888
REGION1,PWRWNDB05,24,2031,0.005695851817011
REGION1,PWRWNDB05,25,2031,0.1101885578753748
REGION1,PWRWNDB05,26,2031,0.3643183712268531
REGION1,PWRWNDB05,27,2031,0.5065105649464391
REGION1,PWRWNDB05,28,2031,0.8539356022222662
REGION1,PWRWNDB05,29,2031,1.0
REGION1,PWRWNDB05,30,2031,1.0
REGION1,PWRWNDB05,31,2031,0.9960489550205204
REGION1,PWRWNDB05,32,2031,1.0
REGION1,PWRWNDB05,33,2031,0.6646073476055374
REGION1,PWRWNDB05,34,2031,0.5126797337524414
REGION1,PWRWNDB05,35,2031,0.0355065620458607
REGION1,PWRWNDB05,36,2031,0.0175922595613059
REGION1,PWRWNDB05,37,2031,0.083735247136937
REGION1,PWRWNDB05,38,2031,0.104183934909009
REGION1,PWRWNDB05,39,2031,0.1176824878664661
REGION1,PWRWNDB05,40,2031,0.0641995907623083
REGION1,PWRWNDB05,1,2032,1.0
REGION1,PWRWNDB05,2,2032,1.0
REGION1,PWRWNDB05,3,2032,1.0
REGION1,PWRWNDB05,4,2032,0.8724163976886326
REGION1,PWRWNDB05,5,2032,0.0580119284475827
REGION1,PWRWNDB05,6,2032,0.1752004775982389
REGION1,PWRWNDB05,7,2032,0.2722629026509897
REGION1,PWRWNDB05,8,2032,0.3777299203067943
REGION1,PWRWNDB05,9,2032,0.1170051866563377
REGION1,PWRWNDB05,10,2032,0.0092281005804589
REGION1,PWRWNDB05,11,2032,0.0029955576438375
REGION1,PWRWNDB05,12,2032,0.0061323626621153
REGION1,PWRWNDB05,13,2032,0.4791176583921335
REGION1,PWRWNDB05,14,2032,0.330368250127512
REGION1,PWRWNDB05,15,2032,0.1950012147133735
REGION1,PWRWNDB05,16,2032,0.356941533465658
REGION1,PWRWNDB05,17,2032,0.8438598946559619
REGION1,PWRWNDB05,18,2032,1.0
REGION1,PWRWNDB05,19,2032,0.995558548866042
REGION1,PWRWNDB05,20,2032,1.0
REGION1,PWRWNDB05,21,2032,0.0874026500006283
REGION1,PWRWNDB05,22,2032,0.0471578295627119
REGION1,PWRWNDB05,23,2032,0.0801737668431888
REGION1,PWRWNDB05,24,2032,0.005695851817011
REGION1,PWRWNDB05,25,2032,0.1101885578753748
REGION1,PWRWNDB05,26,2032,0.3643183712268531
REGION1,PWRWNDB05,27,2032,0.5065105649464391
REGION1,PWRWNDB05,28,2032,0.8539356022222662
REGION1,PWRWNDB05,29,2032,1.0
REGION1,PWRWNDB05,30,2032,1.0
REGION1,PWRWNDB05,31,2032,0.9960489550205204
REGION1,PWRWNDB05,32,2032,1.0
REGION1,PWRWNDB05,33,2032,0.6646073476055374
REGION1,PWRWNDB05,34,2032,0.5126797337524414
REGION1,PWRWNDB05,35,2032,0.0355065620458607
REGION1,PWRWNDB05,36,2032,0.0175922595613059
REGION1,PWRWNDB05,37,2032,0.083735247136937
REGION1,PWRWNDB05,38,2032,0.104183934909009
REGION1,PWRWNDB05,39,2032,0.1176824878664661
REGION1,PWRWNDB05,40,2032,0.0641995907623083
REGION1,PWRWNDB05,1,2033,1.0
REGION1,PWRWNDB05,2,2033,1.0
REGION1,PWRWNDB05,3,2033,1.0
REGION1,PWRWNDB05,4,2033,0.8724163976886326
REGION1,PWRWNDB05,5,2033,0.0580119284475827
REGION1,PWRWNDB05,6,2033,0.1752004775982389
REGION1,PWRWNDB05,7,2033,0.2722629026509897
REGION1,PWRWNDB05,8,2033,0.3777299203067943
REGION1,PWRWNDB05,9,2033,0.1170051866563377
REGION1,PWRWNDB05,10,2033,0.0092281005804589
REGION1,PWRWNDB05,11,2033,0.0029955576438375
REGION1,PWRWNDB05,12,2033,0.0061323626621153
REGION1,PWRWNDB05,13,2033,0.4791176583921335
REGION1,PWRWNDB05,14,2033,0.330368250127512
REGION1,PWRWNDB05,15,2033,0.1950012147133735
REGION1,PWRWNDB05,16,2033,0.356941533465658
REGION1,PWRWNDB05,17,2033,0.8438598946559619
REGION1,PWRWNDB05,18,2033,1.0
REGION1,PWRWNDB05,19,2033,0.995558548866042
REGION1,PWRWNDB05,20,2033,1.0
REGION1,PWRWNDB05,21,2033,0.0874026500006283
REGION1,PWRWNDB05,22,2033,0.0471578295627119
REGION1,PWRWNDB05,23,2033,0.0801737668431888
REGION1,PWRWNDB05,24,2033,0.005695851817011
REGION1,PWRWNDB05,25,2033,0.1101885578753748
REGION1,PWRWNDB05,26,2033,0.3643183712268531
REGION1,PWRWNDB05,27,2033,0.5065105649464391
REGION1,PWRWNDB05,28,2033,0.8539356022222662
REGION1,PWRWNDB05,29,2033,1.0
REGION1,PWRWNDB05,30,2033,1.0
REGION1,PWRWNDB05,31,2033,0.9960489550205204
REGION1,PWRWNDB05,32,2033,1.0
REGION1,PWRWNDB05,33,2033,0.6646073476055374
REGION1,PWRWNDB05,34,2033,0.5126797337524414
REGION1,PWRWNDB05,35,2033,0.0355065620458607
REGION1,PWRWNDB05,36,2033,0.0175922595613059
REGION1,PWRWNDB05,37,2033,0.083735247136937
REGION1,PWRWNDB05,38,2033,0.104183934909009
REGION1,PWRWNDB05,39,2033,0.1176824878664661
REGION1,PWRWNDB05,40,2033,0.0641995907623083
REGION1,PWRWNDB05,1,2034,1.0
REGION1,PWRWNDB05,2,2034,1.0
REGION1,PWRWNDB05,3,2034,1.0
REGION1,PWRWNDB05,4,2034,0.8724163976886326
REGION1,PWRWNDB05,5,2034,0.0580119284475827
REGION1,PWRWNDB05,6,2034,0.1752004775982389
REGION1,PWRWNDB05,7,2034,0.2722629026509897
REGION1,PWRWNDB05,8,2034,0.3777299203067943
REGION1,PWRWNDB05,9,2034,0.1170051866563377
REGION1,PWRWNDB05,10,2034,0.0092281005804589
REGION1,PWRWNDB05,11,2034,0.0029955576438375
REGION1,PWRWNDB05,12,2034,0.0061323626621153
REGION1,PWRWNDB05,13,2034,0.4791176583921335
REGION1,PWRWNDB05,14,2034,0.330368250127512
REGION1,PWRWNDB05,15,2034,0.1950012147133735
REGION1,PWRWNDB05,16,2034,0.356941533465658
REGION1,PWRWNDB05,17,2034,0.8438598946559619
REGION1,PWRWNDB05,18,2034,1.0
REGION1,PWRWNDB05,19,2034,0.995558548866042
REGION1,PWRWNDB05,20,2034,1.0
REGION1,PWRWNDB05,21,2034,0.0874026500006283
REGION1,PWRWNDB05,22,2034,0.0471578295627119
REGION1,PWRWNDB05,23,2034,0.0801737668431888
REGION1,PWRWNDB05,24,2034,0.005695851817011
REGION1,PWRWNDB05,25,2034,0.1101885578753748
REGION1,PWRWNDB05,26,2034,0.3643183712268531
REGION1,PWRWNDB05,27,2034,0.5065105649464391
REGION1,PWRWNDB05,28,2034,0.8539356022222662
REGION1,PWRWNDB05,29,2034,1.0
REGION1,PWRWNDB05,30,2034,1.0
REGION1,PWRWNDB05,31,2034,0.9960489550205204
REGION1,PWRWNDB05,32,2034,1.0
REGION1,PWRWNDB05,33,2034,0.6646073476055374
REGION1,PWRWNDB05,34,2034,0.5126797337524414
REGION1,PWRWNDB05,35,2034,0.0355065620458607
REGION1,PWRWNDB05,36,2034,0.0175922595613059
REGION1,PWRWNDB05,37,2034,0.083735247136937
REGION1,PWRWNDB05,38,2034,0.104183934909009
REGION1,PWRWNDB05,39,2034,0.1176824878664661
REGION1,PWRWNDB05,40,2034,0.0641995907623083
REGION1,PWRWNDB05,1,2035,1.0
REGION1,PWRWNDB05,2,2035,1.0
REGION1,PWRWNDB05,3,2035,1.0
REGION1,PWRWNDB05,4,2035,0.8724163976886326
REGION1,PWRWNDB05,5,2035,0.0580119284475827
REGION1,PWRWNDB05,6,2035,0.1752004775982389
REGION1,PWRWNDB05,7,2035,0.2722629026509897
REGION1,PWRWNDB05,8,2035,0.3777299203067943
REGION1,PWRWNDB05,9,2035,0.1170051866563377
REGION1,PWRWNDB05,10,2035,0.0092281005804589
REGION1,PWRWNDB05,11,2035,0.0029955576438375
REGION1,PWRWNDB05,12,2035,0.0061323626621153
REGION1,PWRWNDB05,13,2035,0.4791176583921335
REGION1,PWRWNDB05,14,2035,0.330368250127512
REGION1,PWRWNDB05,15,2035,0.1950012147133735
REGION1,PWRWNDB05,16,2035,0.356941533465658
REGION1,PWRWNDB05,17,2035,0.8438598946559619
REGION1,PWRWNDB05,18,2035,1.0
REGION1,PWRWNDB05,19,2035,0.995558548866042
REGION1,PWRWNDB05,20,2035,1.0
REGION1,PWRWNDB05,21,2035,0.0874026500006283
REGION1,PWRWNDB05,22,2035,0.0471578295627119
REGION1,PWRWNDB05,23,2035,0.0801737668431888
REGION1,PWRWNDB05,24,2035,0.005695851817011
REGION1,PWRWNDB05,25,2035,0.1101885578753748
REGION1,PWRWNDB05,26,2035,0.3643183712268531
REGION1,PWRWNDB05,27,2035,0.5065105649464391
REGION1,PWRWNDB05,28,2035,0.8539356022222662
REGION1,PWRWNDB05,29,2035,1.0
REGION1,PWRWNDB05,30,2035,1.0
REGION1,PWRWNDB05,31,2035,0.9960489550205204
REGION1,PWRWNDB05,32,2035,1.0
REGION1,PWRWNDB05,33,2035,0.6646073476055374
REGION1,PWRWNDB05,34,2035,0.5126797337524414
REGION1,PWRWNDB05,35,2035,0.0355065620458607
REGION1,PWRWNDB05,36,2035,0.0175922595613059
REGION1,PWRWNDB05,37,2035,0.083735247136937
REGION1,PWRWNDB05,38,2035,0.104183934909009
REGION1,PWRWNDB05,39,2035,0.1176824878664661
REGION1,PWRWNDB05,40,2035,0.0641995907623083
REGION1,PWRWNDB05,1,2036,1.0
REGION1,PWRWNDB05,2,2036,1.0
REGION1,PWRWNDB05,3,2036,1.0
REGION1,PWRWNDB05,4,2036,0.8724163976886326
REGION1,PWRWNDB05,5,2036,0.0580119284475827
REGION1,PWRWNDB05,6,2036,0.1752004775982389
REGION1,PWRWNDB05,7,2036,0.2722629026509897
REGION1,PWRWNDB05,8,2036,0.3777299203067943
REGION1,PWRWNDB05,9,2036,0.1170051866563377
REGION1,PWRWNDB05,10,2036,0.0092281005804589
REGION1,PWRWNDB05,11,2036,0.0029955576438375
REGION1,PWRWNDB05,12,2036,0.0061323626621153
REGION1,PWRWNDB05,13,2036,0.4791176583921335
REGION1,PWRWNDB05,14,2036,0.330368250127512
REGION1,PWRWNDB05,15,2036,0.1950012147133735
REGION1,PWRWNDB05,16,2036,0.356941533465658
REGION1,PWRWNDB05,17,2036,0.8438598946559619
REGION1,PWRWNDB05,18,2036,1.0
REGION1,PWRWNDB05,19,2036,0.995558548866042
REGION1,PWRWNDB05,20,2036,1.0
REGION1,PWRWNDB05,21,2036,0.0874026500006283
REGION1,PWRWNDB05,22,2036,0.0471578295627119
REGION1,PWRWNDB05,23,2036,0.0801737668431888
REGION1,PWRWNDB05,24,2036,0.005695851817011
REGION1,PWRWNDB05,25,2036,0.1101885578753748
REGION1,PWRWNDB05,26,2036,0.3643183712268531
REGION1,PWRWNDB05,27,2036,0.5065105649464391
REGION1,PWRWNDB05,28,2036,0.8539356022222662
REGION1,PWRWNDB05,29,2036,1.0
REGION1,PWRWNDB05,30,2036,1.0
REGION1,PWRWNDB05,31,2036,0.9960489550205204
REGION1,PWRWNDB05,32,2036,1.0
REGION1,PWRWNDB05,33,2036,0.6646073476055374
REGION1,PWRWNDB05,34,2036,0.5126797337524414
REGION1,PWRWNDB05,35,2036,0.0355065620458607
REGION1,PWRWNDB05,36,2036,0.0175922595613059
REGION1,PWRWNDB05,37,2036,0.083735247136937
REGION1,PWRWNDB05,38,2036,0.104183934909009
REGION1,PWRWNDB05,39,2036,0.1176824878664661
REGION1,PWRWNDB05,40,2036,0.0641995907623083
REGION1,PWRWNDB05,1,2037,1.0
REGION1,PWRWNDB05,2,2037,1.0
REGION1,PWRWNDB05,3,2037,1.0
REGION1,PWRWNDB05,4,2037,0.8724163976886326
REGION1,PWRWNDB05,5,2037,0.0580119284475827
REGION1,PWRWNDB05,6,2037,0.1752004775982389
REGION1,PWRWNDB05,7,2037,0.2722629026509897
REGION1,PWRWNDB05,8,2037,0.3777299203067943
REGION1,PWRWNDB05,9,2037,0.1170051866563377
REGION1,PWRWNDB05,10,2037,0.0092281005804589
REGION1,PWRWNDB05,11,2037,0.0029955576438375
REGION1,PWRWNDB05,12,2037,0.0061323626621153
REGION1,PWRWNDB05,13,2037,0.4791176583921335
REGION1,PWRWNDB05,14,2037,0.330368250127512
REGION1,PWRWNDB05,15,2037,0.1950012147133735
REGION1,PWRWNDB05,16,2037,0.356941533465658
REGION1,PWRWNDB05,17,2037,0.8438598946559619
REGION1,PWRWNDB05,18,2037,1.0
REGION1,PWRWNDB05,19,2037,0.995558548866042
REGION1,PWRWNDB05,20,2037,1.0
REGION1,PWRWNDB05,21,2037,0.0874026500006283
REGION1,PWRWNDB05,22,2037,0.0471578295627119
REGION1,PWRWNDB05,23,2037,0.0801737668431888
REGION1,PWRWNDB05,24,2037,0.005695851817011
REGION1,PWRWNDB05,25,2037,0.1101885578753748
REGION1,PWRWNDB05,26,2037,0.3643183712268531
REGION1,PWRWNDB05,27,2037,0.5065105649464391
REGION1,PWRWNDB05,28,2037,0.8539356022222662
REGION1,PWRWNDB05,29,2037,1.0
REGION1,PWRWNDB05,30,2037,1.0
REGION1,PWRWNDB05,31,2037,0.9960489550205204
REGION1,PWRWNDB05,32,2037,1.0
REGION1,PWRWNDB05,33,2037,0.6646073476055374
REGION1,PWRWNDB05,34,2037,0.5126797337524414
REGION1,PWRWNDB05,35,2037,0.0355065620458607
REGION1,PWRWNDB05,36,2037,0.0175922595613059
REGION1,PWRWNDB05,37,2037,0.083735247136937
REGION1,PWRWNDB05,38,2037,0.104183934909009
REGION1,PWRWNDB05,39,2037,0.1176824878664661
REGION1,PWRWNDB05,40,2037,0.0641995907623083
REGION1,PWRWNDB05,1,2038,1.0
REGION1,PWRWNDB05,2,2038,1.0
REGION1,PWRWNDB05,3,2038,1.0
REGION1,PWRWNDB05,4,2038,0.8724163976886326
REGION1,PWRWNDB05,5,2038,0.0580119284475827
REGION1,PWRWNDB05,6,2038,0.1752004775982389
REGION1,PWRWNDB05,7,2038,0.2722629026509897
REGION1,PWRWNDB05,8,2038,0.3777299203067943
REGION1,PWRWNDB05,9,2038,0.1170051866563377
REGION1,PWRWNDB05,10,2038,0.0092281005804589
REGION1,PWRWNDB05,11,2038,0.0029955576438375
REGION1,PWRWNDB05,12,2038,0.0061323626621153
REGION1,PWRWNDB05,13,2038,0.4791176583921335
REGION1,PWRWNDB05,14,2038,0.330368250127512
REGION1,PWRWNDB05,15,2038,0.1950012147133735
REGION1,PWRWNDB05,16,2038,0.356941533465658
REGION1,PWRWNDB05,17,2038,0.8438598946559619
REGION1,PWRWNDB05,18,2038,1.0
REGION1,PWRWNDB05,19,2038,0.995558548866042
REGION1,PWRWNDB05,20,2038,1.0
REGION1,PWRWNDB05,21,2038,0.0874026500006283
REGION1,PWRWNDB05,22,2038,0.0471578295627119
REGION1,PWRWNDB05,23,2038,0.0801737668431888
REGION1,PWRWNDB05,24,2038,0.005695851817011
REGION1,PWRWNDB05,25,2038,0.1101885578753748
REGION1,PWRWNDB05,26,2038,0.3643183712268531
REGION1,PWRWNDB05,27,2038,0.5065105649464391
REGION1,PWRWNDB05,28,2038,0.8539356022222662
REGION1,PWRWNDB05,29,2038,1.0
REGION1,PWRWNDB05,30,2038,1.0
REGION1,PWRWNDB05,31,2038,0.9960489550205204
REGION1,PWRWNDB05,32,2038,1.0
REGION1,PWRWNDB05,33,2038,0.6646073476055374
REGION1,PWRWNDB05,34,2038,0.5126797337524414
REGION1,PWRWNDB05,35,2038,0.0355065620458607
REGION1,PWRWNDB05,36,2038,0.0175922595613059
REGION1,PWRWNDB05,37,2038,0.083735247136937
REGION1,PWRWNDB05,38,2038,0.104183934909009
REGION1,PWRWNDB05,39,2038,0.1176824878664661
REGION1,PWRWNDB05,40,2038,0.0641995907623083
REGION1,PWRWNDB05,1,2039,1.0
REGION1,PWRWNDB05,2,2039,1.0
REGION1,PWRWNDB05,3,2039,1.0
REGION1,PWRWNDB05,4,2039,0.8724163976886326
REGION1,PWRWNDB05,5,2039,0.0580119284475827
REGION1,PWRWNDB05,6,2039,0.1752004775982389
REGION1,PWRWNDB05,7,2039,0.2722629026509897
REGION1,PWRWNDB05,8,2039,0.3777299203067943
REGION1,PWRWNDB05,9,2039,0.1170051866563377
REGION1,PWRWNDB05,10,2039,0.0092281005804589
REGION1,PWRWNDB05,11,2039,0.0029955576438375
REGION1,PWRWNDB05,12,2039,0.0061323626621153
REGION1,PWRWNDB05,13,2039,0.4791176583921335
REGION1,PWRWNDB05,14,2039,0.330368250127512
REGION1,PWRWNDB05,15,2039,0.1950012147133735
REGION1,PWRWNDB05,16,2039,0.356941533465658
REGION1,PWRWNDB05,17,2039,0.8438598946559619
REGION1,PWRWNDB05,18,2039,1.0
REGION1,PWRWNDB05,19,2039,0.995558548866042
REGION1,PWRWNDB05,20,2039,1.0
REGION1,PWRWNDB05,21,2039,0.0874026500006283
REGION1,PWRWNDB05,22,2039,0.0471578295627119
REGION1,PWRWNDB05,23,2039,0.0801737668431888
REGION1,PWRWNDB05,24,2039,0.005695851817011
REGION1,PWRWNDB05,25,2039,0.1101885578753748
REGION1,PWRWNDB05,26,2039,0.3643183712268531
REGION1,PWRWNDB05,27,2039,0.5065105649464391
REGION1,PWRWNDB05,28,2039,0.8539356022222662
REGION1,PWRWNDB05,29,2039,1.0
REGION1,PWRWNDB05,30,2039,1.0
REGION1,PWRWNDB05,31,2039,0.9960489550205204
REGION1,PWRWNDB05,32,2039,1.0
REGION1,PWRWNDB05,33,2039,0.6646073476055374
REGION1,PWRWNDB05,34,2039,0.5126797337524414
REGION1,PWRWNDB05,35,2039,0.0355065620458607
REGION1,PWRWNDB05,36,2039,0.0175922595613059
REGION1,PWRWNDB05,37,2039,0.083735247136937
REGION1,PWRWNDB05,38,2039,0.104183934909009
REGION1,PWRWNDB05,39,2039,0.1176824878664661
REGION1,PWRWNDB05,40,2039,0.0641995907623083
REGION1,PWRWNDB05,1,2040,1.0
REGION1,PWRWNDB05,2,2040,1.0
REGION1,PWRWNDB05,3,2040,1.0
REGION1,PWRWNDB05,4,2040,0.8724163976886326
REGION1,PWRWNDB05,5,2040,0.0580119284475827
REGION1,PWRWNDB05,6,2040,0.1752004775982389
REGION1,PWRWNDB05,7,2040,0.2722629026509897
REGION1,PWRWNDB05,8,2040,0.3777299203067943
REGION1,PWRWNDB05,9,2040,0.1170051866563377
REGION1,PWRWNDB05,10,2040,0.0092281005804589
REGION1,PWRWNDB05,11,2040,0.0029955576438375
REGION1,PWRWNDB05,12,2040,0.0061323626621153
REGION1,PWRWNDB05,13,2040,0.4791176583921335
REGION1,PWRWNDB05,14,2040,0.330368250127512
REGION1,PWRWNDB05,15,2040,0.1950012147133735
REGION1,PWRWNDB05,16,2040,0.356941533465658
REGION1,PWRWNDB05,17,2040,0.8438598946559619
REGION1,PWRWNDB05,18,2040,1.0
REGION1,PWRWNDB05,19,2040,0.995558548866042
REGION1,PWRWNDB05,20,2040,1.0
REGION1,PWRWNDB05,21,2040,0.0874026500006283
REGION1,PWRWNDB05,22,2040,0.0471578295627119
REGION1,PWRWNDB05,23,2040,0.0801737668431888
REGION1,PWRWNDB05,24,2040,0.005695851817011
REGION1,PWRWNDB05,25,2040,0.1101885578753748
REGION1,PWRWNDB05,26,2040,0.3643183712268531
REGION1,PWRWNDB05,27,2040,0.5065105649464391
REGION1,PWRWNDB05,28,2040,0.8539356022222662
REGION1,PWRWNDB05,29,2040,1.0
REGION1,PWRWNDB05,30,2040,1.0
REGION1,PWRWNDB05,31,2040,0.9960489550205204
REGION1,PWRWNDB05,32,2040,1.0
REGION1,PWRWNDB05,33,2040,0.6646073476055374
REGION1,PWRWNDB05,34,2040,0.5126797337524414
REGION1,PWRWNDB05,35,2040,0.0355065620458607
REGION1,PWRWNDB05,36,2040,0.0175922595613059
REGION1,PWRWNDB05,37,2040,0.083735247136937
REGION1,PWRWNDB05,38,2040,0.104183934909009
REGION1,PWRWNDB05,39,2040,0.1176824878664661
REGION1,PWRWNDB05,40,2040,0.0641995907623083
REGION1,PWRWNDB05,1,2041,1.0
REGION1,PWRWNDB05,2,2041,1.0
REGION1,PWRWNDB05,3,2041,1.0
REGION1,PWRWNDB05,4,2041,0.8724163976886326
REGION1,PWRWNDB05,5,2041,0.0580119284475827
REGION1,PWRWNDB05,6,2041,0.1752004775982389
REGION1,PWRWNDB05,7,2041,0.2722629026509897
REGION1,PWRWNDB05,8,2041,0.3777299203067943
REGION1,PWRWNDB05,9,2041,0.1170051866563377
REGION1,PWRWNDB05,10,2041,0.0092281005804589
REGION1,PWRWNDB05,11,2041,0.0029955576438375
REGION1,PWRWNDB05,12,2041,0.0061323626621153
REGION1,PWRWNDB05,13,2041,0.4791176583921335
REGION1,PWRWNDB05,14,2041,0.330368250127512
REGION1,PWRWNDB05,15,2041,0.1950012147133735
REGION1,PWRWNDB05,16,2041,0.356941533465658
REGION1,PWRWNDB05,17,2041,0.8438598946559619
REGION1,PWRWNDB05,18,2041,1.0
REGION1,PWRWNDB05,19,2041,0.995558548866042
REGION1,PWRWNDB05,20,2041,1.0
REGION1,PWRWNDB05,21,2041,0.0874026500006283
REGION1,PWRWNDB05,22,2041,0.0471578295627119
REGION1,PWRWNDB05,23,2041,0.0801737668431888
REGION1,PWRWNDB05,24,2041,0.005695851817011
REGION1,PWRWNDB05,25,2041,0.1101885578753748
REGION1,PWRWNDB05,26,2041,0.3643183712268531
REGION1,PWRWNDB05,27,2041,0.5065105649464391
REGION1,PWRWNDB05,28,2041,0.8539356022222662
REGION1,PWRWNDB05,29,2041,1.0
REGION1,PWRWNDB05,30,2041,1.0
REGION1,PWRWNDB05,31,2041,0.9960489550205204
REGION1,PWRWNDB05,32,2041,1.0
REGION1,PWRWNDB05,33,2041,0.6646073476055374
REGION1,PWRWNDB05,34,2041,0.5126797337524414
REGION1,PWRWNDB05,35,2041,0.0355065620458607
REGION1,PWRWNDB05,36,2041,0.0175922595613059
REGION1,PWRWNDB05,37,2041,0.083735247136937
REGION1,PWRWNDB05,38,2041,0.104183934909009
REGION1,PWRWNDB05,39,2041,0.1176824878664661
REGION1,PWRWNDB05,40,2041,0.0641995907623083
REGION1,PWRWNDB05,1,2042,1.0
REGION1,PWRWNDB05,2,2042,1.0
REGION1,PWRWNDB05,3,2042,1.0
REGION1,PWRWNDB05,4,2042,0.8724163976886326
REGION1,PWRWNDB05,5,2042,0.0580119284475827
REGION1,PWRWNDB05,6,2042,0.1752004775982389
REGION1,PWRWNDB05,7,2042,0.2722629026509897
REGION1,PWRWNDB05,8,2042,0.3777299203067943
REGION1,PWRWNDB05,9,2042,0.1170051866563377
REGION1,PWRWNDB05,10,2042,0.0092281005804589
REGION1,PWRWNDB05,11,2042,0.0029955576438375
REGION1,PWRWNDB05,12,2042,0.0061323626621153
REGION1,PWRWNDB05,13,2042,0.4791176583921335
REGION1,PWRWNDB05,14,2042,0.330368250127512
REGION1,PWRWNDB05,15,2042,0.1950012147133735
REGION1,PWRWNDB05,16,2042,0.356941533465658
REGION1,PWRWNDB05,17,2042,0.8438598946559619
REGION1,PWRWNDB05,18,2042,1.0
REGION1,PWRWNDB05,19,2042,0.995558548866042
REGION1,PWRWNDB05,20,2042,1.0
REGION1,PWRWNDB05,21,2042,0.0874026500006283
REGION1,PWRWNDB05,22,2042,0.0471578295627119
REGION1,PWRWNDB05,23,2042,0.0801737668431888
REGION1,PWRWNDB05,24,2042,0.005695851817011
REGION1,PWRWNDB05,25,2042,0.1101885578753748
REGION1,PWRWNDB05,26,2042,0.3643183712268531
REGION1,PWRWNDB05,27,2042,0.5065105649464391
REGION1,PWRWNDB05,28,2042,0.8539356022222662
REGION1,PWRWNDB05,29,2042,1.0
REGION1,PWRWNDB05,30,2042,1.0
REGION1,PWRWNDB05,31,2042,0.9960489550205204
REGION1,PWRWNDB05,32,2042,1.0
REGION1,PWRWNDB05,33,2042,0.6646073476055374
REGION1,PWRWNDB05,34,2042,0.5126797337524414
REGION1,PWRWNDB05,35,2042,0.0355065620458607
REGION1,PWRWNDB05,36,2042,0.0175922595613059
REGION1,PWRWNDB05,37,2042,0.083735247136937
REGION1,PWRWNDB05,38,2042,0.104183934909009
REGION1,PWRWNDB05,39,2042,0.1176824878664661
REGION1,PWRWNDB05,40,2042,0.0641995907623083
REGION1,PWRWNDB05,1,2043,1.0
REGION1,PWRWNDB05,2,2043,1.0
REGION1,PWRWNDB05,3,2043,1.0
REGION1,PWRWNDB05,4,2043,0.8724163976886326
REGION1,PWRWNDB05,5,2043,0.0580119284475827
REGION1,PWRWNDB05,6,2043,0.1752004775982389
REGION1,PWRWNDB05,7,2043,0.2722629026509897
REGION1,PWRWNDB05,8,2043,0.3777299203067943
REGION1,PWRWNDB05,9,2043,0.1170051866563377
REGION1,PWRWNDB05,10,2043,0.0092281005804589
REGION1,PWRWNDB05,11,2043,0.0029955576438375
REGION1,PWRWNDB05,12,2043,0.0061323626621153
REGION1,PWRWNDB05,13,2043,0.4791176583921335
REGION1,PWRWNDB05,14,2043,0.330368250127512
REGION1,PWRWNDB05,15,2043,0.1950012147133735
REGION1,PWRWNDB05,16,2043,0.356941533465658
REGION1,PWRWNDB05,17,2043,0.8438598946559619
REGION1,PWRWNDB05,18,2043,1.0
REGION1,PWRWNDB05,19,2043,0.995558548866042
REGION1,PWRWNDB05,20,2043,1.0
REGION1,PWRWNDB05,21,2043,0.0874026500006283
REGION1,PWRWNDB05,22,2043,0.0471578295627119
REGION1,PWRWNDB05,23,2043,0.0801737668431888
REGION1,PWRWNDB05,24,2043,0.005695851817011
REGION1,PWRWNDB05,25,2043,0.1101885578753748
REGION1,PWRWNDB05,26,2043,0.3643183712268531
REGION1,PWRWNDB05,27,2043,0.5065105649464391
REGION1,PWRWNDB05,28,2043,0.8539356022222662
REGION1,PWRWNDB05,29,2043,1.0
REGION1,PWRWNDB05,30,2043,1.0
REGION1,PWRWNDB05,31,2043,0.9960489550205204
REGION1,PWRWNDB05,32,2043,1.0
REGION1,PWRWNDB05,33,2043,0.6646073476055374
REGION1,PWRWNDB05,34,2043,0.5126797337524414
REGION1,PWRWNDB05,35,2043,0.0355065620458607
REGION1,PWRWNDB05,36,2043,0.0175922595613059
REGION1,PWRWNDB05,37,2043,0.083735247136937
REGION1,PWRWNDB05,38,2043,0.104183934909009
REGION1,PWRWNDB05,39,2043,0.1176824878664661
REGION1,PWRWNDB05,40,2043,0.0641995907623083
REGION1,PWRWNDB05,1,2044,1.0
REGION1,PWRWNDB05,2,2044,1.0
REGION1,PWRWNDB05,3,2044,1.0
REGION1,PWRWNDB05,4,2044,0.8724163976886326
REGION1,PWRWNDB05,5,2044,0.0580119284475827
REGION1,PWRWNDB05,6,2044,0.1752004775982389
REGION1,PWRWNDB05,7,2044,0.2722629026509897
REGION1,PWRWNDB05,8,2044,0.3777299203067943
REGION1,PWRWNDB05,9,2044,0.1170051866563377
REGION1,PWRWNDB05,10,2044,0.0092281005804589
REGION1,PWRWNDB05,11,2044,0.0029955576438375
REGION1,PWRWNDB05,12,2044,0.0061323626621153
REGION1,PWRWNDB05,13,2044,0.4791176583921335
REGION1,PWRWNDB05,14,2044,0.330368250127512
REGION1,PWRWNDB05,15,2044,0.1950012147133735
REGION1,PWRWNDB05,16,2044,0.356941533465658
REGION1,PWRWNDB05,17,2044,0.8438598946559619
REGION1,PWRWNDB05,18,2044,1.0
REGION1,PWRWNDB05,19,2044,0.995558548866042
REGION1,PWRWNDB05,20,2044,1.0
REGION1,PWRWNDB05,21,2044,0.0874026500006283
REGION1,PWRWNDB05,22,2044,0.0471578295627119
REGION1,PWRWNDB05,23,2044,0.0801737668431888
REGION1,PWRWNDB05,24,2044,0.005695851817011
REGION1,PWRWNDB05,25,2044,0.1101885578753748
REGION1,PWRWNDB05,26,2044,0.3643183712268531
REGION1,PWRWNDB05,27,2044,0.5065105649464391
REGION1,PWRWNDB05,28,2044,0.8539356022222662
REGION1,PWRWNDB05,29,2044,1.0
REGION1,PWRWNDB05,30,2044,1.0
REGION1,PWRWNDB05,31,2044,0.9960489550205204
REGION1,PWRWNDB05,32,2044,1.0
REGION1,PWRWNDB05,33,2044,0.6646073476055374
REGION1,PWRWNDB05,34,2044,0.5126797337524414
REGION1,PWRWNDB05,35,2044,0.0355065620458607
REGION1,PWRWNDB05,36,2044,0.0175922595613059
REGION1,PWRWNDB05,37,2044,0.083735247136937
REGION1,PWRWNDB05,38,2044,0.104183934909009
REGION1,PWRWNDB05,39,2044,0.1176824878664661
REGION1,PWRWNDB05,40,2044,0.0641995907623083
REGION1,PWRWNDB05,1,2045,1.0
REGION1,PWRWNDB05,2,2045,1.0
REGION1,PWRWNDB05,3,2045,1.0
REGION1,PWRWNDB05,4,2045,0.8724163976886326
REGION1,PWRWNDB05,5,2045,0.0580119284475827
REGION1,PWRWNDB05,6,2045,0.1752004775982389
REGION1,PWRWNDB05,7,2045,0.2722629026509897
REGION1,PWRWNDB05,8,2045,0.3777299203067943
REGION1,PWRWNDB05,9,2045,0.1170051866563377
REGION1,PWRWNDB05,10,2045,0.0092281005804589
REGION1,PWRWNDB05,11,2045,0.0029955576438375
REGION1,PWRWNDB05,12,2045,0.0061323626621153
REGION1,PWRWNDB05,13,2045,0.4791176583921335
REGION1,PWRWNDB05,14,2045,0.330368250127512
REGION1,PWRWNDB05,15,2045,0.1950012147133735
REGION1,PWRWNDB05,16,2045,0.356941533465658
REGION1,PWRWNDB05,17,2045,0.8438598946559619
REGION1,PWRWNDB05,18,2045,1.0
REGION1,PWRWNDB05,19,2045,0.995558548866042
REGION1,PWRWNDB05,20,2045,1.0
REGION1,PWRWNDB05,21,2045,0.0874026500006283
REGION1,PWRWNDB05,22,2045,0.0471578295627119
REGION1,PWRWNDB05,23,2045,0.0801737668431888
REGION1,PWRWNDB05,24,2045,0.005695851817011
REGION1,PWRWNDB05,25,2045,0.1101885578753748
REGION1,PWRWNDB05,26,2045,0.3643183712268531
REGION1,PWRWNDB05,27,2045,0.5065105649464391
REGION1,PWRWNDB05,28,2045,0.8539356022222662
REGION1,PWRWNDB05,29,2045,1.0
REGION1,PWRWNDB05,30,2045,1.0
REGION1,PWRWNDB05,31,2045,0.9960489550205204
REGION1,PWRWNDB05,32,2045,1.0
REGION1,PWRWNDB05,33,2045,0.6646073476055374
REGION1,PWRWNDB05,34,2045,0.5126797337524414
REGION1,PWRWNDB05,35,2045,0.0355065620458607
REGION1,PWRWNDB05,36,2045,0.0175922595613059
REGION1,PWRWNDB05,37,2045,0.083735247136937
REGION1,PWRWNDB05,38,2045,0.104183934909009
REGION1,PWRWNDB05,39,2045,0.1176824878664661
REGION1,PWRWNDB05,40,2045,0.0641995907623083
REGION1,PWRWNDB05,1,2046,1.0
REGION1,PWRWNDB05,2,2046,1.0
REGION1,PWRWNDB05,3,2046,1.0
REGION1,PWRWNDB05,4,2046,0.8724163976886326
REGION1,PWRWNDB05,5,2046,0.0580119284475827
REGION1,PWRWNDB05,6,2046,0.1752004775982389
REGION1,PWRWNDB05,7,2046,0.2722629026509897
REGION1,PWRWNDB05,8,2046,0.3777299203067943
REGION1,PWRWNDB05,9,2046,0.1170051866563377
REGION1,PWRWNDB05,10,2046,0.0092281005804589
REGION1,PWRWNDB05,11,2046,0.0029955576438375
REGION1,PWRWNDB05,12,2046,0.0061323626621153
REGION1,PWRWNDB05,13,2046,0.4791176583921335
REGION1,PWRWNDB05,14,2046,0.330368250127512
REGION1,PWRWNDB05,15,2046,0.1950012147133735
REGION1,PWRWNDB05,16,2046,0.356941533465658
REGION1,PWRWNDB05,17,2046,0.8438598946559619
REGION1,PWRWNDB05,18,2046,1.0
REGION1,PWRWNDB05,19,2046,0.995558548866042
REGION1,PWRWNDB05,20,2046,1.0
REGION1,PWRWNDB05,21,2046,0.0874026500006283
REGION1,PWRWNDB05,22,2046,0.0471578295627119
REGION1,PWRWNDB05,23,2046,0.0801737668431888
REGION1,PWRWNDB05,24,2046,0.005695851817011
REGION1,PWRWNDB05,25,2046,0.1101885578753748
REGION1,PWRWNDB05,26,2046,0.3643183712268531
REGION1,PWRWNDB05,27,2046,0.5065105649464391
REGION1,PWRWNDB05,28,2046,0.8539356022222662
REGION1,PWRWNDB05,29,2046,1.0
REGION1,PWRWNDB05,30,2046,1.0
REGION1,PWRWNDB05,31,2046,0.9960489550205204
REGION1,PWRWNDB05,32,2046,1.0
REGION1,PWRWNDB05,33,2046,0.6646073476055374
REGION1,PWRWNDB05,34,2046,0.5126797337524414
REGION1,PWRWNDB05,35,2046,0.0355065620458607
REGION1,PWRWNDB05,36,2046,0.0175922595613059
REGION1,PWRWNDB05,37,2046,0.083735247136937
REGION1,PWRWNDB05,38,2046,0.104183934909009
REGION1,PWRWNDB05,39,2046,0.1176824878664661
REGION1,PWRWNDB05,40,2046,0.0641995907623083
REGION1,PWRWNDB05,1,2047,1.0
REGION1,PWRWNDB05,2,2047,1.0
REGION1,PWRWNDB05,3,2047,1.0
REGION1,PWRWNDB05,4,2047,0.8724163976886326
REGION1,PWRWNDB05,5,2047,0.0580119284475827
REGION1,PWRWNDB05,6,2047,0.1752004775982389
REGION1,PWRWNDB05,7,2047,0.2722629026509897
REGION1,PWRWNDB05,8,2047,0.3777299203067943
REGION1,PWRWNDB05,9,2047,0.1170051866563377
REGION1,PWRWNDB05,10,2047,0.0092281005804589
REGION1,PWRWNDB05,11,2047,0.0029955576438375
REGION1,PWRWNDB05,12,2047,0.0061323626621153
REGION1,PWRWNDB05,13,2047,0.4791176583921335
REGION1,PWRWNDB05,14,2047,0.330368250127512
REGION1,PWRWNDB05,15,2047,0.1950012147133735
REGION1,PWRWNDB05,16,2047,0.356941533465658
REGION1,PWRWNDB05,17,2047,0.8438598946559619
REGION1,PWRWNDB05,18,2047,1.0
REGION1,PWRWNDB05,19,2047,0.995558548866042
REGION1,PWRWNDB05,20,2047,1.0
REGION1,PWRWNDB05,21,2047,0.0874026500006283
REGION1,PWRWNDB05,22,2047,0.0471578295627119
REGION1,PWRWNDB05,23,2047,0.0801737668431888
REGION1,PWRWNDB05,24,2047,0.005695851817011
REGION1,PWRWNDB05,25,2047,0.1101885578753748
REGION1,PWRWNDB05,26,2047,0.3643183712268531
REGION1,PWRWNDB05,27,2047,0.5065105649464391
REGION1,PWRWNDB05,28,2047,0.8539356022222662
REGION1,PWRWNDB05,29,2047,1.0
REGION1,PWRWNDB05,30,2047,1.0
REGION1,PWRWNDB05,31,2047,0.9960489550205204
REGION1,PWRWNDB05,32,2047,1.0
REGION1,PWRWNDB05,33,2047,0.6646073476055374
REGION1,PWRWNDB05,34,2047,0.5126797337524414
REGION1,PWRWNDB05,35,2047,0.0355065620458607
REGION1,PWRWNDB05,36,2047,0.0175922595613059
REGION1,PWRWNDB05,37,2047,0.083735247136937
REGION1,PWRWNDB05,38,2047,0.104183934909009
REGION1,PWRWNDB05,39,2047,0.1176824878664661
REGION1,PWRWNDB05,40,2047,0.0641995907623083
REGION1,PWRWNDB05,1,2048,1.0
REGION1,PWRWNDB05,2,2048,1.0
REGION1,PWRWNDB05,3,2048,1.0
REGION1,PWRWNDB05,4,2048,0.8724163976886326
REGION1,PWRWNDB05,5,2048,0.0580119284475827
REGION1,PWRWNDB05,6,2048,0.1752004775982389
REGION1,PWRWNDB05,7,2048,0.2722629026509897
REGION1,PWRWNDB05,8,2048,0.3777299203067943
REGION1,PWRWNDB05,9,2048,0.1170051866563377
REGION1,PWRWNDB05,10,2048,0.0092281005804589
REGION1,PWRWNDB05,11,2048,0.0029955576438375
REGION1,PWRWNDB05,12,2048,0.0061323626621153
REGION1,PWRWNDB05,13,2048,0.4791176583921335
REGION1,PWRWNDB05,14,2048,0.330368250127512
REGION1,PWRWNDB05,15,2048,0.1950012147133735
REGION1,PWRWNDB05,16,2048,0.356941533465658
REGION1,PWRWNDB05,17,2048,0.8438598946559619
REGION1,PWRWNDB05,18,2048,1.0
REGION1,PWRWNDB05,19,2048,0.995558548866042
REGION1,PWRWNDB05,20,2048,1.0
REGION1,PWRWNDB05,21,2048,0.0874026500006283
REGION1,PWRWNDB05,22,2048,0.0471578295627119
REGION1,PWRWNDB05,23,2048,0.0801737668431888
REGION1,PWRWNDB05,24,2048,0.005695851817011
REGION1,PWRWNDB05,25,2048,0.1101885578753748
REGION1,PWRWNDB05,26,2048,0.3643183712268531
REGION1,PWRWNDB05,27,2048,0.5065105649464391
REGION1,PWRWNDB05,28,2048,0.8539356022222662
REGION1,PWRWNDB05,29,2048,1.0
REGION1,PWRWNDB05,30,2048,1.0
REGION1,PWRWNDB05,31,2048,0.9960489550205204
REGION1,PWRWNDB05,32,2048,1.0
REGION1,PWRWNDB05,33,2048,0.6646073476055374
REGION1,PWRWNDB05,34,2048,0.5126797337524414
REGION1,PWRWNDB05,35,2048,0.0355065620458607
REGION1,PWRWNDB05,36,2048,0.0175922595613059
REGION1,PWRWNDB05,37,2048,0.083735247136937
REGION1,PWRWNDB05,38,2048,0.104183934909009
REGION1,PWRWNDB05,39,2048,0.1176824878664661
REGION1,PWRWNDB05,40,2048,0.0641995907623083
REGION1,PWRWNDB05,1,2049,1.0
REGION1,PWRWNDB05,2,2049,1.0
REGION1,PWRWNDB05,3,2049,1.0
REGION1,PWRWNDB05,4,2049,0.8724163976886326
REGION1,PWRWNDB05,5,2049,0.0580119284475827
REGION1,PWRWNDB05,6,2049,0.1752004775982389
REGION1,PWRWNDB05,7,2049,0.2722629026509897
REGION1,PWRWNDB05,8,2049,0.3777299203067943
REGION1,PWRWNDB05,9,2049,0.1170051866563377
REGION1,PWRWNDB05,10,2049,0.0092281005804589
REGION1,PWRWNDB05,11,2049,0.0029955576438375
REGION1,PWRWNDB05,12,2049,0.0061323626621153
REGION1,PWRWNDB05,13,2049,0.4791176583921335
REGION1,PWRWNDB05,14,2049,0.330368250127512
REGION1,PWRWNDB05,15,2049,0.1950012147133735
REGION1,PWRWNDB05,16,2049,0.356941533465658
REGION1,PWRWNDB05,17,2049,0.8438598946559619
REGION1,PWRWNDB05,18,2049,1.0
REGION1,PWRWNDB05,19,2049,0.995558548866042
REGION1,PWRWNDB05,20,2049,1.0
REGION1,PWRWNDB05,21,2049,0.0874026500006283
REGION1,PWRWNDB05,22,2049,0.0471578295627119
REGION1,PWRWNDB05,23,2049,0.0801737668431888
REGION1,PWRWNDB05,24,2049,0.005695851817011
REGION1,PWRWNDB05,25,2049,0.1101885578753748
REGION1,PWRWNDB05,26,2049,0.3643183712268531
REGION1,PWRWNDB05,27,2049,0.5065105649464391
REGION1,PWRWNDB05,28,2049,0.8539356022222662
REGION1,PWRWNDB05,29,2049,1.0
REGION1,PWRWNDB05,30,2049,1.0
REGION1,PWRWNDB05,31,2049,0.9960489550205204
REGION1,PWRWNDB05,32,2049,1.0
REGION1,PWRWNDB05,33,2049,0.6646073476055374
REGION1,PWRWNDB05,34,2049,0.5126797337524414
REGION1,PWRWNDB05,35,2049,0.0355065620458607
REGION1,PWRWNDB05,36,2049,0.0175922595613059
REGION1,PWRWNDB05,37,2049,0.083735247136937
REGION1,PWRWNDB05,38,2049,0.104183934909009
REGION1,PWRWNDB05,39,2049,0.1176824878664661
REGION1,PWRWNDB05,40,2049,0.0641995907623083
REGION1,PWRWNDB05,1,2050,1.0
REGION1,PWRWNDB05,2,2050,1.0
REGION1,PWRWNDB05,3,2050,1.0
REGION1,PWRWNDB05,4,2050,0.8724163976886326
REGION1,PWRWNDB05,5,2050,0.0580119284475827
REGION1,PWRWNDB05,6,2050,0.1752004775982389
REGION1,PWRWNDB05,7,2050,0.2722629026509897
REGION1,PWRWNDB05,8,2050,0.3777299203067943
REGION1,PWRWNDB05,9,2050,0.1170051866563377
REGION1,PWRWNDB05,10,2050,0.0092281005804589
REGION1,PWRWNDB05,11,2050,0.0029955576438375
REGION1,PWRWNDB05,12,2050,0.0061323626621153
REGION1,PWRWNDB05,13,2050,0.4791176583921335
REGION1,PWRWNDB05,14,2050,0.330368250127512
REGION1,PWRWNDB05,15,2050,0.1950012147133735
REGION1,PWRWNDB05,16,2050,0.356941533465658
REGION1,PWRWNDB05,17,2050,0.8438598946559619
REGION1,PWRWNDB05,18,2050,1.0
REGION1,PWRWNDB05,19,2050,0.995558548866042
REGION1,PWRWNDB05,20,2050,1.0
REGION1,PWRWNDB05,21,2050,0.0874026500006283
REGION1,PWRWNDB05,22,2050,0.0471578295627119
REGION1,PWRWNDB05,23,2050,0.0801737668431888
REGION1,PWRWNDB05,24,2050,0.005695851817011
REGION1,PWRWNDB05,25,2050,0.1101885578753748
REGION1,PWRWNDB05,26,2050,0.3643183712268531
REGION1,PWRWNDB05,27,2050,0.5065105649464391
REGION1,PWRWNDB05,28,2050,0.8539356022222662
REGION1,PWRWNDB05,29,2050,1.0
REGION1,PWRWNDB05,30,2050,1.0
REGION1,PWRWNDB05,31,2050,0.9960489550205204
REGION1,PWRWNDB05,32,2050,1.0
REGION1,PWRWNDB05,33,2050,0.6646073476055374
REGION1,PWRWNDB05,34,2050,0.5126797337524414
REGION1,PWRWNDB05,35,2050,0.0355065620458607
REGION1,PWRWNDB05,36,2050,0.0175922595613059
REGION1,PWRWNDB05,37,2050,0.083735247136937
REGION1,PWRWNDB05,38,2050,0.104183934909009
REGION1,PWRWNDB05,39,2050,0.1176824878664661
REGION1,PWRWNDB05,40,2050,0.0641995907623083
REGION1,PWRWNDB06,1,2020,0.1683654107257358
REGION1,PWRWNDB06,2,2020,0.0054975461789198
REGION1,PWRWNDB06,3,2020,0.0048576380830731
REGION1,PWRWNDB06,4,2020,0.0
REGION1,PWRWNDB06,5,2020,0.0984632165298716
REGION1,PWRWNDB06,6,2020,0.006363815982191
REGION1,PWRWNDB06,7,2020,0.0145894728416851
REGION1,PWRWNDB06,8,2020,0.0894853488166439
REGION1,PWRWNDB06,9,2020,0.6766594557407686
REGION1,PWRWNDB06,10,2020,0.4867005377610262
REGION1,PWRWNDB06,11,2020,0.1004198546912425
REGION1,PWRWNDB06,12,2020,0.1640693784049905
REGION1,PWRWNDB06,13,2020,0.7328813783957311
REGION1,PWRWNDB06,14,2020,0.4779383711403666
REGION1,PWRWNDB06,15,2020,0.1107856280051962
REGION1,PWRWNDB06,16,2020,0.3399412563834672
REGION1,PWRWNDB06,17,2020,0.5069493285674792
REGION1,PWRWNDB06,18,2020,0.370648962485996
REGION1,PWRWNDB06,19,2020,0.3980334876435658
REGION1,PWRWNDB06,20,2020,0.3490092855431366
REGION1,PWRWNDB06,21,2020,0.085008855894918
REGION1,PWRWNDB06,22,2020,0.0338265842532246
REGION1,PWRWNDB06,23,2020,0.0079097569231607
REGION1,PWRWNDB06,24,2020,0.0727430451793532
REGION1,PWRWNDB06,25,2020,0.6168589334310051
REGION1,PWRWNDB06,26,2020,0.6851529917505186
REGION1,PWRWNDB06,27,2020,0.6195701175544528
REGION1,PWRWNDB06,28,2020,0.6272931649822836
REGION1,PWRWNDB06,29,2020,0.5141070917923346
REGION1,PWRWNDB06,30,2020,0.4451956988431619
REGION1,PWRWNDB06,31,2020,0.7221922233831043
REGION1,PWRWNDB06,32,2020,0.6604038678664027
REGION1,PWRWNDB06,33,2020,0.732178521016849
REGION1,PWRWNDB06,34,2020,0.6107250406276847
REGION1,PWRWNDB06,35,2020,0.6654738090332981
REGION1,PWRWNDB06,36,2020,0.5665058308128768
REGION1,PWRWNDB06,37,2020,0.1707851807519347
REGION1,PWRWNDB06,38,2020,0.2879370864280203
REGION1,PWRWNDB06,39,2020,0.2837595626189529
REGION1,PWRWNDB06,40,2020,0.3179119009543904
REGION1,PWRWNDB06,1,2021,0.1683654107257358
REGION1,PWRWNDB06,2,2021,0.0054975461789198
REGION1,PWRWNDB06,3,2021,0.0048576380830731
REGION1,PWRWNDB06,4,2021,0.0
REGION1,PWRWNDB06,5,2021,0.0984632165298716
REGION1,PWRWNDB06,6,2021,0.006363815982191
REGION1,PWRWNDB06,7,2021,0.0145894728416851
REGION1,PWRWNDB06,8,2021,0.0894853488166439
REGION1,PWRWNDB06,9,2021,0.6766594557407686
REGION1,PWRWNDB06,10,2021,0.4867005377610262
REGION1,PWRWNDB06,11,2021,0.1004198546912425
REGION1,PWRWNDB06,12,2021,0.1640693784049905
REGION1,PWRWNDB06,13,2021,0.7328813783957311
REGION1,PWRWNDB06,14,2021,0.4779383711403666
REGION1,PWRWNDB06,15,2021,0.1107856280051962
REGION1,PWRWNDB06,16,2021,0.3399412563834672
REGION1,PWRWNDB06,17,2021,0.5069493285674792
REGION1,PWRWNDB06,18,2021,0.370648962485996
REGION1,PWRWNDB06,19,2021,0.3980334876435658
REGION1,PWRWNDB06,20,2021,0.3490092855431366
REGION1,PWRWNDB06,21,2021,0.085008855894918
REGION1,PWRWNDB06,22,2021,0.0338265842532246
REGION1,PWRWNDB06,23,2021,0.0079097569231607
REGION1,PWRWNDB06,24,2021,0.0727430451793532
REGION1,PWRWNDB06,25,2021,0.6168589334310051
REGION1,PWRWNDB06,26,2021,0.6851529917505186
REGION1,PWRWNDB06,27,2021,0.6195701175544528
REGION1,PWRWNDB06,28,2021,0.6272931649822836
REGION1,PWRWNDB06,29,2021,0.5141070917923346
REGION1,PWRWNDB06,30,2021,0.4451956988431619
REGION1,PWRWNDB06,31,2021,0.7221922233831043
REGION1,PWRWNDB06,32,2021,0.6604038678664027
REGION1,PWRWNDB06,33,2021,0.732178521016849
REGION1,PWRWNDB06,34,2021,0.6107250406276847
REGION1,PWRWNDB06,35,2021,0.6654738090332981
REGION1,PWRWNDB06,36,2021,0.5665058308128768
REGION1,PWRWNDB06,37,2021,0.1707851807519347
REGION1,PWRWNDB06,38,2021,0.2879370864280203
REGION1,PWRWNDB06,39,2021,0.2837595626189529
REGION1,PWRWNDB06,40,2021,0.3179119009543904
REGION1,PWRWNDB06,1,2022,0.1683654107257358
REGION1,PWRWNDB06,2,2022,0.0054975461789198
REGION1,PWRWNDB06,3,2022,0.0048576380830731
REGION1,PWRWNDB06,4,2022,0.0
REGION1,PWRWNDB06,5,2022,0.0984632165298716
REGION1,PWRWNDB06,6,2022,0.006363815982191
REGION1,PWRWNDB06,7,2022,0.0145894728416851
REGION1,PWRWNDB06,8,2022,0.0894853488166439
REGION1,PWRWNDB06,9,2022,0.6766594557407686
REGION1,PWRWNDB06,10,2022,0.4867005377610262
REGION1,PWRWNDB06,11,2022,0.1004198546912425
REGION1,PWRWNDB06,12,2022,0.1640693784049905
REGION1,PWRWNDB06,13,2022,0.7328813783957311
REGION1,PWRWNDB06,14,2022,0.4779383711403666
REGION1,PWRWNDB06,15,2022,0.1107856280051962
REGION1,PWRWNDB06,16,2022,0.3399412563834672
REGION1,PWRWNDB06,17,2022,0.5069493285674792
REGION1,PWRWNDB06,18,2022,0.370648962485996
REGION1,PWRWNDB06,19,2022,0.3980334876435658
REGION1,PWRWNDB06,20,2022,0.3490092855431366
REGION1,PWRWNDB06,21,2022,0.085008855894918
REGION1,PWRWNDB06,22,2022,0.0338265842532246
REGION1,PWRWNDB06,23,2022,0.0079097569231607
REGION1,PWRWNDB06,24,2022,0.0727430451793532
REGION1,PWRWNDB06,25,2022,0.6168589334310051
REGION1,PWRWNDB06,26,2022,0.6851529917505186
REGION1,PWRWNDB06,27,2022,0.6195701175544528
REGION1,PWRWNDB06,28,2022,0.6272931649822836
REGION1,PWRWNDB06,29,2022,0.5141070917923346
REGION1,PWRWNDB06,30,2022,0.4451956988431619
REGION1,PWRWNDB06,31,2022,0.7221922233831043
REGION1,PWRWNDB06,32,2022,0.6604038678664027
REGION1,PWRWNDB06,33,2022,0.732178521016849
REGION1,PWRWNDB06,34,2022,0.6107250406276847
REGION1,PWRWNDB06,35,2022,0.6654738090332981
REGION1,PWRWNDB06,36,2022,0.5665058308128768
REGION1,PWRWNDB06,37,2022,0.1707851807519347
REGION1,PWRWNDB06,38,2022,0.2879370864280203
REGION1,PWRWNDB06,39,2022,0.2837595626189529
REGION1,PWRWNDB06,40,2022,0.3179119009543904
REGION1,PWRWNDB06,1,2023,0.1683654107257358
REGION1,PWRWNDB06,2,2023,0.0054975461789198
REGION1,PWRWNDB06,3,2023,0.0048576380830731
REGION1,PWRWNDB06,4,2023,0.0
REGION1,PWRWNDB06,5,2023,0.0984632165298716
REGION1,PWRWNDB06,6,2023,0.006363815982191
REGION1,PWRWNDB06,7,2023,0.0145894728416851
REGION1,PWRWNDB06,8,2023,0.0894853488166439
REGION1,PWRWNDB06,9,2023,0.6766594557407686
REGION1,PWRWNDB06,10,2023,0.4867005377610262
REGION1,PWRWNDB06,11,2023,0.1004198546912425
REGION1,PWRWNDB06,12,2023,0.1640693784049905
REGION1,PWRWNDB06,13,2023,0.7328813783957311
REGION1,PWRWNDB06,14,2023,0.4779383711403666
REGION1,PWRWNDB06,15,2023,0.1107856280051962
REGION1,PWRWNDB06,16,2023,0.3399412563834672
REGION1,PWRWNDB06,17,2023,0.5069493285674792
REGION1,PWRWNDB06,18,2023,0.370648962485996
REGION1,PWRWNDB06,19,2023,0.3980334876435658
REGION1,PWRWNDB06,20,2023,0.3490092855431366
REGION1,PWRWNDB06,21,2023,0.085008855894918
REGION1,PWRWNDB06,22,2023,0.0338265842532246
REGION1,PWRWNDB06,23,2023,0.0079097569231607
REGION1,PWRWNDB06,24,2023,0.0727430451793532
REGION1,PWRWNDB06,25,2023,0.6168589334310051
REGION1,PWRWNDB06,26,2023,0.6851529917505186
REGION1,PWRWNDB06,27,2023,0.6195701175544528
REGION1,PWRWNDB06,28,2023,0.6272931649822836
REGION1,PWRWNDB06,29,2023,0.5141070917923346
REGION1,PWRWNDB06,30,2023,0.4451956988431619
REGION1,PWRWNDB06,31,2023,0.7221922233831043
REGION1,PWRWNDB06,32,2023,0.6604038678664027
REGION1,PWRWNDB06,33,2023,0.732178521016849
REGION1,PWRWNDB06,34,2023,0.6107250406276847
REGION1,PWRWNDB06,35,2023,0.6654738090332981
REGION1,PWRWNDB06,36,2023,0.5665058308128768
REGION1,PWRWNDB06,37,2023,0.1707851807519347
REGION1,PWRWNDB06,38,2023,0.2879370864280203
REGION1,PWRWNDB06,39,2023,0.2837595626189529
REGION1,PWRWNDB06,40,2023,0.3179119009543904
REGION1,PWRWNDB06,1,2024,0.1683654107257358
REGION1,PWRWNDB06,2,2024,0.0054975461789198
REGION1,PWRWNDB06,3,2024,0.0048576380830731
REGION1,PWRWNDB06,4,2024,0.0
REGION1,PWRWNDB06,5,2024,0.0984632165298716
REGION1,PWRWNDB06,6,2024,0.006363815982191
REGION1,PWRWNDB06,7,2024,0.0145894728416851
REGION1,PWRWNDB06,8,2024,0.0894853488166439
REGION1,PWRWNDB06,9,2024,0.6766594557407686
REGION1,PWRWNDB06,10,2024,0.4867005377610262
REGION1,PWRWNDB06,11,2024,0.1004198546912425
REGION1,PWRWNDB06,12,2024,0.1640693784049905
REGION1,PWRWNDB06,13,2024,0.7328813783957311
REGION1,PWRWNDB06,14,2024,0.4779383711403666
REGION1,PWRWNDB06,15,2024,0.1107856280051962
REGION1,PWRWNDB06,16,2024,0.3399412563834672
REGION1,PWRWNDB06,17,2024,0.5069493285674792
REGION1,PWRWNDB06,18,2024,0.370648962485996
REGION1,PWRWNDB06,19,2024,0.3980334876435658
REGION1,PWRWNDB06,20,2024,0.3490092855431366
REGION1,PWRWNDB06,21,2024,0.085008855894918
REGION1,PWRWNDB06,22,2024,0.0338265842532246
REGION1,PWRWNDB06,23,2024,0.0079097569231607
REGION1,PWRWNDB06,24,2024,0.0727430451793532
REGION1,PWRWNDB06,25,2024,0.6168589334310051
REGION1,PWRWNDB06,26,2024,0.6851529917505186
REGION1,PWRWNDB06,27,2024,0.6195701175544528
REGION1,PWRWNDB06,28,2024,0.6272931649822836
REGION1,PWRWNDB06,29,2024,0.5141070917923346
REGION1,PWRWNDB06,30,2024,0.4451956988431619
REGION1,PWRWNDB06,31,2024,0.7221922233831043
REGION1,PWRWNDB06,32,2024,0.6604038678664027
REGION1,PWRWNDB06,33,2024,0.732178521016849
REGION1,PWRWNDB06,34,2024,0.6107250406276847
REGION1,PWRWNDB06,35,2024,0.6654738090332981
REGION1,PWRWNDB06,36,2024,0.5665058308128768
REGION1,PWRWNDB06,37,2024,0.1707851807519347
REGION1,PWRWNDB06,38,2024,0.2879370864280203
REGION1,PWRWNDB06,39,2024,0.2837595626189529
REGION1,PWRWNDB06,40,2024,0.3179119009543904
REGION1,PWRWNDB06,1,2025,0.1683654107257358
REGION1,PWRWNDB06,2,2025,0.0054975461789198
REGION1,PWRWNDB06,3,2025,0.0048576380830731
REGION1,PWRWNDB06,4,2025,0.0
REGION1,PWRWNDB06,5,2025,0.0984632165298716
REGION1,PWRWNDB06,6,2025,0.006363815982191
REGION1,PWRWNDB06,7,2025,0.0145894728416851
REGION1,PWRWNDB06,8,2025,0.0894853488166439
REGION1,PWRWNDB06,9,2025,0.6766594557407686
REGION1,PWRWNDB06,10,2025,0.4867005377610262
REGION1,PWRWNDB06,11,2025,0.1004198546912425
REGION1,PWRWNDB06,12,2025,0.1640693784049905
REGION1,PWRWNDB06,13,2025,0.7328813783957311
REGION1,PWRWNDB06,14,2025,0.4779383711403666
REGION1,PWRWNDB06,15,2025,0.1107856280051962
REGION1,PWRWNDB06,16,2025,0.3399412563834672
REGION1,PWRWNDB06,17,2025,0.5069493285674792
REGION1,PWRWNDB06,18,2025,0.370648962485996
REGION1,PWRWNDB06,19,2025,0.3980334876435658
REGION1,PWRWNDB06,20,2025,0.3490092855431366
REGION1,PWRWNDB06,21,2025,0.085008855894918
REGION1,PWRWNDB06,22,2025,0.0338265842532246
REGION1,PWRWNDB06,23,2025,0.0079097569231607
REGION1,PWRWNDB06,24,2025,0.0727430451793532
REGION1,PWRWNDB06,25,2025,0.6168589334310051
REGION1,PWRWNDB06,26,2025,0.6851529917505186
REGION1,PWRWNDB06,27,2025,0.6195701175544528
REGION1,PWRWNDB06,28,2025,0.6272931649822836
REGION1,PWRWNDB06,29,2025,0.5141070917923346
REGION1,PWRWNDB06,30,2025,0.4451956988431619
REGION1,PWRWNDB06,31,2025,0.7221922233831043
REGION1,PWRWNDB06,32,2025,0.6604038678664027
REGION1,PWRWNDB06,33,2025,0.732178521016849
REGION1,PWRWNDB06,34,2025,0.6107250406276847
REGION1,PWRWNDB06,35,2025,0.6654738090332981
REGION1,PWRWNDB06,36,2025,0.5665058308128768
REGION1,PWRWNDB06,37,2025,0.1707851807519347
REGION1,PWRWNDB06,38,2025,0.2879370864280203
REGION1,PWRWNDB06,39,2025,0.2837595626189529
REGION1,PWRWNDB06,40,2025,0.3179119009543904
REGION1,PWRWNDB06,1,2026,0.1683654107257358
REGION1,PWRWNDB06,2,2026,0.0054975461789198
REGION1,PWRWNDB06,3,2026,0.0048576380830731
REGION1,PWRWNDB06,4,2026,0.0
REGION1,PWRWNDB06,5,2026,0.0984632165298716
REGION1,PWRWNDB06,6,2026,0.006363815982191
REGION1,PWRWNDB06,7,2026,0.0145894728416851
REGION1,PWRWNDB06,8,2026,0.0894853488166439
REGION1,PWRWNDB06,9,2026,0.6766594557407686
REGION1,PWRWNDB06,10,2026,0.4867005377610262
REGION1,PWRWNDB06,11,2026,0.1004198546912425
REGION1,PWRWNDB06,12,2026,0.1640693784049905
REGION1,PWRWNDB06,13,2026,0.7328813783957311
REGION1,PWRWNDB06,14,2026,0.4779383711403666
REGION1,PWRWNDB06,15,2026,0.1107856280051962
REGION1,PWRWNDB06,16,2026,0.3399412563834672
REGION1,PWRWNDB06,17,2026,0.5069493285674792
REGION1,PWRWNDB06,18,2026,0.370648962485996
REGION1,PWRWNDB06,19,2026,0.3980334876435658
REGION1,PWRWNDB06,20,2026,0.3490092855431366
REGION1,PWRWNDB06,21,2026,0.085008855894918
REGION1,PWRWNDB06,22,2026,0.0338265842532246
REGION1,PWRWNDB06,23,2026,0.0079097569231607
REGION1,PWRWNDB06,24,2026,0.0727430451793532
REGION1,PWRWNDB06,25,2026,0.6168589334310051
REGION1,PWRWNDB06,26,2026,0.6851529917505186
REGION1,PWRWNDB06,27,2026,0.6195701175544528
REGION1,PWRWNDB06,28,2026,0.6272931649822836
REGION1,PWRWNDB06,29,2026,0.5141070917923346
REGION1,PWRWNDB06,30,2026,0.4451956988431619
REGION1,PWRWNDB06,31,2026,0.7221922233831043
REGION1,PWRWNDB06,32,2026,0.6604038678664027
REGION1,PWRWNDB06,33,2026,0.732178521016849
REGION1,PWRWNDB06,34,2026,0.6107250406276847
REGION1,PWRWNDB06,35,2026,0.6654738090332981
REGION1,PWRWNDB06,36,2026,0.5665058308128768
REGION1,PWRWNDB06,37,2026,0.1707851807519347
REGION1,PWRWNDB06,38,2026,0.2879370864280203
REGION1,PWRWNDB06,39,2026,0.2837595626189529
REGION1,PWRWNDB06,40,2026,0.3179119009543904
REGION1,PWRWNDB06,1,2027,0.1683654107257358
REGION1,PWRWNDB06,2,2027,0.0054975461789198
REGION1,PWRWNDB06,3,2027,0.0048576380830731
REGION1,PWRWNDB06,4,2027,0.0
REGION1,PWRWNDB06,5,2027,0.0984632165298716
REGION1,PWRWNDB06,6,2027,0.006363815982191
REGION1,PWRWNDB06,7,2027,0.0145894728416851
REGION1,PWRWNDB06,8,2027,0.0894853488166439
REGION1,PWRWNDB06,9,2027,0.6766594557407686
REGION1,PWRWNDB06,10,2027,0.4867005377610262
REGION1,PWRWNDB06,11,2027,0.1004198546912425
REGION1,PWRWNDB06,12,2027,0.1640693784049905
REGION1,PWRWNDB06,13,2027,0.7328813783957311
REGION1,PWRWNDB06,14,2027,0.4779383711403666
REGION1,PWRWNDB06,15,2027,0.1107856280051962
REGION1,PWRWNDB06,16,2027,0.3399412563834672
REGION1,PWRWNDB06,17,2027,0.5069493285674792
REGION1,PWRWNDB06,18,2027,0.370648962485996
REGION1,PWRWNDB06,19,2027,0.3980334876435658
REGION1,PWRWNDB06,20,2027,0.3490092855431366
REGION1,PWRWNDB06,21,2027,0.085008855894918
REGION1,PWRWNDB06,22,2027,0.0338265842532246
REGION1,PWRWNDB06,23,2027,0.0079097569231607
REGION1,PWRWNDB06,24,2027,0.0727430451793532
REGION1,PWRWNDB06,25,2027,0.6168589334310051
REGION1,PWRWNDB06,26,2027,0.6851529917505186
REGION1,PWRWNDB06,27,2027,0.6195701175544528
REGION1,PWRWNDB06,28,2027,0.6272931649822836
REGION1,PWRWNDB06,29,2027,0.5141070917923346
REGION1,PWRWNDB06,30,2027,0.4451956988431619
REGION1,PWRWNDB06,31,2027,0.7221922233831043
REGION1,PWRWNDB06,32,2027,0.6604038678664027
REGION1,PWRWNDB06,33,2027,0.732178521016849
REGION1,PWRWNDB06,34,2027,0.6107250406276847
REGION1,PWRWNDB06,35,2027,0.6654738090332981
REGION1,PWRWNDB06,36,2027,0.5665058308128768
REGION1,PWRWNDB06,37,2027,0.1707851807519347
REGION1,PWRWNDB06,38,2027,0.2879370864280203
REGION1,PWRWNDB06,39,2027,0.2837595626189529
REGION1,PWRWNDB06,40,2027,0.3179119009543904
REGION1,PWRWNDB06,1,2028,0.1683654107257358
REGION1,PWRWNDB06,2,2028,0.0054975461789198
REGION1,PWRWNDB06,3,2028,0.0048576380830731
REGION1,PWRWNDB06,4,2028,0.0
REGION1,PWRWNDB06,5,2028,0.0984632165298716
REGION1,PWRWNDB06,6,2028,0.006363815982191
REGION1,PWRWNDB06,7,2028,0.0145894728416851
REGION1,PWRWNDB06,8,2028,0.0894853488166439
REGION1,PWRWNDB06,9,2028,0.6766594557407686
REGION1,PWRWNDB06,10,2028,0.4867005377610262
REGION1,PWRWNDB06,11,2028,0.1004198546912425
REGION1,PWRWNDB06,12,2028,0.1640693784049905
REGION1,PWRWNDB06,13,2028,0.7328813783957311
REGION1,PWRWNDB06,14,2028,0.4779383711403666
REGION1,PWRWNDB06,15,2028,0.1107856280051962
REGION1,PWRWNDB06,16,2028,0.3399412563834672
REGION1,PWRWNDB06,17,2028,0.5069493285674792
REGION1,PWRWNDB06,18,2028,0.370648962485996
REGION1,PWRWNDB06,19,2028,0.3980334876435658
REGION1,PWRWNDB06,20,2028,0.3490092855431366
REGION1,PWRWNDB06,21,2028,0.085008855894918
REGION1,PWRWNDB06,22,2028,0.0338265842532246
REGION1,PWRWNDB06,23,2028,0.0079097569231607
REGION1,PWRWNDB06,24,2028,0.0727430451793532
REGION1,PWRWNDB06,25,2028,0.6168589334310051
REGION1,PWRWNDB06,26,2028,0.6851529917505186
REGION1,PWRWNDB06,27,2028,0.6195701175544528
REGION1,PWRWNDB06,28,2028,0.6272931649822836
REGION1,PWRWNDB06,29,2028,0.5141070917923346
REGION1,PWRWNDB06,30,2028,0.4451956988431619
REGION1,PWRWNDB06,31,2028,0.7221922233831043
REGION1,PWRWNDB06,32,2028,0.6604038678664027
REGION1,PWRWNDB06,33,2028,0.732178521016849
REGION1,PWRWNDB06,34,2028,0.6107250406276847
REGION1,PWRWNDB06,35,2028,0.6654738090332981
REGION1,PWRWNDB06,36,2028,0.5665058308128768
REGION1,PWRWNDB06,37,2028,0.1707851807519347
REGION1,PWRWNDB06,38,2028,0.2879370864280203
REGION1,PWRWNDB06,39,2028,0.2837595626189529
REGION1,PWRWNDB06,40,2028,0.3179119009543904
REGION1,PWRWNDB06,1,2029,0.1683654107257358
REGION1,PWRWNDB06,2,2029,0.0054975461789198
REGION1,PWRWNDB06,3,2029,0.0048576380830731
REGION1,PWRWNDB06,4,2029,0.0
REGION1,PWRWNDB06,5,2029,0.0984632165298716
REGION1,PWRWNDB06,6,2029,0.006363815982191
REGION1,PWRWNDB06,7,2029,0.0145894728416851
REGION1,PWRWNDB06,8,2029,0.0894853488166439
REGION1,PWRWNDB06,9,2029,0.6766594557407686
REGION1,PWRWNDB06,10,2029,0.4867005377610262
REGION1,PWRWNDB06,11,2029,0.1004198546912425
REGION1,PWRWNDB06,12,2029,0.1640693784049905
REGION1,PWRWNDB06,13,2029,0.7328813783957311
REGION1,PWRWNDB06,14,2029,0.4779383711403666
REGION1,PWRWNDB06,15,2029,0.1107856280051962
REGION1,PWRWNDB06,16,2029,0.3399412563834672
REGION1,PWRWNDB06,17,2029,0.5069493285674792
REGION1,PWRWNDB06,18,2029,0.370648962485996
REGION1,PWRWNDB06,19,2029,0.3980334876435658
REGION1,PWRWNDB06,20,2029,0.3490092855431366
REGION1,PWRWNDB06,21,2029,0.085008855894918
REGION1,PWRWNDB06,22,2029,0.0338265842532246
REGION1,PWRWNDB06,23,2029,0.0079097569231607
REGION1,PWRWNDB06,24,2029,0.0727430451793532
REGION1,PWRWNDB06,25,2029,0.6168589334310051
REGION1,PWRWNDB06,26,2029,0.6851529917505186
REGION1,PWRWNDB06,27,2029,0.6195701175544528
REGION1,PWRWNDB06,28,2029,0.6272931649822836
REGION1,PWRWNDB06,29,2029,0.5141070917923346
REGION1,PWRWNDB06,30,2029,0.4451956988431619
REGION1,PWRWNDB06,31,2029,0.7221922233831043
REGION1,PWRWNDB06,32,2029,0.6604038678664027
REGION1,PWRWNDB06,33,2029,0.732178521016849
REGION1,PWRWNDB06,34,2029,0.6107250406276847
REGION1,PWRWNDB06,35,2029,0.6654738090332981
REGION1,PWRWNDB06,36,2029,0.5665058308128768
REGION1,PWRWNDB06,37,2029,0.1707851807519347
REGION1,PWRWNDB06,38,2029,0.2879370864280203
REGION1,PWRWNDB06,39,2029,0.2837595626189529
REGION1,PWRWNDB06,40,2029,0.3179119009543904
REGION1,PWRWNDB06,1,2030,0.1683654107257358
REGION1,PWRWNDB06,2,2030,0.0054975461789198
REGION1,PWRWNDB06,3,2030,0.0048576380830731
REGION1,PWRWNDB06,4,2030,0.0
REGION1,PWRWNDB06,5,2030,0.0984632165298716
REGION1,PWRWNDB06,6,2030,0.006363815982191
REGION1,PWRWNDB06,7,2030,0.0145894728416851
REGION1,PWRWNDB06,8,2030,0.0894853488166439
REGION1,PWRWNDB06,9,2030,0.6766594557407686
REGION1,PWRWNDB06,10,2030,0.4867005377610262
REGION1,PWRWNDB06,11,2030,0.1004198546912425
REGION1,PWRWNDB06,12,2030,0.1640693784049905
REGION1,PWRWNDB06,13,2030,0.7328813783957311
REGION1,PWRWNDB06,14,2030,0.4779383711403666
REGION1,PWRWNDB06,15,2030,0.1107856280051962
REGION1,PWRWNDB06,16,2030,0.3399412563834672
REGION1,PWRWNDB06,17,2030,0.5069493285674792
REGION1,PWRWNDB06,18,2030,0.370648962485996
REGION1,PWRWNDB06,19,2030,0.3980334876435658
REGION1,PWRWNDB06,20,2030,0.3490092855431366
REGION1,PWRWNDB06,21,2030,0.085008855894918
REGION1,PWRWNDB06,22,2030,0.0338265842532246
REGION1,PWRWNDB06,23,2030,0.0079097569231607
REGION1,PWRWNDB06,24,2030,0.0727430451793532
REGION1,PWRWNDB06,25,2030,0.6168589334310051
REGION1,PWRWNDB06,26,2030,0.6851529917505186
REGION1,PWRWNDB06,27,2030,0.6195701175544528
REGION1,PWRWNDB06,28,2030,0.6272931649822836
REGION1,PWRWNDB06,29,2030,0.5141070917923346
REGION1,PWRWNDB06,30,2030,0.4451956988431619
REGION1,PWRWNDB06,31,2030,0.7221922233831043
REGION1,PWRWNDB06,32,2030,0.6604038678664027
REGION1,PWRWNDB06,33,2030,0.732178521016849
REGION1,PWRWNDB06,34,2030,0.6107250406276847
REGION1,PWRWNDB06,35,2030,0.6654738090332981
REGION1,PWRWNDB06,36,2030,0.5665058308128768
REGION1,PWRWNDB06,37,2030,0.1707851807519347
REGION1,PWRWNDB06,38,2030,0.2879370864280203
REGION1,PWRWNDB06,39,2030,0.2837595626189529
REGION1,PWRWNDB06,40,2030,0.3179119009543904
REGION1,PWRWNDB06,1,2031,0.1683654107257358
REGION1,PWRWNDB06,2,2031,0.0054975461789198
REGION1,PWRWNDB06,3,2031,0.0048576380830731
REGION1,PWRWNDB06,4,2031,0.0
REGION1,PWRWNDB06,5,2031,0.0984632165298716
REGION1,PWRWNDB06,6,2031,0.006363815982191
REGION1,PWRWNDB06,7,2031,0.0145894728416851
REGION1,PWRWNDB06,8,2031,0.0894853488166439
REGION1,PWRWNDB06,9,2031,0.6766594557407686
REGION1,PWRWNDB06,10,2031,0.4867005377610262
REGION1,PWRWNDB06,11,2031,0.1004198546912425
REGION1,PWRWNDB06,12,2031,0.1640693784049905
REGION1,PWRWNDB06,13,2031,0.7328813783957311
REGION1,PWRWNDB06,14,2031,0.4779383711403666
REGION1,PWRWNDB06,15,2031,0.1107856280051962
REGION1,PWRWNDB06,16,2031,0.3399412563834672
REGION1,PWRWNDB06,17,2031,0.5069493285674792
REGION1,PWRWNDB06,18,2031,0.370648962485996
REGION1,PWRWNDB06,19,2031,0.3980334876435658
REGION1,PWRWNDB06,20,2031,0.3490092855431366
REGION1,PWRWNDB06,21,2031,0.085008855894918
REGION1,PWRWNDB06,22,2031,0.0338265842532246
REGION1,PWRWNDB06,23,2031,0.0079097569231607
REGION1,PWRWNDB06,24,2031,0.0727430451793532
REGION1,PWRWNDB06,25,2031,0.6168589334310051
REGION1,PWRWNDB06,26,2031,0.6851529917505186
REGION1,PWRWNDB06,27,2031,0.6195701175544528
REGION1,PWRWNDB06,28,2031,0.6272931649822836
REGION1,PWRWNDB06,29,2031,0.5141070917923346
REGION1,PWRWNDB06,30,2031,0.4451956988431619
REGION1,PWRWNDB06,31,2031,0.7221922233831043
REGION1,PWRWNDB06,32,2031,0.6604038678664027
REGION1,PWRWNDB06,33,2031,0.732178521016849
REGION1,PWRWNDB06,34,2031,0.6107250406276847
REGION1,PWRWNDB06,35,2031,0.6654738090332981
REGION1,PWRWNDB06,36,2031,0.5665058308128768
REGION1,PWRWNDB06,37,2031,0.1707851807519347
REGION1,PWRWNDB06,38,2031,0.2879370864280203
REGION1,PWRWNDB06,39,2031,0.2837595626189529
REGION1,PWRWNDB06,40,2031,0.3179119009543904
REGION1,PWRWNDB06,1,2032,0.1683654107257358
REGION1,PWRWNDB06,2,2032,0.0054975461789198
REGION1,PWRWNDB06,3,2032,0.0048576380830731
REGION1,PWRWNDB06,4,2032,0.0
REGION1,PWRWNDB06,5,2032,0.0984632165298716
REGION1,PWRWNDB06,6,2032,0.006363815982191
REGION1,PWRWNDB06,7,2032,0.0145894728416851
REGION1,PWRWNDB06,8,2032,0.0894853488166439
REGION1,PWRWNDB06,9,2032,0.6766594557407686
REGION1,PWRWNDB06,10,2032,0.4867005377610262
REGION1,PWRWNDB06,11,2032,0.1004198546912425
REGION1,PWRWNDB06,12,2032,0.1640693784049905
REGION1,PWRWNDB06,13,2032,0.7328813783957311
REGION1,PWRWNDB06,14,2032,0.4779383711403666
REGION1,PWRWNDB06,15,2032,0.1107856280051962
REGION1,PWRWNDB06,16,2032,0.3399412563834672
REGION1,PWRWNDB06,17,2032,0.5069493285674792
REGION1,PWRWNDB06,18,2032,0.370648962485996
REGION1,PWRWNDB06,19,2032,0.3980334876435658
REGION1,PWRWNDB06,20,2032,0.3490092855431366
REGION1,PWRWNDB06,21,2032,0.085008855894918
REGION1,PWRWNDB06,22,2032,0.0338265842532246
REGION1,PWRWNDB06,23,2032,0.0079097569231607
REGION1,PWRWNDB06,24,2032,0.0727430451793532
REGION1,PWRWNDB06,25,2032,0.6168589334310051
REGION1,PWRWNDB06,26,2032,0.6851529917505186
REGION1,PWRWNDB06,27,2032,0.6195701175544528
REGION1,PWRWNDB06,28,2032,0.6272931649822836
REGION1,PWRWNDB06,29,2032,0.5141070917923346
REGION1,PWRWNDB06,30,2032,0.4451956988431619
REGION1,PWRWNDB06,31,2032,0.7221922233831043
REGION1,PWRWNDB06,32,2032,0.6604038678664027
REGION1,PWRWNDB06,33,2032,0.732178521016849
REGION1,PWRWNDB06,34,2032,0.6107250406276847
REGION1,PWRWNDB06,35,2032,0.6654738090332981
REGION1,PWRWNDB06,36,2032,0.5665058308128768
REGION1,PWRWNDB06,37,2032,0.1707851807519347
REGION1,PWRWNDB06,38,2032,0.2879370864280203
REGION1,PWRWNDB06,39,2032,0.2837595626189529
REGION1,PWRWNDB06,40,2032,0.3179119009543904
REGION1,PWRWNDB06,1,2033,0.1683654107257358
REGION1,PWRWNDB06,2,2033,0.0054975461789198
REGION1,PWRWNDB06,3,2033,0.0048576380830731
REGION1,PWRWNDB06,4,2033,0.0
REGION1,PWRWNDB06,5,2033,0.0984632165298716
REGION1,PWRWNDB06,6,2033,0.006363815982191
REGION1,PWRWNDB06,7,2033,0.0145894728416851
REGION1,PWRWNDB06,8,2033,0.0894853488166439
REGION1,PWRWNDB06,9,2033,0.6766594557407686
REGION1,PWRWNDB06,10,2033,0.4867005377610262
REGION1,PWRWNDB06,11,2033,0.1004198546912425
REGION1,PWRWNDB06,12,2033,0.1640693784049905
REGION1,PWRWNDB06,13,2033,0.7328813783957311
REGION1,PWRWNDB06,14,2033,0.4779383711403666
REGION1,PWRWNDB06,15,2033,0.1107856280051962
REGION1,PWRWNDB06,16,2033,0.3399412563834672
REGION1,PWRWNDB06,17,2033,0.5069493285674792
REGION1,PWRWNDB06,18,2033,0.370648962485996
REGION1,PWRWNDB06,19,2033,0.3980334876435658
REGION1,PWRWNDB06,20,2033,0.3490092855431366
REGION1,PWRWNDB06,21,2033,0.085008855894918
REGION1,PWRWNDB06,22,2033,0.0338265842532246
REGION1,PWRWNDB06,23,2033,0.0079097569231607
REGION1,PWRWNDB06,24,2033,0.0727430451793532
REGION1,PWRWNDB06,25,2033,0.6168589334310051
REGION1,PWRWNDB06,26,2033,0.6851529917505186
REGION1,PWRWNDB06,27,2033,0.6195701175544528
REGION1,PWRWNDB06,28,2033,0.6272931649822836
REGION1,PWRWNDB06,29,2033,0.5141070917923346
REGION1,PWRWNDB06,30,2033,0.4451956988431619
REGION1,PWRWNDB06,31,2033,0.7221922233831043
REGION1,PWRWNDB06,32,2033,0.6604038678664027
REGION1,PWRWNDB06,33,2033,0.732178521016849
REGION1,PWRWNDB06,34,2033,0.6107250406276847
REGION1,PWRWNDB06,35,2033,0.6654738090332981
REGION1,PWRWNDB06,36,2033,0.5665058308128768
REGION1,PWRWNDB06,37,2033,0.1707851807519347
REGION1,PWRWNDB06,38,2033,0.2879370864280203
REGION1,PWRWNDB06,39,2033,0.2837595626189529
REGION1,PWRWNDB06,40,2033,0.3179119009543904
REGION1,PWRWNDB06,1,2034,0.1683654107257358
REGION1,PWRWNDB06,2,2034,0.0054975461789198
REGION1,PWRWNDB06,3,2034,0.0048576380830731
REGION1,PWRWNDB06,4,2034,0.0
REGION1,PWRWNDB06,5,2034,0.0984632165298716
REGION1,PWRWNDB06,6,2034,0.006363815982191
REGION1,PWRWNDB06,7,2034,0.0145894728416851
REGION1,PWRWNDB06,8,2034,0.0894853488166439
REGION1,PWRWNDB06,9,2034,0.6766594557407686
REGION1,PWRWNDB06,10,2034,0.4867005377610262
REGION1,PWRWNDB06,11,2034,0.1004198546912425
REGION1,PWRWNDB06,12,2034,0.1640693784049905
REGION1,PWRWNDB06,13,2034,0.7328813783957311
REGION1,PWRWNDB06,14,2034,0.4779383711403666
REGION1,PWRWNDB06,15,2034,0.1107856280051962
REGION1,PWRWNDB06,16,2034,0.3399412563834672
REGION1,PWRWNDB06,17,2034,0.5069493285674792
REGION1,PWRWNDB06,18,2034,0.370648962485996
REGION1,PWRWNDB06,19,2034,0.3980334876435658
REGION1,PWRWNDB06,20,2034,0.3490092855431366
REGION1,PWRWNDB06,21,2034,0.085008855894918
REGION1,PWRWNDB06,22,2034,0.0338265842532246
REGION1,PWRWNDB06,23,2034,0.0079097569231607
REGION1,PWRWNDB06,24,2034,0.0727430451793532
REGION1,PWRWNDB06,25,2034,0.6168589334310051
REGION1,PWRWNDB06,26,2034,0.6851529917505186
REGION1,PWRWNDB06,27,2034,0.6195701175544528
REGION1,PWRWNDB06,28,2034,0.6272931649822836
REGION1,PWRWNDB06,29,2034,0.5141070917923346
REGION1,PWRWNDB06,30,2034,0.4451956988431619
REGION1,PWRWNDB06,31,2034,0.7221922233831043
REGION1,PWRWNDB06,32,2034,0.6604038678664027
REGION1,PWRWNDB06,33,2034,0.732178521016849
REGION1,PWRWNDB06,34,2034,0.6107250406276847
REGION1,PWRWNDB06,35,2034,0.6654738090332981
REGION1,PWRWNDB06,36,2034,0.5665058308128768
REGION1,PWRWNDB06,37,2034,0.1707851807519347
REGION1,PWRWNDB06,38,2034,0.2879370864280203
REGION1,PWRWNDB06,39,2034,0.2837595626189529
REGION1,PWRWNDB06,40,2034,0.3179119009543904
REGION1,PWRWNDB06,1,2035,0.1683654107257358
REGION1,PWRWNDB06,2,2035,0.0054975461789198
REGION1,PWRWNDB06,3,2035,0.0048576380830731
REGION1,PWRWNDB06,4,2035,0.0
REGION1,PWRWNDB06,5,2035,0.0984632165298716
REGION1,PWRWNDB06,6,2035,0.006363815982191
REGION1,PWRWNDB06,7,2035,0.0145894728416851
REGION1,PWRWNDB06,8,2035,0.0894853488166439
REGION1,PWRWNDB06,9,2035,0.6766594557407686
REGION1,PWRWNDB06,10,2035,0.4867005377610262
REGION1,PWRWNDB06,11,2035,0.1004198546912425
REGION1,PWRWNDB06,12,2035,0.1640693784049905
REGION1,PWRWNDB06,13,2035,0.7328813783957311
REGION1,PWRWNDB06,14,2035,0.4779383711403666
REGION1,PWRWNDB06,15,2035,0.1107856280051962
REGION1,PWRWNDB06,16,2035,0.3399412563834672
REGION1,PWRWNDB06,17,2035,0.5069493285674792
REGION1,PWRWNDB06,18,2035,0.370648962485996
REGION1,PWRWNDB06,19,2035,0.3980334876435658
REGION1,PWRWNDB06,20,2035,0.3490092855431366
REGION1,PWRWNDB06,21,2035,0.085008855894918
REGION1,PWRWNDB06,22,2035,0.0338265842532246
REGION1,PWRWNDB06,23,2035,0.0079097569231607
REGION1,PWRWNDB06,24,2035,0.0727430451793532
REGION1,PWRWNDB06,25,2035,0.6168589334310051
REGION1,PWRWNDB06,26,2035,0.6851529917505186
REGION1,PWRWNDB06,27,2035,0.6195701175544528
REGION1,PWRWNDB06,28,2035,0.6272931649822836
REGION1,PWRWNDB06,29,2035,0.5141070917923346
REGION1,PWRWNDB06,30,2035,0.4451956988431619
REGION1,PWRWNDB06,31,2035,0.7221922233831043
REGION1,PWRWNDB06,32,2035,0.6604038678664027
REGION1,PWRWNDB06,33,2035,0.732178521016849
REGION1,PWRWNDB06,34,2035,0.6107250406276847
REGION1,PWRWNDB06,35,2035,0.6654738090332981
REGION1,PWRWNDB06,36,2035,0.5665058308128768
REGION1,PWRWNDB06,37,2035,0.1707851807519347
REGION1,PWRWNDB06,38,2035,0.2879370864280203
REGION1,PWRWNDB06,39,2035,0.2837595626189529
REGION1,PWRWNDB06,40,2035,0.3179119009543904
REGION1,PWRWNDB06,1,2036,0.1683654107257358
REGION1,PWRWNDB06,2,2036,0.0054975461789198
REGION1,PWRWNDB06,3,2036,0.0048576380830731
REGION1,PWRWNDB06,4,2036,0.0
REGION1,PWRWNDB06,5,2036,0.0984632165298716
REGION1,PWRWNDB06,6,2036,0.006363815982191
REGION1,PWRWNDB06,7,2036,0.0145894728416851
REGION1,PWRWNDB06,8,2036,0.0894853488166439
REGION1,PWRWNDB06,9,2036,0.6766594557407686
REGION1,PWRWNDB06,10,2036,0.4867005377610262
REGION1,PWRWNDB06,11,2036,0.1004198546912425
REGION1,PWRWNDB06,12,2036,0.1640693784049905
REGION1,PWRWNDB06,13,2036,0.7328813783957311
REGION1,PWRWNDB06,14,2036,0.4779383711403666
REGION1,PWRWNDB06,15,2036,0.1107856280051962
REGION1,PWRWNDB06,16,2036,0.3399412563834672
REGION1,PWRWNDB06,17,2036,0.5069493285674792
REGION1,PWRWNDB06,18,2036,0.370648962485996
REGION1,PWRWNDB06,19,2036,0.3980334876435658
REGION1,PWRWNDB06,20,2036,0.3490092855431366
REGION1,PWRWNDB06,21,2036,0.085008855894918
REGION1,PWRWNDB06,22,2036,0.0338265842532246
REGION1,PWRWNDB06,23,2036,0.0079097569231607
REGION1,PWRWNDB06,24,2036,0.0727430451793532
REGION1,PWRWNDB06,25,2036,0.6168589334310051
REGION1,PWRWNDB06,26,2036,0.6851529917505186
REGION1,PWRWNDB06,27,2036,0.6195701175544528
REGION1,PWRWNDB06,28,2036,0.6272931649822836
REGION1,PWRWNDB06,29,2036,0.5141070917923346
REGION1,PWRWNDB06,30,2036,0.4451956988431619
REGION1,PWRWNDB06,31,2036,0.7221922233831043
REGION1,PWRWNDB06,32,2036,0.6604038678664027
REGION1,PWRWNDB06,33,2036,0.732178521016849
REGION1,PWRWNDB06,34,2036,0.6107250406276847
REGION1,PWRWNDB06,35,2036,0.6654738090332981
REGION1,PWRWNDB06,36,2036,0.5665058308128768
REGION1,PWRWNDB06,37,2036,0.1707851807519347
REGION1,PWRWNDB06,38,2036,0.2879370864280203
REGION1,PWRWNDB06,39,2036,0.2837595626189529
REGION1,PWRWNDB06,40,2036,0.3179119009543904
REGION1,PWRWNDB06,1,2037,0.1683654107257358
REGION1,PWRWNDB06,2,2037,0.0054975461789198
REGION1,PWRWNDB06,3,2037,0.0048576380830731
REGION1,PWRWNDB06,4,2037,0.0
REGION1,PWRWNDB06,5,2037,0.0984632165298716
REGION1,PWRWNDB06,6,2037,0.006363815982191
REGION1,PWRWNDB06,7,2037,0.0145894728416851
REGION1,PWRWNDB06,8,2037,0.0894853488166439
REGION1,PWRWNDB06,9,2037,0.6766594557407686
REGION1,PWRWNDB06,10,2037,0.4867005377610262
REGION1,PWRWNDB06,11,2037,0.1004198546912425
REGION1,PWRWNDB06,12,2037,0.1640693784049905
REGION1,PWRWNDB06,13,2037,0.7328813783957311
REGION1,PWRWNDB06,14,2037,0.4779383711403666
REGION1,PWRWNDB06,15,2037,0.1107856280051962
REGION1,PWRWNDB06,16,2037,0.3399412563834672
REGION1,PWRWNDB06,17,2037,0.5069493285674792
REGION1,PWRWNDB06,18,2037,0.370648962485996
REGION1,PWRWNDB06,19,2037,0.3980334876435658
REGION1,PWRWNDB06,20,2037,0.3490092855431366
REGION1,PWRWNDB06,21,2037,0.085008855894918
REGION1,PWRWNDB06,22,2037,0.0338265842532246
REGION1,PWRWNDB06,23,2037,0.0079097569231607
REGION1,PWRWNDB06,24,2037,0.0727430451793532
REGION1,PWRWNDB06,25,2037,0.6168589334310051
REGION1,PWRWNDB06,26,2037,0.6851529917505186
REGION1,PWRWNDB06,27,2037,0.6195701175544528
REGION1,PWRWNDB06,28,2037,0.6272931649822836
REGION1,PWRWNDB06,29,2037,0.5141070917923346
REGION1,PWRWNDB06,30,2037,0.4451956988431619
REGION1,PWRWNDB06,31,2037,0.7221922233831043
REGION1,PWRWNDB06,32,2037,0.6604038678664027
REGION1,PWRWNDB06,33,2037,0.732178521016849
REGION1,PWRWNDB06,34,2037,0.6107250406276847
REGION1,PWRWNDB06,35,2037,0.6654738090332981
REGION1,PWRWNDB06,36,2037,0.5665058308128768
REGION1,PWRWNDB06,37,2037,0.1707851807519347
REGION1,PWRWNDB06,38,2037,0.2879370864280203
REGION1,PWRWNDB06,39,2037,0.2837595626189529
REGION1,PWRWNDB06,40,2037,0.3179119009543904
REGION1,PWRWNDB06,1,2038,0.1683654107257358
REGION1,PWRWNDB06,2,2038,0.0054975461789198
REGION1,PWRWNDB06,3,2038,0.0048576380830731
REGION1,PWRWNDB06,4,2038,0.0
REGION1,PWRWNDB06,5,2038,0.0984632165298716
REGION1,PWRWNDB06,6,2038,0.006363815982191
REGION1,PWRWNDB06,7,2038,0.0145894728416851
REGION1,PWRWNDB06,8,2038,0.0894853488166439
REGION1,PWRWNDB06,9,2038,0.6766594557407686
REGION1,PWRWNDB06,10,2038,0.4867005377610262
REGION1,PWRWNDB06,11,2038,0.1004198546912425
REGION1,PWRWNDB06,12,2038,0.1640693784049905
REGION1,PWRWNDB06,13,2038,0.7328813783957311
REGION1,PWRWNDB06,14,2038,0.4779383711403666
REGION1,PWRWNDB06,15,2038,0.1107856280051962
REGION1,PWRWNDB06,16,2038,0.3399412563834672
REGION1,PWRWNDB06,17,2038,0.5069493285674792
REGION1,PWRWNDB06,18,2038,0.370648962485996
REGION1,PWRWNDB06,19,2038,0.3980334876435658
REGION1,PWRWNDB06,20,2038,0.3490092855431366
REGION1,PWRWNDB06,21,2038,0.085008855894918
REGION1,PWRWNDB06,22,2038,0.0338265842532246
REGION1,PWRWNDB06,23,2038,0.0079097569231607
REGION1,PWRWNDB06,24,2038,0.0727430451793532
REGION1,PWRWNDB06,25,2038,0.6168589334310051
REGION1,PWRWNDB06,26,2038,0.6851529917505186
REGION1,PWRWNDB06,27,2038,0.6195701175544528
REGION1,PWRWNDB06,28,2038,0.6272931649822836
REGION1,PWRWNDB06,29,2038,0.5141070917923346
REGION1,PWRWNDB06,30,2038,0.4451956988431619
REGION1,PWRWNDB06,31,2038,0.7221922233831043
REGION1,PWRWNDB06,32,2038,0.6604038678664027
REGION1,PWRWNDB06,33,2038,0.732178521016849
REGION1,PWRWNDB06,34,2038,0.6107250406276847
REGION1,PWRWNDB06,35,2038,0.6654738090332981
REGION1,PWRWNDB06,36,2038,0.5665058308128768
REGION1,PWRWNDB06,37,2038,0.1707851807519347
REGION1,PWRWNDB06,38,2038,0.2879370864280203
REGION1,PWRWNDB06,39,2038,0.2837595626189529
REGION1,PWRWNDB06,40,2038,0.3179119009543904
REGION1,PWRWNDB06,1,2039,0.1683654107257358
REGION1,PWRWNDB06,2,2039,0.0054975461789198
REGION1,PWRWNDB06,3,2039,0.0048576380830731
REGION1,PWRWNDB06,4,2039,0.0
REGION1,PWRWNDB06,5,2039,0.0984632165298716
REGION1,PWRWNDB06,6,2039,0.006363815982191
REGION1,PWRWNDB06,7,2039,0.0145894728416851
REGION1,PWRWNDB06,8,2039,0.0894853488166439
REGION1,PWRWNDB06,9,2039,0.6766594557407686
REGION1,PWRWNDB06,10,2039,0.4867005377610262
REGION1,PWRWNDB06,11,2039,0.1004198546912425
REGION1,PWRWNDB06,12,2039,0.1640693784049905
REGION1,PWRWNDB06,13,2039,0.7328813783957311
REGION1,PWRWNDB06,14,2039,0.4779383711403666
REGION1,PWRWNDB06,15,2039,0.1107856280051962
REGION1,PWRWNDB06,16,2039,0.3399412563834672
REGION1,PWRWNDB06,17,2039,0.5069493285674792
REGION1,PWRWNDB06,18,2039,0.370648962485996
REGION1,PWRWNDB06,19,2039,0.3980334876435658
REGION1,PWRWNDB06,20,2039,0.3490092855431366
REGION1,PWRWNDB06,21,2039,0.085008855894918
REGION1,PWRWNDB06,22,2039,0.0338265842532246
REGION1,PWRWNDB06,23,2039,0.0079097569231607
REGION1,PWRWNDB06,24,2039,0.0727430451793532
REGION1,PWRWNDB06,25,2039,0.6168589334310051
REGION1,PWRWNDB06,26,2039,0.6851529917505186
REGION1,PWRWNDB06,27,2039,0.6195701175544528
REGION1,PWRWNDB06,28,2039,0.6272931649822836
REGION1,PWRWNDB06,29,2039,0.5141070917923346
REGION1,PWRWNDB06,30,2039,0.4451956988431619
REGION1,PWRWNDB06,31,2039,0.7221922233831043
REGION1,PWRWNDB06,32,2039,0.6604038678664027
REGION1,PWRWNDB06,33,2039,0.732178521016849
REGION1,PWRWNDB06,34,2039,0.6107250406276847
REGION1,PWRWNDB06,35,2039,0.6654738090332981
REGION1,PWRWNDB06,36,2039,0.5665058308128768
REGION1,PWRWNDB06,37,2039,0.1707851807519347
REGION1,PWRWNDB06,38,2039,0.2879370864280203
REGION1,PWRWNDB06,39,2039,0.2837595626189529
REGION1,PWRWNDB06,40,2039,0.3179119009543904
REGION1,PWRWNDB06,1,2040,0.1683654107257358
REGION1,PWRWNDB06,2,2040,0.0054975461789198
REGION1,PWRWNDB06,3,2040,0.0048576380830731
REGION1,PWRWNDB06,4,2040,0.0
REGION1,PWRWNDB06,5,2040,0.0984632165298716
REGION1,PWRWNDB06,6,2040,0.006363815982191
REGION1,PWRWNDB06,7,2040,0.0145894728416851
REGION1,PWRWNDB06,8,2040,0.0894853488166439
REGION1,PWRWNDB06,9,2040,0.6766594557407686
REGION1,PWRWNDB06,10,2040,0.4867005377610262
REGION1,PWRWNDB06,11,2040,0.1004198546912425
REGION1,PWRWNDB06,12,2040,0.1640693784049905
REGION1,PWRWNDB06,13,2040,0.7328813783957311
REGION1,PWRWNDB06,14,2040,0.4779383711403666
REGION1,PWRWNDB06,15,2040,0.1107856280051962
REGION1,PWRWNDB06,16,2040,0.3399412563834672
REGION1,PWRWNDB06,17,2040,0.5069493285674792
REGION1,PWRWNDB06,18,2040,0.370648962485996
REGION1,PWRWNDB06,19,2040,0.3980334876435658
REGION1,PWRWNDB06,20,2040,0.3490092855431366
REGION1,PWRWNDB06,21,2040,0.085008855894918
REGION1,PWRWNDB06,22,2040,0.0338265842532246
REGION1,PWRWNDB06,23,2040,0.0079097569231607
REGION1,PWRWNDB06,24,2040,0.0727430451793532
REGION1,PWRWNDB06,25,2040,0.6168589334310051
REGION1,PWRWNDB06,26,2040,0.6851529917505186
REGION1,PWRWNDB06,27,2040,0.6195701175544528
REGION1,PWRWNDB06,28,2040,0.6272931649822836
REGION1,PWRWNDB06,29,2040,0.5141070917923346
REGION1,PWRWNDB06,30,2040,0.4451956988431619
REGION1,PWRWNDB06,31,2040,0.7221922233831043
REGION1,PWRWNDB06,32,2040,0.6604038678664027
REGION1,PWRWNDB06,33,2040,0.732178521016849
REGION1,PWRWNDB06,34,2040,0.6107250406276847
REGION1,PWRWNDB06,35,2040,0.6654738090332981
REGION1,PWRWNDB06,36,2040,0.5665058308128768
REGION1,PWRWNDB06,37,2040,0.1707851807519347
REGION1,PWRWNDB06,38,2040,0.2879370864280203
REGION1,PWRWNDB06,39,2040,0.2837595626189529
REGION1,PWRWNDB06,40,2040,0.3179119009543904
REGION1,PWRWNDB06,1,2041,0.1683654107257358
REGION1,PWRWNDB06,2,2041,0.0054975461789198
REGION1,PWRWNDB06,3,2041,0.0048576380830731
REGION1,PWRWNDB06,4,2041,0.0
REGION1,PWRWNDB06,5,2041,0.0984632165298716
REGION1,PWRWNDB06,6,2041,0.006363815982191
REGION1,PWRWNDB06,7,2041,0.0145894728416851
REGION1,PWRWNDB06,8,2041,0.0894853488166439
REGION1,PWRWNDB06,9,2041,0.6766594557407686
REGION1,PWRWNDB06,10,2041,0.4867005377610262
REGION1,PWRWNDB06,11,2041,0.1004198546912425
REGION1,PWRWNDB06,12,2041,0.1640693784049905
REGION1,PWRWNDB06,13,2041,0.7328813783957311
REGION1,PWRWNDB06,14,2041,0.4779383711403666
REGION1,PWRWNDB06,15,2041,0.1107856280051962
REGION1,PWRWNDB06,16,2041,0.3399412563834672
REGION1,PWRWNDB06,17,2041,0.5069493285674792
REGION1,PWRWNDB06,18,2041,0.370648962485996
REGION1,PWRWNDB06,19,2041,0.3980334876435658
REGION1,PWRWNDB06,20,2041,0.3490092855431366
REGION1,PWRWNDB06,21,2041,0.085008855894918
REGION1,PWRWNDB06,22,2041,0.0338265842532246
REGION1,PWRWNDB06,23,2041,0.0079097569231607
REGION1,PWRWNDB06,24,2041,0.0727430451793532
REGION1,PWRWNDB06,25,2041,0.6168589334310051
REGION1,PWRWNDB06,26,2041,0.6851529917505186
REGION1,PWRWNDB06,27,2041,0.6195701175544528
REGION1,PWRWNDB06,28,2041,0.6272931649822836
REGION1,PWRWNDB06,29,2041,0.5141070917923346
REGION1,PWRWNDB06,30,2041,0.4451956988431619
REGION1,PWRWNDB06,31,2041,0.7221922233831043
REGION1,PWRWNDB06,32,2041,0.6604038678664027
REGION1,PWRWNDB06,33,2041,0.732178521016849
REGION1,PWRWNDB06,34,2041,0.6107250406276847
REGION1,PWRWNDB06,35,2041,0.6654738090332981
REGION1,PWRWNDB06,36,2041,0.5665058308128768
REGION1,PWRWNDB06,37,2041,0.1707851807519347
REGION1,PWRWNDB06,38,2041,0.2879370864280203
REGION1,PWRWNDB06,39,2041,0.2837595626189529
REGION1,PWRWNDB06,40,2041,0.3179119009543904
REGION1,PWRWNDB06,1,2042,0.1683654107257358
REGION1,PWRWNDB06,2,2042,0.0054975461789198
REGION1,PWRWNDB06,3,2042,0.0048576380830731
REGION1,PWRWNDB06,4,2042,0.0
REGION1,PWRWNDB06,5,2042,0.0984632165298716
REGION1,PWRWNDB06,6,2042,0.006363815982191
REGION1,PWRWNDB06,7,2042,0.0145894728416851
REGION1,PWRWNDB06,8,2042,0.0894853488166439
REGION1,PWRWNDB06,9,2042,0.6766594557407686
REGION1,PWRWNDB06,10,2042,0.4867005377610262
REGION1,PWRWNDB06,11,2042,0.1004198546912425
REGION1,PWRWNDB06,12,2042,0.1640693784049905
REGION1,PWRWNDB06,13,2042,0.7328813783957311
REGION1,PWRWNDB06,14,2042,0.4779383711403666
REGION1,PWRWNDB06,15,2042,0.1107856280051962
REGION1,PWRWNDB06,16,2042,0.3399412563834672
REGION1,PWRWNDB06,17,2042,0.5069493285674792
REGION1,PWRWNDB06,18,2042,0.370648962485996
REGION1,PWRWNDB06,19,2042,0.3980334876435658
REGION1,PWRWNDB06,20,2042,0.3490092855431366
REGION1,PWRWNDB06,21,2042,0.085008855894918
REGION1,PWRWNDB06,22,2042,0.0338265842532246
REGION1,PWRWNDB06,23,2042,0.0079097569231607
REGION1,PWRWNDB06,24,2042,0.0727430451793532
REGION1,PWRWNDB06,25,2042,0.6168589334310051
REGION1,PWRWNDB06,26,2042,0.6851529917505186
REGION1,PWRWNDB06,27,2042,0.6195701175544528
REGION1,PWRWNDB06,28,2042,0.6272931649822836
REGION1,PWRWNDB06,29,2042,0.5141070917923346
REGION1,PWRWNDB06,30,2042,0.4451956988431619
REGION1,PWRWNDB06,31,2042,0.7221922233831043
REGION1,PWRWNDB06,32,2042,0.6604038678664027
REGION1,PWRWNDB06,33,2042,0.732178521016849
REGION1,PWRWNDB06,34,2042,0.6107250406276847
REGION1,PWRWNDB06,35,2042,0.6654738090332981
REGION1,PWRWNDB06,36,2042,0.5665058308128768
REGION1,PWRWNDB06,37,2042,0.1707851807519347
REGION1,PWRWNDB06,38,2042,0.2879370864280203
REGION1,PWRWNDB06,39,2042,0.2837595626189529
REGION1,PWRWNDB06,40,2042,0.3179119009543904
REGION1,PWRWNDB06,1,2043,0.1683654107257358
REGION1,PWRWNDB06,2,2043,0.0054975461789198
REGION1,PWRWNDB06,3,2043,0.0048576380830731
REGION1,PWRWNDB06,4,2043,0.0
REGION1,PWRWNDB06,5,2043,0.0984632165298716
REGION1,PWRWNDB06,6,2043,0.006363815982191
REGION1,PWRWNDB06,7,2043,0.0145894728416851
REGION1,PWRWNDB06,8,2043,0.0894853488166439
REGION1,PWRWNDB06,9,2043,0.6766594557407686
REGION1,PWRWNDB06,10,2043,0.4867005377610262
REGION1,PWRWNDB06,11,2043,0.1004198546912425
REGION1,PWRWNDB06,12,2043,0.1640693784049905
REGION1,PWRWNDB06,13,2043,0.7328813783957311
REGION1,PWRWNDB06,14,2043,0.4779383711403666
REGION1,PWRWNDB06,15,2043,0.1107856280051962
REGION1,PWRWNDB06,16,2043,0.3399412563834672
REGION1,PWRWNDB06,17,2043,0.5069493285674792
REGION1,PWRWNDB06,18,2043,0.370648962485996
REGION1,PWRWNDB06,19,2043,0.3980334876435658
REGION1,PWRWNDB06,20,2043,0.3490092855431366
REGION1,PWRWNDB06,21,2043,0.085008855894918
REGION1,PWRWNDB06,22,2043,0.0338265842532246
REGION1,PWRWNDB06,23,2043,0.0079097569231607
REGION1,PWRWNDB06,24,2043,0.0727430451793532
REGION1,PWRWNDB06,25,2043,0.6168589334310051
REGION1,PWRWNDB06,26,2043,0.6851529917505186
REGION1,PWRWNDB06,27,2043,0.6195701175544528
REGION1,PWRWNDB06,28,2043,0.6272931649822836
REGION1,PWRWNDB06,29,2043,0.5141070917923346
REGION1,PWRWNDB06,30,2043,0.4451956988431619
REGION1,PWRWNDB06,31,2043,0.7221922233831043
REGION1,PWRWNDB06,32,2043,0.6604038678664027
REGION1,PWRWNDB06,33,2043,0.732178521016849
REGION1,PWRWNDB06,34,2043,0.6107250406276847
REGION1,PWRWNDB06,35,2043,0.6654738090332981
REGION1,PWRWNDB06,36,2043,0.5665058308128768
REGION1,PWRWNDB06,37,2043,0.1707851807519347
REGION1,PWRWNDB06,38,2043,0.2879370864280203
REGION1,PWRWNDB06,39,2043,0.2837595626189529
REGION1,PWRWNDB06,40,2043,0.3179119009543904
REGION1,PWRWNDB06,1,2044,0.1683654107257358
REGION1,PWRWNDB06,2,2044,0.0054975461789198
REGION1,PWRWNDB06,3,2044,0.0048576380830731
REGION1,PWRWNDB06,4,2044,0.0
REGION1,PWRWNDB06,5,2044,0.0984632165298716
REGION1,PWRWNDB06,6,2044,0.006363815982191
REGION1,PWRWNDB06,7,2044,0.0145894728416851
REGION1,PWRWNDB06,8,2044,0.0894853488166439
REGION1,PWRWNDB06,9,2044,0.6766594557407686
REGION1,PWRWNDB06,10,2044,0.4867005377610262
REGION1,PWRWNDB06,11,2044,0.1004198546912425
REGION1,PWRWNDB06,12,2044,0.1640693784049905
REGION1,PWRWNDB06,13,2044,0.7328813783957311
REGION1,PWRWNDB06,14,2044,0.4779383711403666
REGION1,PWRWNDB06,15,2044,0.1107856280051962
REGION1,PWRWNDB06,16,2044,0.3399412563834672
REGION1,PWRWNDB06,17,2044,0.5069493285674792
REGION1,PWRWNDB06,18,2044,0.370648962485996
REGION1,PWRWNDB06,19,2044,0.3980334876435658
REGION1,PWRWNDB06,20,2044,0.3490092855431366
REGION1,PWRWNDB06,21,2044,0.085008855894918
REGION1,PWRWNDB06,22,2044,0.0338265842532246
REGION1,PWRWNDB06,23,2044,0.0079097569231607
REGION1,PWRWNDB06,24,2044,0.0727430451793532
REGION1,PWRWNDB06,25,2044,0.6168589334310051
REGION1,PWRWNDB06,26,2044,0.6851529917505186
REGION1,PWRWNDB06,27,2044,0.6195701175544528
REGION1,PWRWNDB06,28,2044,0.6272931649822836
REGION1,PWRWNDB06,29,2044,0.5141070917923346
REGION1,PWRWNDB06,30,2044,0.4451956988431619
REGION1,PWRWNDB06,31,2044,0.7221922233831043
REGION1,PWRWNDB06,32,2044,0.6604038678664027
REGION1,PWRWNDB06,33,2044,0.732178521016849
REGION1,PWRWNDB06,34,2044,0.6107250406276847
REGION1,PWRWNDB06,35,2044,0.6654738090332981
REGION1,PWRWNDB06,36,2044,0.5665058308128768
REGION1,PWRWNDB06,37,2044,0.1707851807519347
REGION1,PWRWNDB06,38,2044,0.2879370864280203
REGION1,PWRWNDB06,39,2044,0.2837595626189529
REGION1,PWRWNDB06,40,2044,0.3179119009543904
REGION1,PWRWNDB06,1,2045,0.1683654107257358
REGION1,PWRWNDB06,2,2045,0.0054975461789198
REGION1,PWRWNDB06,3,2045,0.0048576380830731
REGION1,PWRWNDB06,4,2045,0.0
REGION1,PWRWNDB06,5,2045,0.0984632165298716
REGION1,PWRWNDB06,6,2045,0.006363815982191
REGION1,PWRWNDB06,7,2045,0.0145894728416851
REGION1,PWRWNDB06,8,2045,0.0894853488166439
REGION1,PWRWNDB06,9,2045,0.6766594557407686
REGION1,PWRWNDB06,10,2045,0.4867005377610262
REGION1,PWRWNDB06,11,2045,0.1004198546912425
REGION1,PWRWNDB06,12,2045,0.1640693784049905
REGION1,PWRWNDB06,13,2045,0.7328813783957311
REGION1,PWRWNDB06,14,2045,0.4779383711403666
REGION1,PWRWNDB06,15,2045,0.1107856280051962
REGION1,PWRWNDB06,16,2045,0.3399412563834672
REGION1,PWRWNDB06,17,2045,0.5069493285674792
REGION1,PWRWNDB06,18,2045,0.370648962485996
REGION1,PWRWNDB06,19,2045,0.3980334876435658
REGION1,PWRWNDB06,20,2045,0.3490092855431366
REGION1,PWRWNDB06,21,2045,0.085008855894918
REGION1,PWRWNDB06,22,2045,0.0338265842532246
REGION1,PWRWNDB06,23,2045,0.0079097569231607
REGION1,PWRWNDB06,24,2045,0.0727430451793532
REGION1,PWRWNDB06,25,2045,0.6168589334310051
REGION1,PWRWNDB06,26,2045,0.6851529917505186
REGION1,PWRWNDB06,27,2045,0.6195701175544528
REGION1,PWRWNDB06,28,2045,0.6272931649822836
REGION1,PWRWNDB06,29,2045,0.5141070917923346
REGION1,PWRWNDB06,30,2045,0.4451956988431619
REGION1,PWRWNDB06,31,2045,0.7221922233831043
REGION1,PWRWNDB06,32,2045,0.6604038678664027
REGION1,PWRWNDB06,33,2045,0.732178521016849
REGION1,PWRWNDB06,34,2045,0.6107250406276847
REGION1,PWRWNDB06,35,2045,0.6654738090332981
REGION1,PWRWNDB06,36,2045,0.5665058308128768
REGION1,PWRWNDB06,37,2045,0.1707851807519347
REGION1,PWRWNDB06,38,2045,0.2879370864280203
REGION1,PWRWNDB06,39,2045,0.2837595626189529
REGION1,PWRWNDB06,40,2045,0.3179119009543904
REGION1,PWRWNDB06,1,2046,0.1683654107257358
REGION1,PWRWNDB06,2,2046,0.0054975461789198
REGION1,PWRWNDB06,3,2046,0.0048576380830731
REGION1,PWRWNDB06,4,2046,0.0
REGION1,PWRWNDB06,5,2046,0.0984632165298716
REGION1,PWRWNDB06,6,2046,0.006363815982191
REGION1,PWRWNDB06,7,2046,0.0145894728416851
REGION1,PWRWNDB06,8,2046,0.0894853488166439
REGION1,PWRWNDB06,9,2046,0.6766594557407686
REGION1,PWRWNDB06,10,2046,0.4867005377610262
REGION1,PWRWNDB06,11,2046,0.1004198546912425
REGION1,PWRWNDB06,12,2046,0.1640693784049905
REGION1,PWRWNDB06,13,2046,0.7328813783957311
REGION1,PWRWNDB06,14,2046,0.4779383711403666
REGION1,PWRWNDB06,15,2046,0.1107856280051962
REGION1,PWRWNDB06,16,2046,0.3399412563834672
REGION1,PWRWNDB06,17,2046,0.5069493285674792
REGION1,PWRWNDB06,18,2046,0.370648962485996
REGION1,PWRWNDB06,19,2046,0.3980334876435658
REGION1,PWRWNDB06,20,2046,0.3490092855431366
REGION1,PWRWNDB06,21,2046,0.085008855894918
REGION1,PWRWNDB06,22,2046,0.0338265842532246
REGION1,PWRWNDB06,23,2046,0.0079097569231607
REGION1,PWRWNDB06,24,2046,0.0727430451793532
REGION1,PWRWNDB06,25,2046,0.6168589334310051
REGION1,PWRWNDB06,26,2046,0.6851529917505186
REGION1,PWRWNDB06,27,2046,0.6195701175544528
REGION1,PWRWNDB06,28,2046,0.6272931649822836
REGION1,PWRWNDB06,29,2046,0.5141070917923346
REGION1,PWRWNDB06,30,2046,0.4451956988431619
REGION1,PWRWNDB06,31,2046,0.7221922233831043
REGION1,PWRWNDB06,32,2046,0.6604038678664027
REGION1,PWRWNDB06,33,2046,0.732178521016849
REGION1,PWRWNDB06,34,2046,0.6107250406276847
REGION1,PWRWNDB06,35,2046,0.6654738090332981
REGION1,PWRWNDB06,36,2046,0.5665058308128768
REGION1,PWRWNDB06,37,2046,0.1707851807519347
REGION1,PWRWNDB06,38,2046,0.2879370864280203
REGION1,PWRWNDB06,39,2046,0.2837595626189529
REGION1,PWRWNDB06,40,2046,0.3179119009543904
REGION1,PWRWNDB06,1,2047,0.1683654107257358
REGION1,PWRWNDB06,2,2047,0.0054975461789198
REGION1,PWRWNDB06,3,2047,0.0048576380830731
REGION1,PWRWNDB06,4,2047,0.0
REGION1,PWRWNDB06,5,2047,0.0984632165298716
REGION1,PWRWNDB06,6,2047,0.006363815982191
REGION1,PWRWNDB06,7,2047,0.0145894728416851
REGION1,PWRWNDB06,8,2047,0.0894853488166439
REGION1,PWRWNDB06,9,2047,0.6766594557407686
REGION1,PWRWNDB06,10,2047,0.4867005377610262
REGION1,PWRWNDB06,11,2047,0.1004198546912425
REGION1,PWRWNDB06,12,2047,0.1640693784049905
REGION1,PWRWNDB06,13,2047,0.7328813783957311
REGION1,PWRWNDB06,14,2047,0.4779383711403666
REGION1,PWRWNDB06,15,2047,0.1107856280051962
REGION1,PWRWNDB06,16,2047,0.3399412563834672
REGION1,PWRWNDB06,17,2047,0.5069493285674792
REGION1,PWRWNDB06,18,2047,0.370648962485996
REGION1,PWRWNDB06,19,2047,0.3980334876435658
REGION1,PWRWNDB06,20,2047,0.3490092855431366
REGION1,PWRWNDB06,21,2047,0.085008855894918
REGION1,PWRWNDB06,22,2047,0.0338265842532246
REGION1,PWRWNDB06,23,2047,0.0079097569231607
REGION1,PWRWNDB06,24,2047,0.0727430451793532
REGION1,PWRWNDB06,25,2047,0.6168589334310051
REGION1,PWRWNDB06,26,2047,0.6851529917505186
REGION1,PWRWNDB06,27,2047,0.6195701175544528
REGION1,PWRWNDB06,28,2047,0.6272931649822836
REGION1,PWRWNDB06,29,2047,0.5141070917923346
REGION1,PWRWNDB06,30,2047,0.4451956988431619
REGION1,PWRWNDB06,31,2047,0.7221922233831043
REGION1,PWRWNDB06,32,2047,0.6604038678664027
REGION1,PWRWNDB06,33,2047,0.732178521016849
REGION1,PWRWNDB06,34,2047,0.6107250406276847
REGION1,PWRWNDB06,35,2047,0.6654738090332981
REGION1,PWRWNDB06,36,2047,0.5665058308128768
REGION1,PWRWNDB06,37,2047,0.1707851807519347
REGION1,PWRWNDB06,38,2047,0.2879370864280203
REGION1,PWRWNDB06,39,2047,0.2837595626189529
REGION1,PWRWNDB06,40,2047,0.3179119009543904
REGION1,PWRWNDB06,1,2048,0.1683654107257358
REGION1,PWRWNDB06,2,2048,0.0054975461789198
REGION1,PWRWNDB06,3,2048,0.0048576380830731
REGION1,PWRWNDB06,4,2048,0.0
REGION1,PWRWNDB06,5,2048,0.0984632165298716
REGION1,PWRWNDB06,6,2048,0.006363815982191
REGION1,PWRWNDB06,7,2048,0.0145894728416851
REGION1,PWRWNDB06,8,2048,0.0894853488166439
REGION1,PWRWNDB06,9,2048,0.6766594557407686
REGION1,PWRWNDB06,10,2048,0.4867005377610262
REGION1,PWRWNDB06,11,2048,0.1004198546912425
REGION1,PWRWNDB06,12,2048,0.1640693784049905
REGION1,PWRWNDB06,13,2048,0.7328813783957311
REGION1,PWRWNDB06,14,2048,0.4779383711403666
REGION1,PWRWNDB06,15,2048,0.1107856280051962
REGION1,PWRWNDB06,16,2048,0.3399412563834672
REGION1,PWRWNDB06,17,2048,0.5069493285674792
REGION1,PWRWNDB06,18,2048,0.370648962485996
REGION1,PWRWNDB06,19,2048,0.3980334876435658
REGION1,PWRWNDB06,20,2048,0.3490092855431366
REGION1,PWRWNDB06,21,2048,0.085008855894918
REGION1,PWRWNDB06,22,2048,0.0338265842532246
REGION1,PWRWNDB06,23,2048,0.0079097569231607
REGION1,PWRWNDB06,24,2048,0.0727430451793532
REGION1,PWRWNDB06,25,2048,0.6168589334310051
REGION1,PWRWNDB06,26,2048,0.6851529917505186
REGION1,PWRWNDB06,27,2048,0.6195701175544528
REGION1,PWRWNDB06,28,2048,0.6272931649822836
REGION1,PWRWNDB06,29,2048,0.5141070917923346
REGION1,PWRWNDB06,30,2048,0.4451956988431619
REGION1,PWRWNDB06,31,2048,0.7221922233831043
REGION1,PWRWNDB06,32,2048,0.6604038678664027
REGION1,PWRWNDB06,33,2048,0.732178521016849
REGION1,PWRWNDB06,34,2048,0.6107250406276847
REGION1,PWRWNDB06,35,2048,0.6654738090332981
REGION1,PWRWNDB06,36,2048,0.5665058308128768
REGION1,PWRWNDB06,37,2048,0.1707851807519347
REGION1,PWRWNDB06,38,2048,0.2879370864280203
REGION1,PWRWNDB06,39,2048,0.2837595626189529
REGION1,PWRWNDB06,40,2048,0.3179119009543904
REGION1,PWRWNDB06,1,2049,0.1683654107257358
REGION1,PWRWNDB06,2,2049,0.0054975461789198
REGION1,PWRWNDB06,3,2049,0.0048576380830731
REGION1,PWRWNDB06,4,2049,0.0
REGION1,PWRWNDB06,5,2049,0.0984632165298716
REGION1,PWRWNDB06,6,2049,0.006363815982191
REGION1,PWRWNDB06,7,2049,0.0145894728416851
REGION1,PWRWNDB06,8,2049,0.0894853488166439
REGION1,PWRWNDB06,9,2049,0.6766594557407686
REGION1,PWRWNDB06,10,2049,0.4867005377610262
REGION1,PWRWNDB06,11,2049,0.1004198546912425
REGION1,PWRWNDB06,12,2049,0.1640693784049905
REGION1,PWRWNDB06,13,2049,0.7328813783957311
REGION1,PWRWNDB06,14,2049,0.4779383711403666
REGION1,PWRWNDB06,15,2049,0.1107856280051962
REGION1,PWRWNDB06,16,2049,0.3399412563834672
REGION1,PWRWNDB06,17,2049,0.5069493285674792
REGION1,PWRWNDB06,18,2049,0.370648962485996
REGION1,PWRWNDB06,19,2049,0.3980334876435658
REGION1,PWRWNDB06,20,2049,0.3490092855431366
REGION1,PWRWNDB06,21,2049,0.085008855894918
REGION1,PWRWNDB06,22,2049,0.0338265842532246
REGION1,PWRWNDB06,23,2049,0.0079097569231607
REGION1,PWRWNDB06,24,2049,0.0727430451793532
REGION1,PWRWNDB06,25,2049,0.6168589334310051
REGION1,PWRWNDB06,26,2049,0.6851529917505186
REGION1,PWRWNDB06,27,2049,0.6195701175544528
REGION1,PWRWNDB06,28,2049,0.6272931649822836
REGION1,PWRWNDB06,29,2049,0.5141070917923346
REGION1,PWRWNDB06,30,2049,0.4451956988431619
REGION1,PWRWNDB06,31,2049,0.7221922233831043
REGION1,PWRWNDB06,32,2049,0.6604038678664027
REGION1,PWRWNDB06,33,2049,0.732178521016849
REGION1,PWRWNDB06,34,2049,0.6107250406276847
REGION1,PWRWNDB06,35,2049,0.6654738090332981
REGION1,PWRWNDB06,36,2049,0.5665058308128768
REGION1,PWRWNDB06,37,2049,0.1707851807519347
REGION1,PWRWNDB06,38,2049,0.2879370864280203
REGION1,PWRWNDB06,39,2049,0.2837595626189529
REGION1,PWRWNDB06,40,2049,0.3179119009543904
REGION1,PWRWNDB06,1,2050,0.1683654107257358
REGION1,PWRWNDB06,2,2050,0.0054975461789198
REGION1,PWRWNDB06,3,2050,0.0048576380830731
REGION1,PWRWNDB06,4,2050,0.0
REGION1,PWRWNDB06,5,2050,0.0984632165298716
REGION1,PWRWNDB06,6,2050,0.006363815982191
REGION1,PWRWNDB06,7,2050,0.0145894728416851
REGION1,PWRWNDB06,8,2050,0.0894853488166439
REGION1,PWRWNDB06,9,2050,0.6766594557407686
REGION1,PWRWNDB06,10,2050,0.4867005377610262
REGION1,PWRWNDB06,11,2050,0.1004198546912425
REGION1,PWRWNDB06,12,2050,0.1640693784049905
REGION1,PWRWNDB06,13,2050,0.7328813783957311
REGION1,PWRWNDB06,14,2050,0.4779383711403666
REGION1,PWRWNDB06,15,2050,0.1107856280051962
REGION1,PWRWNDB06,16,2050,0.3399412563834672
REGION1,PWRWNDB06,17,2050,0.5069493285674792
REGION1,PWRWNDB06,18,2050,0.370648962485996
REGION1,PWRWNDB06,19,2050,0.3980334876435658
REGION1,PWRWNDB06,20,2050,0.3490092855431366
REGION1,PWRWNDB06,21,2050,0.085008855894918
REGION1,PWRWNDB06,22,2050,0.0338265842532246
REGION1,PWRWNDB06,23,2050,0.0079097569231607
REGION1,PWRWNDB06,24,2050,0.0727430451793532
REGION1,PWRWNDB06,25,2050,0.6168589334310051
REGION1,PWRWNDB06,26,2050,0.6851529917505186
REGION1,PWRWNDB06,27,2050,0.6195701175544528
REGION1,PWRWNDB06,28,2050,0.6272931649822836
REGION1,PWRWNDB06,29,2050,0.5141070917923346
REGION1,PWRWNDB06,30,2050,0.4451956988431619
REGION1,PWRWNDB06,31,2050,0.7221922233831043
REGION1,PWRWNDB06,32,2050,0.6604038678664027
REGION1,PWRWNDB06,33,2050,0.732178521016849
REGION1,PWRWNDB06,34,2050,0.6107250406276847
REGION1,PWRWNDB06,35,2050,0.6654738090332981
REGION1,PWRWNDB06,36,2050,0.5665058308128768
REGION1,PWRWNDB06,37,2050,0.1707851807519347
REGION1,PWRWNDB06,38,2050,0.2879370864280203
REGION1,PWRWNDB06,39,2050,0.2837595626189529
REGION1,PWRWNDB06,40,2050,0.3179119009543904
REGION1,PWRWNDB07,1,2020,0.8031335284207254
REGION1,PWRWNDB07,2,2020,0.820017570881093
REGION1,PWRWNDB07,3,2020,0.8187495476764308
REGION1,PWRWNDB07,4,2020,0.7772279456864245
REGION1,PWRWNDB07,5,2020,0.1109660770960178
REGION1,PWRWNDB07,6,2020,0.3103220974947756
REGION1,PWRWNDB07,7,2020,0.2635495944976708
REGION1,PWRWNDB07,8,2020,0.2316224334918053
REGION1,PWRWNDB07,9,2020,0.1313389149646899
REGION1,PWRWNDB07,10,2020,0.0369463516544664
REGION1,PWRWNDB07,11,2020,0.0059226487547643
REGION1,PWRWNDB07,12,2020,0.0059226487547643
REGION1,PWRWNDB07,13,2020,0.4321030781064007
REGION1,PWRWNDB07,14,2020,0.4060668308605147
REGION1,PWRWNDB07,15,2020,0.1876572416102703
REGION1,PWRWNDB07,16,2020,0.2226182243796119
REGION1,PWRWNDB07,17,2020,0.672129130837975
REGION1,PWRWNDB07,18,2020,0.8126656033639909
REGION1,PWRWNDB07,19,2020,0.8135574256191931
REGION1,PWRWNDB07,20,2020,0.8199995750328939
REGION1,PWRWNDB07,21,2020,0.0653954434405748
REGION1,PWRWNDB07,22,2020,0.0220201850498396
REGION1,PWRWNDB07,23,2020,0.0518019733306356
REGION1,PWRWNDB07,24,2020,0.0059226487547643
REGION1,PWRWNDB07,25,2020,0.1530431492103156
REGION1,PWRWNDB07,26,2020,0.4349361796938127
REGION1,PWRWNDB07,27,2020,0.5095911085605608
REGION1,PWRWNDB07,28,2020,0.6576314356508922
REGION1,PWRWNDB07,29,2020,0.8008507145901236
REGION1,PWRWNDB07,30,2020,0.8186895425433467
REGION1,PWRWNDB07,31,2020,0.8197038296035782
REGION1,PWRWNDB07,32,2020,0.8200590583519872
REGION1,PWRWNDB07,33,2020,0.7388427160297909
REGION1,PWRWNDB07,34,2020,0.4601491766622063
REGION1,PWRWNDB07,35,2020,0.0154682645755749
REGION1,PWRWNDB07,36,2020,0.0308935042986384
REGION1,PWRWNDB07,37,2020,0.1144361858282755
REGION1,PWRWNDB07,38,2020,0.1235371905668053
REGION1,PWRWNDB07,39,2020,0.107744028061212
REGION1,PWRWNDB07,40,2020,0.0385054962315195
REGION1,PWRWNDB07,1,2021,0.8031335284207254
REGION1,PWRWNDB07,2,2021,0.820017570881093
REGION1,PWRWNDB07,3,2021,0.8187495476764308
REGION1,PWRWNDB07,4,2021,0.7772279456864245
REGION1,PWRWNDB07,5,2021,0.1109660770960178
REGION1,PWRWNDB07,6,2021,0.3103220974947756
REGION1,PWRWNDB07,7,2021,0.2635495944976708
REGION1,PWRWNDB07,8,2021,0.2316224334918053
REGION1,PWRWNDB07,9,2021,0.1313389149646899
REGION1,PWRWNDB07,10,2021,0.0369463516544664
REGION1,PWRWNDB07,11,2021,0.0059226487547643
REGION1,PWRWNDB07,12,2021,0.0059226487547643
REGION1,PWRWNDB07,13,2021,0.4321030781064007
REGION1,PWRWNDB07,14,2021,0.4060668308605147
REGION1,PWRWNDB07,15,2021,0.1876572416102703
REGION1,PWRWNDB07,16,2021,0.2226182243796119
REGION1,PWRWNDB07,17,2021,0.672129130837975
REGION1,PWRWNDB07,18,2021,0.8126656033639909
REGION1,PWRWNDB07,19,2021,0.8135574256191931
REGION1,PWRWNDB07,20,2021,0.8199995750328939
REGION1,PWRWNDB07,21,2021,0.0653954434405748
REGION1,PWRWNDB07,22,2021,0.0220201850498396
REGION1,PWRWNDB07,23,2021,0.0518019733306356
REGION1,PWRWNDB07,24,2021,0.0059226487547643
REGION1,PWRWNDB07,25,2021,0.1530431492103156
REGION1,PWRWNDB07,26,2021,0.4349361796938127
REGION1,PWRWNDB07,27,2021,0.5095911085605608
REGION1,PWRWNDB07,28,2021,0.6576314356508922
REGION1,PWRWNDB07,29,2021,0.8008507145901236
REGION1,PWRWNDB07,30,2021,0.8186895425433467
REGION1,PWRWNDB07,31,2021,0.8197038296035782
REGION1,PWRWNDB07,32,2021,0.8200590583519872
REGION1,PWRWNDB07,33,2021,0.7388427160297909
REGION1,PWRWNDB07,34,2021,0.4601491766622063
REGION1,PWRWNDB07,35,2021,0.0154682645755749
REGION1,PWRWNDB07,36,2021,0.0308935042986384
REGION1,PWRWNDB07,37,2021,0.1144361858282755
REGION1,PWRWNDB07,38,2021,0.1235371905668053
REGION1,PWRWNDB07,39,2021,0.107744028061212
REGION1,PWRWNDB07,40,2021,0.0385054962315195
REGION1,PWRWNDB07,1,2022,0.8031335284207254
REGION1,PWRWNDB07,2,2022,0.820017570881093
REGION1,PWRWNDB07,3,2022,0.8187495476764308
REGION1,PWRWNDB07,4,2022,0.7772279456864245
REGION1,PWRWNDB07,5,2022,0.1109660770960178
REGION1,PWRWNDB07,6,2022,0.3103220974947756
REGION1,PWRWNDB07,7,2022,0.2635495944976708
REGION1,PWRWNDB07,8,2022,0.2316224334918053
REGION1,PWRWNDB07,9,2022,0.1313389149646899
REGION1,PWRWNDB07,10,2022,0.0369463516544664
REGION1,PWRWNDB07,11,2022,0.0059226487547643
REGION1,PWRWNDB07,12,2022,0.0059226487547643
REGION1,PWRWNDB07,13,2022,0.4321030781064007
REGION1,PWRWNDB07,14,2022,0.4060668308605147
REGION1,PWRWNDB07,15,2022,0.1876572416102703
REGION1,PWRWNDB07,16,2022,0.2226182243796119
REGION1,PWRWNDB07,17,2022,0.672129130837975
REGION1,PWRWNDB07,18,2022,0.8126656033639909
REGION1,PWRWNDB07,19,2022,0.8135574256191931
REGION1,PWRWNDB07,20,2022,0.8199995750328939
REGION1,PWRWNDB07,21,2022,0.0653954434405748
REGION1,PWRWNDB07,22,2022,0.0220201850498396
REGION1,PWRWNDB07,23,2022,0.0518019733306356
REGION1,PWRWNDB07,24,2022,0.0059226487547643
REGION1,PWRWNDB07,25,2022,0.1530431492103156
REGION1,PWRWNDB07,26,2022,0.4349361796938127
REGION1,PWRWNDB07,27,2022,0.5095911085605608
REGION1,PWRWNDB07,28,2022,0.6576314356508922
REGION1,PWRWNDB07,29,2022,0.8008507145901236
REGION1,PWRWNDB07,30,2022,0.8186895425433467
REGION1,PWRWNDB07,31,2022,0.8197038296035782
REGION1,PWRWNDB07,32,2022,0.8200590583519872
REGION1,PWRWNDB07,33,2022,0.7388427160297909
REGION1,PWRWNDB07,34,2022,0.4601491766622063
REGION1,PWRWNDB07,35,2022,0.0154682645755749
REGION1,PWRWNDB07,36,2022,0.0308935042986384
REGION1,PWRWNDB07,37,2022,0.1144361858282755
REGION1,PWRWNDB07,38,2022,0.1235371905668053
REGION1,PWRWNDB07,39,2022,0.107744028061212
REGION1,PWRWNDB07,40,2022,0.0385054962315195
REGION1,PWRWNDB07,1,2023,0.8031335284207254
REGION1,PWRWNDB07,2,2023,0.820017570881093
REGION1,PWRWNDB07,3,2023,0.8187495476764308
REGION1,PWRWNDB07,4,2023,0.7772279456864245
REGION1,PWRWNDB07,5,2023,0.1109660770960178
REGION1,PWRWNDB07,6,2023,0.3103220974947756
REGION1,PWRWNDB07,7,2023,0.2635495944976708
REGION1,PWRWNDB07,8,2023,0.2316224334918053
REGION1,PWRWNDB07,9,2023,0.1313389149646899
REGION1,PWRWNDB07,10,2023,0.0369463516544664
REGION1,PWRWNDB07,11,2023,0.0059226487547643
REGION1,PWRWNDB07,12,2023,0.0059226487547643
REGION1,PWRWNDB07,13,2023,0.4321030781064007
REGION1,PWRWNDB07,14,2023,0.4060668308605147
REGION1,PWRWNDB07,15,2023,0.1876572416102703
REGION1,PWRWNDB07,16,2023,0.2226182243796119
REGION1,PWRWNDB07,17,2023,0.672129130837975
REGION1,PWRWNDB07,18,2023,0.8126656033639909
REGION1,PWRWNDB07,19,2023,0.8135574256191931
REGION1,PWRWNDB07,20,2023,0.8199995750328939
REGION1,PWRWNDB07,21,2023,0.0653954434405748
REGION1,PWRWNDB07,22,2023,0.0220201850498396
REGION1,PWRWNDB07,23,2023,0.0518019733306356
REGION1,PWRWNDB07,24,2023,0.0059226487547643
REGION1,PWRWNDB07,25,2023,0.1530431492103156
REGION1,PWRWNDB07,26,2023,0.4349361796938127
REGION1,PWRWNDB07,27,2023,0.5095911085605608
REGION1,PWRWNDB07,28,2023,0.6576314356508922
REGION1,PWRWNDB07,29,2023,0.8008507145901236
REGION1,PWRWNDB07,30,2023,0.8186895425433467
REGION1,PWRWNDB07,31,2023,0.8197038296035782
REGION1,PWRWNDB07,32,2023,0.8200590583519872
REGION1,PWRWNDB07,33,2023,0.7388427160297909
REGION1,PWRWNDB07,34,2023,0.4601491766622063
REGION1,PWRWNDB07,35,2023,0.0154682645755749
REGION1,PWRWNDB07,36,2023,0.0308935042986384
REGION1,PWRWNDB07,37,2023,0.1144361858282755
REGION1,PWRWNDB07,38,2023,0.1235371905668053
REGION1,PWRWNDB07,39,2023,0.107744028061212
REGION1,PWRWNDB07,40,2023,0.0385054962315195
REGION1,PWRWNDB07,1,2024,0.8031335284207254
REGION1,PWRWNDB07,2,2024,0.820017570881093
REGION1,PWRWNDB07,3,2024,0.8187495476764308
REGION1,PWRWNDB07,4,2024,0.7772279456864245
REGION1,PWRWNDB07,5,2024,0.1109660770960178
REGION1,PWRWNDB07,6,2024,0.3103220974947756
REGION1,PWRWNDB07,7,2024,0.2635495944976708
REGION1,PWRWNDB07,8,2024,0.2316224334918053
REGION1,PWRWNDB07,9,2024,0.1313389149646899
REGION1,PWRWNDB07,10,2024,0.0369463516544664
REGION1,PWRWNDB07,11,2024,0.0059226487547643
REGION1,PWRWNDB07,12,2024,0.0059226487547643
REGION1,PWRWNDB07,13,2024,0.4321030781064007
REGION1,PWRWNDB07,14,2024,0.4060668308605147
REGION1,PWRWNDB07,15,2024,0.1876572416102703
REGION1,PWRWNDB07,16,2024,0.2226182243796119
REGION1,PWRWNDB07,17,2024,0.672129130837975
REGION1,PWRWNDB07,18,2024,0.8126656033639909
REGION1,PWRWNDB07,19,2024,0.8135574256191931
REGION1,PWRWNDB07,20,2024,0.8199995750328939
REGION1,PWRWNDB07,21,2024,0.0653954434405748
REGION1,PWRWNDB07,22,2024,0.0220201850498396
REGION1,PWRWNDB07,23,2024,0.0518019733306356
REGION1,PWRWNDB07,24,2024,0.0059226487547643
REGION1,PWRWNDB07,25,2024,0.1530431492103156
REGION1,PWRWNDB07,26,2024,0.4349361796938127
REGION1,PWRWNDB07,27,2024,0.5095911085605608
REGION1,PWRWNDB07,28,2024,0.6576314356508922
REGION1,PWRWNDB07,29,2024,0.8008507145901236
REGION1,PWRWNDB07,30,2024,0.8186895425433467
REGION1,PWRWNDB07,31,2024,0.8197038296035782
REGION1,PWRWNDB07,32,2024,0.8200590583519872
REGION1,PWRWNDB07,33,2024,0.7388427160297909
REGION1,PWRWNDB07,34,2024,0.4601491766622063
REGION1,PWRWNDB07,35,2024,0.0154682645755749
REGION1,PWRWNDB07,36,2024,0.0308935042986384
REGION1,PWRWNDB07,37,2024,0.1144361858282755
REGION1,PWRWNDB07,38,2024,0.1235371905668053
REGION1,PWRWNDB07,39,2024,0.107744028061212
REGION1,PWRWNDB07,40,2024,0.0385054962315195
REGION1,PWRWNDB07,1,2025,0.8031335284207254
REGION1,PWRWNDB07,2,2025,0.820017570881093
REGION1,PWRWNDB07,3,2025,0.8187495476764308
REGION1,PWRWNDB07,4,2025,0.7772279456864245
REGION1,PWRWNDB07,5,2025,0.1109660770960178
REGION1,PWRWNDB07,6,2025,0.3103220974947756
REGION1,PWRWNDB07,7,2025,0.2635495944976708
REGION1,PWRWNDB07,8,2025,0.2316224334918053
REGION1,PWRWNDB07,9,2025,0.1313389149646899
REGION1,PWRWNDB07,10,2025,0.0369463516544664
REGION1,PWRWNDB07,11,2025,0.0059226487547643
REGION1,PWRWNDB07,12,2025,0.0059226487547643
REGION1,PWRWNDB07,13,2025,0.4321030781064007
REGION1,PWRWNDB07,14,2025,0.4060668308605147
REGION1,PWRWNDB07,15,2025,0.1876572416102703
REGION1,PWRWNDB07,16,2025,0.2226182243796119
REGION1,PWRWNDB07,17,2025,0.672129130837975
REGION1,PWRWNDB07,18,2025,0.8126656033639909
REGION1,PWRWNDB07,19,2025,0.8135574256191931
REGION1,PWRWNDB07,20,2025,0.8199995750328939
REGION1,PWRWNDB07,21,2025,0.0653954434405748
REGION1,PWRWNDB07,22,2025,0.0220201850498396
REGION1,PWRWNDB07,23,2025,0.0518019733306356
REGION1,PWRWNDB07,24,2025,0.0059226487547643
REGION1,PWRWNDB07,25,2025,0.1530431492103156
REGION1,PWRWNDB07,26,2025,0.4349361796938127
REGION1,PWRWNDB07,27,2025,0.5095911085605608
REGION1,PWRWNDB07,28,2025,0.6576314356508922
REGION1,PWRWNDB07,29,2025,0.8008507145901236
REGION1,PWRWNDB07,30,2025,0.8186895425433467
REGION1,PWRWNDB07,31,2025,0.8197038296035782
REGION1,PWRWNDB07,32,2025,0.8200590583519872
REGION1,PWRWNDB07,33,2025,0.7388427160297909
REGION1,PWRWNDB07,34,2025,0.4601491766622063
REGION1,PWRWNDB07,35,2025,0.0154682645755749
REGION1,PWRWNDB07,36,2025,0.0308935042986384
REGION1,PWRWNDB07,37,2025,0.1144361858282755
REGION1,PWRWNDB07,38,2025,0.1235371905668053
REGION1,PWRWNDB07,39,2025,0.107744028061212
REGION1,PWRWNDB07,40,2025,0.0385054962315195
REGION1,PWRWNDB07,1,2026,0.8031335284207254
REGION1,PWRWNDB07,2,2026,0.820017570881093
REGION1,PWRWNDB07,3,2026,0.8187495476764308
REGION1,PWRWNDB07,4,2026,0.7772279456864245
REGION1,PWRWNDB07,5,2026,0.1109660770960178
REGION1,PWRWNDB07,6,2026,0.3103220974947756
REGION1,PWRWNDB07,7,2026,0.2635495944976708
REGION1,PWRWNDB07,8,2026,0.2316224334918053
REGION1,PWRWNDB07,9,2026,0.1313389149646899
REGION1,PWRWNDB07,10,2026,0.0369463516544664
REGION1,PWRWNDB07,11,2026,0.0059226487547643
REGION1,PWRWNDB07,12,2026,0.0059226487547643
REGION1,PWRWNDB07,13,2026,0.4321030781064007
REGION1,PWRWNDB07,14,2026,0.4060668308605147
REGION1,PWRWNDB07,15,2026,0.1876572416102703
REGION1,PWRWNDB07,16,2026,0.2226182243796119
REGION1,PWRWNDB07,17,2026,0.672129130837975
REGION1,PWRWNDB07,18,2026,0.8126656033639909
REGION1,PWRWNDB07,19,2026,0.8135574256191931
REGION1,PWRWNDB07,20,2026,0.8199995750328939
REGION1,PWRWNDB07,21,2026,0.0653954434405748
REGION1,PWRWNDB07,22,2026,0.0220201850498396
REGION1,PWRWNDB07,23,2026,0.0518019733306356
REGION1,PWRWNDB07,24,2026,0.0059226487547643
REGION1,PWRWNDB07,25,2026,0.1530431492103156
REGION1,PWRWNDB07,26,2026,0.4349361796938127
REGION1,PWRWNDB07,27,2026,0.5095911085605608
REGION1,PWRWNDB07,28,2026,0.6576314356508922
REGION1,PWRWNDB07,29,2026,0.8008507145901236
REGION1,PWRWNDB07,30,2026,0.8186895425433467
REGION1,PWRWNDB07,31,2026,0.8197038296035782
REGION1,PWRWNDB07,32,2026,0.8200590583519872
REGION1,PWRWNDB07,33,2026,0.7388427160297909
REGION1,PWRWNDB07,34,2026,0.4601491766622063
REGION1,PWRWNDB07,35,2026,0.0154682645755749
REGION1,PWRWNDB07,36,2026,0.0308935042986384
REGION1,PWRWNDB07,37,2026,0.1144361858282755
REGION1,PWRWNDB07,38,2026,0.1235371905668053
REGION1,PWRWNDB07,39,2026,0.107744028061212
REGION1,PWRWNDB07,40,2026,0.0385054962315195
REGION1,PWRWNDB07,1,2027,0.8031335284207254
REGION1,PWRWNDB07,2,2027,0.820017570881093
REGION1,PWRWNDB07,3,2027,0.8187495476764308
REGION1,PWRWNDB07,4,2027,0.7772279456864245
REGION1,PWRWNDB07,5,2027,0.1109660770960178
REGION1,PWRWNDB07,6,2027,0.3103220974947756
REGION1,PWRWNDB07,7,2027,0.2635495944976708
REGION1,PWRWNDB07,8,2027,0.2316224334918053
REGION1,PWRWNDB07,9,2027,0.1313389149646899
REGION1,PWRWNDB07,10,2027,0.0369463516544664
REGION1,PWRWNDB07,11,2027,0.0059226487547643
REGION1,PWRWNDB07,12,2027,0.0059226487547643
REGION1,PWRWNDB07,13,2027,0.4321030781064007
REGION1,PWRWNDB07,14,2027,0.4060668308605147
REGION1,PWRWNDB07,15,2027,0.1876572416102703
REGION1,PWRWNDB07,16,2027,0.2226182243796119
REGION1,PWRWNDB07,17,2027,0.672129130837975
REGION1,PWRWNDB07,18,2027,0.8126656033639909
REGION1,PWRWNDB07,19,2027,0.8135574256191931
REGION1,PWRWNDB07,20,2027,0.8199995750328939
REGION1,PWRWNDB07,21,2027,0.0653954434405748
REGION1,PWRWNDB07,22,2027,0.0220201850498396
REGION1,PWRWNDB07,23,2027,0.0518019733306356
REGION1,PWRWNDB07,24,2027,0.0059226487547643
REGION1,PWRWNDB07,25,2027,0.1530431492103156
REGION1,PWRWNDB07,26,2027,0.4349361796938127
REGION1,PWRWNDB07,27,2027,0.5095911085605608
REGION1,PWRWNDB07,28,2027,0.6576314356508922
REGION1,PWRWNDB07,29,2027,0.8008507145901236
REGION1,PWRWNDB07,30,2027,0.8186895425433467
REGION1,PWRWNDB07,31,2027,0.8197038296035782
REGION1,PWRWNDB07,32,2027,0.8200590583519872
REGION1,PWRWNDB07,33,2027,0.7388427160297909
REGION1,PWRWNDB07,34,2027,0.4601491766622063
REGION1,PWRWNDB07,35,2027,0.0154682645755749
REGION1,PWRWNDB07,36,2027,0.0308935042986384
REGION1,PWRWNDB07,37,2027,0.1144361858282755
REGION1,PWRWNDB07,38,2027,0.1235371905668053
REGION1,PWRWNDB07,39,2027,0.107744028061212
REGION1,PWRWNDB07,40,2027,0.0385054962315195
REGION1,PWRWNDB07,1,2028,0.8031335284207254
REGION1,PWRWNDB07,2,2028,0.820017570881093
REGION1,PWRWNDB07,3,2028,0.8187495476764308
REGION1,PWRWNDB07,4,2028,0.7772279456864245
REGION1,PWRWNDB07,5,2028,0.1109660770960178
REGION1,PWRWNDB07,6,2028,0.3103220974947756
REGION1,PWRWNDB07,7,2028,0.2635495944976708
REGION1,PWRWNDB07,8,2028,0.2316224334918053
REGION1,PWRWNDB07,9,2028,0.1313389149646899
REGION1,PWRWNDB07,10,2028,0.0369463516544664
REGION1,PWRWNDB07,11,2028,0.0059226487547643
REGION1,PWRWNDB07,12,2028,0.0059226487547643
REGION1,PWRWNDB07,13,2028,0.4321030781064007
REGION1,PWRWNDB07,14,2028,0.4060668308605147
REGION1,PWRWNDB07,15,2028,0.1876572416102703
REGION1,PWRWNDB07,16,2028,0.2226182243796119
REGION1,PWRWNDB07,17,2028,0.672129130837975
REGION1,PWRWNDB07,18,2028,0.8126656033639909
REGION1,PWRWNDB07,19,2028,0.8135574256191931
REGION1,PWRWNDB07,20,2028,0.8199995750328939
REGION1,PWRWNDB07,21,2028,0.0653954434405748
REGION1,PWRWNDB07,22,2028,0.0220201850498396
REGION1,PWRWNDB07,23,2028,0.0518019733306356
REGION1,PWRWNDB07,24,2028,0.0059226487547643
REGION1,PWRWNDB07,25,2028,0.1530431492103156
REGION1,PWRWNDB07,26,2028,0.4349361796938127
REGION1,PWRWNDB07,27,2028,0.5095911085605608
REGION1,PWRWNDB07,28,2028,0.6576314356508922
REGION1,PWRWNDB07,29,2028,0.8008507145901236
REGION1,PWRWNDB07,30,2028,0.8186895425433467
REGION1,PWRWNDB07,31,2028,0.8197038296035782
REGION1,PWRWNDB07,32,2028,0.8200590583519872
REGION1,PWRWNDB07,33,2028,0.7388427160297909
REGION1,PWRWNDB07,34,2028,0.4601491766622063
REGION1,PWRWNDB07,35,2028,0.0154682645755749
REGION1,PWRWNDB07,36,2028,0.0308935042986384
REGION1,PWRWNDB07,37,2028,0.1144361858282755
REGION1,PWRWNDB07,38,2028,0.1235371905668053
REGION1,PWRWNDB07,39,2028,0.107744028061212
REGION1,PWRWNDB07,40,2028,0.0385054962315195
REGION1,PWRWNDB07,1,2029,0.8031335284207254
REGION1,PWRWNDB07,2,2029,0.820017570881093
REGION1,PWRWNDB07,3,2029,0.8187495476764308
REGION1,PWRWNDB07,4,2029,0.7772279456864245
REGION1,PWRWNDB07,5,2029,0.1109660770960178
REGION1,PWRWNDB07,6,2029,0.3103220974947756
REGION1,PWRWNDB07,7,2029,0.2635495944976708
REGION1,PWRWNDB07,8,2029,0.2316224334918053
REGION1,PWRWNDB07,9,2029,0.1313389149646899
REGION1,PWRWNDB07,10,2029,0.0369463516544664
REGION1,PWRWNDB07,11,2029,0.0059226487547643
REGION1,PWRWNDB07,12,2029,0.0059226487547643
REGION1,PWRWNDB07,13,2029,0.4321030781064007
REGION1,PWRWNDB07,14,2029,0.4060668308605147
REGION1,PWRWNDB07,15,2029,0.1876572416102703
REGION1,PWRWNDB07,16,2029,0.2226182243796119
REGION1,PWRWNDB07,17,2029,0.672129130837975
REGION1,PWRWNDB07,18,2029,0.8126656033639909
REGION1,PWRWNDB07,19,2029,0.8135574256191931
REGION1,PWRWNDB07,20,2029,0.8199995750328939
REGION1,PWRWNDB07,21,2029,0.0653954434405748
REGION1,PWRWNDB07,22,2029,0.0220201850498396
REGION1,PWRWNDB07,23,2029,0.0518019733306356
REGION1,PWRWNDB07,24,2029,0.0059226487547643
REGION1,PWRWNDB07,25,2029,0.1530431492103156
REGION1,PWRWNDB07,26,2029,0.4349361796938127
REGION1,PWRWNDB07,27,2029,0.5095911085605608
REGION1,PWRWNDB07,28,2029,0.6576314356508922
REGION1,PWRWNDB07,29,2029,0.8008507145901236
REGION1,PWRWNDB07,30,2029,0.8186895425433467
REGION1,PWRWNDB07,31,2029,0.8197038296035782
REGION1,PWRWNDB07,32,2029,0.8200590583519872
REGION1,PWRWNDB07,33,2029,0.7388427160297909
REGION1,PWRWNDB07,34,2029,0.4601491766622063
REGION1,PWRWNDB07,35,2029,0.0154682645755749
REGION1,PWRWNDB07,36,2029,0.0308935042986384
REGION1,PWRWNDB07,37,2029,0.1144361858282755
REGION1,PWRWNDB07,38,2029,0.1235371905668053
REGION1,PWRWNDB07,39,2029,0.107744028061212
REGION1,PWRWNDB07,40,2029,0.0385054962315195
REGION1,PWRWNDB07,1,2030,0.8031335284207254
REGION1,PWRWNDB07,2,2030,0.820017570881093
REGION1,PWRWNDB07,3,2030,0.8187495476764308
REGION1,PWRWNDB07,4,2030,0.7772279456864245
REGION1,PWRWNDB07,5,2030,0.1109660770960178
REGION1,PWRWNDB07,6,2030,0.3103220974947756
REGION1,PWRWNDB07,7,2030,0.2635495944976708
REGION1,PWRWNDB07,8,2030,0.2316224334918053
REGION1,PWRWNDB07,9,2030,0.1313389149646899
REGION1,PWRWNDB07,10,2030,0.0369463516544664
REGION1,PWRWNDB07,11,2030,0.0059226487547643
REGION1,PWRWNDB07,12,2030,0.0059226487547643
REGION1,PWRWNDB07,13,2030,0.4321030781064007
REGION1,PWRWNDB07,14,2030,0.4060668308605147
REGION1,PWRWNDB07,15,2030,0.1876572416102703
REGION1,PWRWNDB07,16,2030,0.2226182243796119
REGION1,PWRWNDB07,17,2030,0.672129130837975
REGION1,PWRWNDB07,18,2030,0.8126656033639909
REGION1,PWRWNDB07,19,2030,0.8135574256191931
REGION1,PWRWNDB07,20,2030,0.8199995750328939
REGION1,PWRWNDB07,21,2030,0.0653954434405748
REGION1,PWRWNDB07,22,2030,0.0220201850498396
REGION1,PWRWNDB07,23,2030,0.0518019733306356
REGION1,PWRWNDB07,24,2030,0.0059226487547643
REGION1,PWRWNDB07,25,2030,0.1530431492103156
REGION1,PWRWNDB07,26,2030,0.4349361796938127
REGION1,PWRWNDB07,27,2030,0.5095911085605608
REGION1,PWRWNDB07,28,2030,0.6576314356508922
REGION1,PWRWNDB07,29,2030,0.8008507145901236
REGION1,PWRWNDB07,30,2030,0.8186895425433467
REGION1,PWRWNDB07,31,2030,0.8197038296035782
REGION1,PWRWNDB07,32,2030,0.8200590583519872
REGION1,PWRWNDB07,33,2030,0.7388427160297909
REGION1,PWRWNDB07,34,2030,0.4601491766622063
REGION1,PWRWNDB07,35,2030,0.0154682645755749
REGION1,PWRWNDB07,36,2030,0.0308935042986384
REGION1,PWRWNDB07,37,2030,0.1144361858282755
REGION1,PWRWNDB07,38,2030,0.1235371905668053
REGION1,PWRWNDB07,39,2030,0.107744028061212
REGION1,PWRWNDB07,40,2030,0.0385054962315195
REGION1,PWRWNDB07,1,2031,0.8031335284207254
REGION1,PWRWNDB07,2,2031,0.820017570881093
REGION1,PWRWNDB07,3,2031,0.8187495476764308
REGION1,PWRWNDB07,4,2031,0.7772279456864245
REGION1,PWRWNDB07,5,2031,0.1109660770960178
REGION1,PWRWNDB07,6,2031,0.3103220974947756
REGION1,PWRWNDB07,7,2031,0.2635495944976708
REGION1,PWRWNDB07,8,2031,0.2316224334918053
REGION1,PWRWNDB07,9,2031,0.1313389149646899
REGION1,PWRWNDB07,10,2031,0.0369463516544664
REGION1,PWRWNDB07,11,2031,0.0059226487547643
REGION1,PWRWNDB07,12,2031,0.0059226487547643
REGION1,PWRWNDB07,13,2031,0.4321030781064007
REGION1,PWRWNDB07,14,2031,0.4060668308605147
REGION1,PWRWNDB07,15,2031,0.1876572416102703
REGION1,PWRWNDB07,16,2031,0.2226182243796119
REGION1,PWRWNDB07,17,2031,0.672129130837975
REGION1,PWRWNDB07,18,2031,0.8126656033639909
REGION1,PWRWNDB07,19,2031,0.8135574256191931
REGION1,PWRWNDB07,20,2031,0.8199995750328939
REGION1,PWRWNDB07,21,2031,0.0653954434405748
REGION1,PWRWNDB07,22,2031,0.0220201850498396
REGION1,PWRWNDB07,23,2031,0.0518019733306356
REGION1,PWRWNDB07,24,2031,0.0059226487547643
REGION1,PWRWNDB07,25,2031,0.1530431492103156
REGION1,PWRWNDB07,26,2031,0.4349361796938127
REGION1,PWRWNDB07,27,2031,0.5095911085605608
REGION1,PWRWNDB07,28,2031,0.6576314356508922
REGION1,PWRWNDB07,29,2031,0.8008507145901236
REGION1,PWRWNDB07,30,2031,0.8186895425433467
REGION1,PWRWNDB07,31,2031,0.8197038296035782
REGION1,PWRWNDB07,32,2031,0.8200590583519872
REGION1,PWRWNDB07,33,2031,0.7388427160297909
REGION1,PWRWNDB07,34,2031,0.4601491766622063
REGION1,PWRWNDB07,35,2031,0.0154682645755749
REGION1,PWRWNDB07,36,2031,0.0308935042986384
REGION1,PWRWNDB07,37,2031,0.1144361858282755
REGION1,PWRWNDB07,38,2031,0.1235371905668053
REGION1,PWRWNDB07,39,2031,0.107744028061212
REGION1,PWRWNDB07,40,2031,0.0385054962315195
REGION1,PWRWNDB07,1,2032,0.8031335284207254
REGION1,PWRWNDB07,2,2032,0.820017570881093
REGION1,PWRWNDB07,3,2032,0.8187495476764308
REGION1,PWRWNDB07,4,2032,0.7772279456864245
REGION1,PWRWNDB07,5,2032,0.1109660770960178
REGION1,PWRWNDB07,6,2032,0.3103220974947756
REGION1,PWRWNDB07,7,2032,0.2635495944976708
REGION1,PWRWNDB07,8,2032,0.2316224334918053
REGION1,PWRWNDB07,9,2032,0.1313389149646899
REGION1,PWRWNDB07,10,2032,0.0369463516544664
REGION1,PWRWNDB07,11,2032,0.0059226487547643
REGION1,PWRWNDB07,12,2032,0.0059226487547643
REGION1,PWRWNDB07,13,2032,0.4321030781064007
REGION1,PWRWNDB07,14,2032,0.4060668308605147
REGION1,PWRWNDB07,15,2032,0.1876572416102703
REGION1,PWRWNDB07,16,2032,0.2226182243796119
REGION1,PWRWNDB07,17,2032,0.672129130837975
REGION1,PWRWNDB07,18,2032,0.8126656033639909
REGION1,PWRWNDB07,19,2032,0.8135574256191931
REGION1,PWRWNDB07,20,2032,0.8199995750328939
REGION1,PWRWNDB07,21,2032,0.0653954434405748
REGION1,PWRWNDB07,22,2032,0.0220201850498396
REGION1,PWRWNDB07,23,2032,0.0518019733306356
REGION1,PWRWNDB07,24,2032,0.0059226487547643
REGION1,PWRWNDB07,25,2032,0.1530431492103156
REGION1,PWRWNDB07,26,2032,0.4349361796938127
REGION1,PWRWNDB07,27,2032,0.5095911085605608
REGION1,PWRWNDB07,28,2032,0.6576314356508922
REGION1,PWRWNDB07,29,2032,0.8008507145901236
REGION1,PWRWNDB07,30,2032,0.8186895425433467
REGION1,PWRWNDB07,31,2032,0.8197038296035782
REGION1,PWRWNDB07,32,2032,0.8200590583519872
REGION1,PWRWNDB07,33,2032,0.7388427160297909
REGION1,PWRWNDB07,34,2032,0.4601491766622063
REGION1,PWRWNDB07,35,2032,0.0154682645755749
REGION1,PWRWNDB07,36,2032,0.0308935042986384
REGION1,PWRWNDB07,37,2032,0.1144361858282755
REGION1,PWRWNDB07,38,2032,0.1235371905668053
REGION1,PWRWNDB07,39,2032,0.107744028061212
REGION1,PWRWNDB07,40,2032,0.0385054962315195
REGION1,PWRWNDB07,1,2033,0.8031335284207254
REGION1,PWRWNDB07,2,2033,0.820017570881093
REGION1,PWRWNDB07,3,2033,0.8187495476764308
REGION1,PWRWNDB07,4,2033,0.7772279456864245
REGION1,PWRWNDB07,5,2033,0.1109660770960178
REGION1,PWRWNDB07,6,2033,0.3103220974947756
REGION1,PWRWNDB07,7,2033,0.2635495944976708
REGION1,PWRWNDB07,8,2033,0.2316224334918053
REGION1,PWRWNDB07,9,2033,0.1313389149646899
REGION1,PWRWNDB07,10,2033,0.0369463516544664
REGION1,PWRWNDB07,11,2033,0.0059226487547643
REGION1,PWRWNDB07,12,2033,0.0059226487547643
REGION1,PWRWNDB07,13,2033,0.4321030781064007
REGION1,PWRWNDB07,14,2033,0.4060668308605147
REGION1,PWRWNDB07,15,2033,0.1876572416102703
REGION1,PWRWNDB07,16,2033,0.2226182243796119
REGION1,PWRWNDB07,17,2033,0.672129130837975
REGION1,PWRWNDB07,18,2033,0.8126656033639909
REGION1,PWRWNDB07,19,2033,0.8135574256191931
REGION1,PWRWNDB07,20,2033,0.8199995750328939
REGION1,PWRWNDB07,21,2033,0.0653954434405748
REGION1,PWRWNDB07,22,2033,0.0220201850498396
REGION1,PWRWNDB07,23,2033,0.0518019733306356
REGION1,PWRWNDB07,24,2033,0.0059226487547643
REGION1,PWRWNDB07,25,2033,0.1530431492103156
REGION1,PWRWNDB07,26,2033,0.4349361796938127
REGION1,PWRWNDB07,27,2033,0.5095911085605608
REGION1,PWRWNDB07,28,2033,0.6576314356508922
REGION1,PWRWNDB07,29,2033,0.8008507145901236
REGION1,PWRWNDB07,30,2033,0.8186895425433467
REGION1,PWRWNDB07,31,2033,0.8197038296035782
REGION1,PWRWNDB07,32,2033,0.8200590583519872
REGION1,PWRWNDB07,33,2033,0.7388427160297909
REGION1,PWRWNDB07,34,2033,0.4601491766622063
REGION1,PWRWNDB07,35,2033,0.0154682645755749
REGION1,PWRWNDB07,36,2033,0.0308935042986384
REGION1,PWRWNDB07,37,2033,0.1144361858282755
REGION1,PWRWNDB07,38,2033,0.1235371905668053
REGION1,PWRWNDB07,39,2033,0.107744028061212
REGION1,PWRWNDB07,40,2033,0.0385054962315195
REGION1,PWRWNDB07,1,2034,0.8031335284207254
REGION1,PWRWNDB07,2,2034,0.820017570881093
REGION1,PWRWNDB07,3,2034,0.8187495476764308
REGION1,PWRWNDB07,4,2034,0.7772279456864245
REGION1,PWRWNDB07,5,2034,0.1109660770960178
REGION1,PWRWNDB07,6,2034,0.3103220974947756
REGION1,PWRWNDB07,7,2034,0.2635495944976708
REGION1,PWRWNDB07,8,2034,0.2316224334918053
REGION1,PWRWNDB07,9,2034,0.1313389149646899
REGION1,PWRWNDB07,10,2034,0.0369463516544664
REGION1,PWRWNDB07,11,2034,0.0059226487547643
REGION1,PWRWNDB07,12,2034,0.0059226487547643
REGION1,PWRWNDB07,13,2034,0.4321030781064007
REGION1,PWRWNDB07,14,2034,0.4060668308605147
REGION1,PWRWNDB07,15,2034,0.1876572416102703
REGION1,PWRWNDB07,16,2034,0.2226182243796119
REGION1,PWRWNDB07,17,2034,0.672129130837975
REGION1,PWRWNDB07,18,2034,0.8126656033639909
REGION1,PWRWNDB07,19,2034,0.8135574256191931
REGION1,PWRWNDB07,20,2034,0.8199995750328939
REGION1,PWRWNDB07,21,2034,0.0653954434405748
REGION1,PWRWNDB07,22,2034,0.0220201850498396
REGION1,PWRWNDB07,23,2034,0.0518019733306356
REGION1,PWRWNDB07,24,2034,0.0059226487547643
REGION1,PWRWNDB07,25,2034,0.1530431492103156
REGION1,PWRWNDB07,26,2034,0.4349361796938127
REGION1,PWRWNDB07,27,2034,0.5095911085605608
REGION1,PWRWNDB07,28,2034,0.6576314356508922
REGION1,PWRWNDB07,29,2034,0.8008507145901236
REGION1,PWRWNDB07,30,2034,0.8186895425433467
REGION1,PWRWNDB07,31,2034,0.8197038296035782
REGION1,PWRWNDB07,32,2034,0.8200590583519872
REGION1,PWRWNDB07,33,2034,0.7388427160297909
REGION1,PWRWNDB07,34,2034,0.4601491766622063
REGION1,PWRWNDB07,35,2034,0.0154682645755749
REGION1,PWRWNDB07,36,2034,0.0308935042986384
REGION1,PWRWNDB07,37,2034,0.1144361858282755
REGION1,PWRWNDB07,38,2034,0.1235371905668053
REGION1,PWRWNDB07,39,2034,0.107744028061212
REGION1,PWRWNDB07,40,2034,0.0385054962315195
REGION1,PWRWNDB07,1,2035,0.8031335284207254
REGION1,PWRWNDB07,2,2035,0.820017570881093
REGION1,PWRWNDB07,3,2035,0.8187495476764308
REGION1,PWRWNDB07,4,2035,0.7772279456864245
REGION1,PWRWNDB07,5,2035,0.1109660770960178
REGION1,PWRWNDB07,6,2035,0.3103220974947756
REGION1,PWRWNDB07,7,2035,0.2635495944976708
REGION1,PWRWNDB07,8,2035,0.2316224334918053
REGION1,PWRWNDB07,9,2035,0.1313389149646899
REGION1,PWRWNDB07,10,2035,0.0369463516544664
REGION1,PWRWNDB07,11,2035,0.0059226487547643
REGION1,PWRWNDB07,12,2035,0.0059226487547643
REGION1,PWRWNDB07,13,2035,0.4321030781064007
REGION1,PWRWNDB07,14,2035,0.4060668308605147
REGION1,PWRWNDB07,15,2035,0.1876572416102703
REGION1,PWRWNDB07,16,2035,0.2226182243796119
REGION1,PWRWNDB07,17,2035,0.672129130837975
REGION1,PWRWNDB07,18,2035,0.8126656033639909
REGION1,PWRWNDB07,19,2035,0.8135574256191931
REGION1,PWRWNDB07,20,2035,0.8199995750328939
REGION1,PWRWNDB07,21,2035,0.0653954434405748
REGION1,PWRWNDB07,22,2035,0.0220201850498396
REGION1,PWRWNDB07,23,2035,0.0518019733306356
REGION1,PWRWNDB07,24,2035,0.0059226487547643
REGION1,PWRWNDB07,25,2035,0.1530431492103156
REGION1,PWRWNDB07,26,2035,0.4349361796938127
REGION1,PWRWNDB07,27,2035,0.5095911085605608
REGION1,PWRWNDB07,28,2035,0.6576314356508922
REGION1,PWRWNDB07,29,2035,0.8008507145901236
REGION1,PWRWNDB07,30,2035,0.8186895425433467
REGION1,PWRWNDB07,31,2035,0.8197038296035782
REGION1,PWRWNDB07,32,2035,0.8200590583519872
REGION1,PWRWNDB07,33,2035,0.7388427160297909
REGION1,PWRWNDB07,34,2035,0.4601491766622063
REGION1,PWRWNDB07,35,2035,0.0154682645755749
REGION1,PWRWNDB07,36,2035,0.0308935042986384
REGION1,PWRWNDB07,37,2035,0.1144361858282755
REGION1,PWRWNDB07,38,2035,0.1235371905668053
REGION1,PWRWNDB07,39,2035,0.107744028061212
REGION1,PWRWNDB07,40,2035,0.0385054962315195
REGION1,PWRWNDB07,1,2036,0.8031335284207254
REGION1,PWRWNDB07,2,2036,0.820017570881093
REGION1,PWRWNDB07,3,2036,0.8187495476764308
REGION1,PWRWNDB07,4,2036,0.7772279456864245
REGION1,PWRWNDB07,5,2036,0.1109660770960178
REGION1,PWRWNDB07,6,2036,0.3103220974947756
REGION1,PWRWNDB07,7,2036,0.2635495944976708
REGION1,PWRWNDB07,8,2036,0.2316224334918053
REGION1,PWRWNDB07,9,2036,0.1313389149646899
REGION1,PWRWNDB07,10,2036,0.0369463516544664
REGION1,PWRWNDB07,11,2036,0.0059226487547643
REGION1,PWRWNDB07,12,2036,0.0059226487547643
REGION1,PWRWNDB07,13,2036,0.4321030781064007
REGION1,PWRWNDB07,14,2036,0.4060668308605147
REGION1,PWRWNDB07,15,2036,0.1876572416102703
REGION1,PWRWNDB07,16,2036,0.2226182243796119
REGION1,PWRWNDB07,17,2036,0.672129130837975
REGION1,PWRWNDB07,18,2036,0.8126656033639909
REGION1,PWRWNDB07,19,2036,0.8135574256191931
REGION1,PWRWNDB07,20,2036,0.8199995750328939
REGION1,PWRWNDB07,21,2036,0.0653954434405748
REGION1,PWRWNDB07,22,2036,0.0220201850498396
REGION1,PWRWNDB07,23,2036,0.0518019733306356
REGION1,PWRWNDB07,24,2036,0.0059226487547643
REGION1,PWRWNDB07,25,2036,0.1530431492103156
REGION1,PWRWNDB07,26,2036,0.4349361796938127
REGION1,PWRWNDB07,27,2036,0.5095911085605608
REGION1,PWRWNDB07,28,2036,0.6576314356508922
REGION1,PWRWNDB07,29,2036,0.8008507145901236
REGION1,PWRWNDB07,30,2036,0.8186895425433467
REGION1,PWRWNDB07,31,2036,0.8197038296035782
REGION1,PWRWNDB07,32,2036,0.8200590583519872
REGION1,PWRWNDB07,33,2036,0.7388427160297909
REGION1,PWRWNDB07,34,2036,0.4601491766622063
REGION1,PWRWNDB07,35,2036,0.0154682645755749
REGION1,PWRWNDB07,36,2036,0.0308935042986384
REGION1,PWRWNDB07,37,2036,0.1144361858282755
REGION1,PWRWNDB07,38,2036,0.1235371905668053
REGION1,PWRWNDB07,39,2036,0.107744028061212
REGION1,PWRWNDB07,40,2036,0.0385054962315195
REGION1,PWRWNDB07,1,2037,0.8031335284207254
REGION1,PWRWNDB07,2,2037,0.820017570881093
REGION1,PWRWNDB07,3,2037,0.8187495476764308
REGION1,PWRWNDB07,4,2037,0.7772279456864245
REGION1,PWRWNDB07,5,2037,0.1109660770960178
REGION1,PWRWNDB07,6,2037,0.3103220974947756
REGION1,PWRWNDB07,7,2037,0.2635495944976708
REGION1,PWRWNDB07,8,2037,0.2316224334918053
REGION1,PWRWNDB07,9,2037,0.1313389149646899
REGION1,PWRWNDB07,10,2037,0.0369463516544664
REGION1,PWRWNDB07,11,2037,0.0059226487547643
REGION1,PWRWNDB07,12,2037,0.0059226487547643
REGION1,PWRWNDB07,13,2037,0.4321030781064007
REGION1,PWRWNDB07,14,2037,0.4060668308605147
REGION1,PWRWNDB07,15,2037,0.1876572416102703
REGION1,PWRWNDB07,16,2037,0.2226182243796119
REGION1,PWRWNDB07,17,2037,0.672129130837975
REGION1,PWRWNDB07,18,2037,0.8126656033639909
REGION1,PWRWNDB07,19,2037,0.8135574256191931
REGION1,PWRWNDB07,20,2037,0.8199995750328939
REGION1,PWRWNDB07,21,2037,0.0653954434405748
REGION1,PWRWNDB07,22,2037,0.0220201850498396
REGION1,PWRWNDB07,23,2037,0.0518019733306356
REGION1,PWRWNDB07,24,2037,0.0059226487547643
REGION1,PWRWNDB07,25,2037,0.1530431492103156
REGION1,PWRWNDB07,26,2037,0.4349361796938127
REGION1,PWRWNDB07,27,2037,0.5095911085605608
REGION1,PWRWNDB07,28,2037,0.6576314356508922
REGION1,PWRWNDB07,29,2037,0.8008507145901236
REGION1,PWRWNDB07,30,2037,0.8186895425433467
REGION1,PWRWNDB07,31,2037,0.8197038296035782
REGION1,PWRWNDB07,32,2037,0.8200590583519872
REGION1,PWRWNDB07,33,2037,0.7388427160297909
REGION1,PWRWNDB07,34,2037,0.4601491766622063
REGION1,PWRWNDB07,35,2037,0.0154682645755749
REGION1,PWRWNDB07,36,2037,0.0308935042986384
REGION1,PWRWNDB07,37,2037,0.1144361858282755
REGION1,PWRWNDB07,38,2037,0.1235371905668053
REGION1,PWRWNDB07,39,2037,0.107744028061212
REGION1,PWRWNDB07,40,2037,0.0385054962315195
REGION1,PWRWNDB07,1,2038,0.8031335284207254
REGION1,PWRWNDB07,2,2038,0.820017570881093
REGION1,PWRWNDB07,3,2038,0.8187495476764308
REGION1,PWRWNDB07,4,2038,0.7772279456864245
REGION1,PWRWNDB07,5,2038,0.1109660770960178
REGION1,PWRWNDB07,6,2038,0.3103220974947756
REGION1,PWRWNDB07,7,2038,0.2635495944976708
REGION1,PWRWNDB07,8,2038,0.2316224334918053
REGION1,PWRWNDB07,9,2038,0.1313389149646899
REGION1,PWRWNDB07,10,2038,0.0369463516544664
REGION1,PWRWNDB07,11,2038,0.0059226487547643
REGION1,PWRWNDB07,12,2038,0.0059226487547643
REGION1,PWRWNDB07,13,2038,0.4321030781064007
REGION1,PWRWNDB07,14,2038,0.4060668308605147
REGION1,PWRWNDB07,15,2038,0.1876572416102703
REGION1,PWRWNDB07,16,2038,0.2226182243796119
REGION1,PWRWNDB07,17,2038,0.672129130837975
REGION1,PWRWNDB07,18,2038,0.8126656033639909
REGION1,PWRWNDB07,19,2038,0.8135574256191931
REGION1,PWRWNDB07,20,2038,0.8199995750328939
REGION1,PWRWNDB07,21,2038,0.0653954434405748
REGION1,PWRWNDB07,22,2038,0.0220201850498396
REGION1,PWRWNDB07,23,2038,0.0518019733306356
REGION1,PWRWNDB07,24,2038,0.0059226487547643
REGION1,PWRWNDB07,25,2038,0.1530431492103156
REGION1,PWRWNDB07,26,2038,0.4349361796938127
REGION1,PWRWNDB07,27,2038,0.5095911085605608
REGION1,PWRWNDB07,28,2038,0.6576314356508922
REGION1,PWRWNDB07,29,2038,0.8008507145901236
REGION1,PWRWNDB07,30,2038,0.8186895425433467
REGION1,PWRWNDB07,31,2038,0.8197038296035782
REGION1,PWRWNDB07,32,2038,0.8200590583519872
REGION1,PWRWNDB07,33,2038,0.7388427160297909
REGION1,PWRWNDB07,34,2038,0.4601491766622063
REGION1,PWRWNDB07,35,2038,0.0154682645755749
REGION1,PWRWNDB07,36,2038,0.0308935042986384
REGION1,PWRWNDB07,37,2038,0.1144361858282755
REGION1,PWRWNDB07,38,2038,0.1235371905668053
REGION1,PWRWNDB07,39,2038,0.107744028061212
REGION1,PWRWNDB07,40,2038,0.0385054962315195
REGION1,PWRWNDB07,1,2039,0.8031335284207254
REGION1,PWRWNDB07,2,2039,0.820017570881093
REGION1,PWRWNDB07,3,2039,0.8187495476764308
REGION1,PWRWNDB07,4,2039,0.7772279456864245
REGION1,PWRWNDB07,5,2039,0.1109660770960178
REGION1,PWRWNDB07,6,2039,0.3103220974947756
REGION1,PWRWNDB07,7,2039,0.2635495944976708
REGION1,PWRWNDB07,8,2039,0.2316224334918053
REGION1,PWRWNDB07,9,2039,0.1313389149646899
REGION1,PWRWNDB07,10,2039,0.0369463516544664
REGION1,PWRWNDB07,11,2039,0.0059226487547643
REGION1,PWRWNDB07,12,2039,0.0059226487547643
REGION1,PWRWNDB07,13,2039,0.4321030781064007
REGION1,PWRWNDB07,14,2039,0.4060668308605147
REGION1,PWRWNDB07,15,2039,0.1876572416102703
REGION1,PWRWNDB07,16,2039,0.2226182243796119
REGION1,PWRWNDB07,17,2039,0.672129130837975
REGION1,PWRWNDB07,18,2039,0.8126656033639909
REGION1,PWRWNDB07,19,2039,0.8135574256191931
REGION1,PWRWNDB07,20,2039,0.8199995750328939
REGION1,PWRWNDB07,21,2039,0.0653954434405748
REGION1,PWRWNDB07,22,2039,0.0220201850498396
REGION1,PWRWNDB07,23,2039,0.0518019733306356
REGION1,PWRWNDB07,24,2039,0.0059226487547643
REGION1,PWRWNDB07,25,2039,0.1530431492103156
REGION1,PWRWNDB07,26,2039,0.4349361796938127
REGION1,PWRWNDB07,27,2039,0.5095911085605608
REGION1,PWRWNDB07,28,2039,0.6576314356508922
REGION1,PWRWNDB07,29,2039,0.8008507145901236
REGION1,PWRWNDB07,30,2039,0.8186895425433467
REGION1,PWRWNDB07,31,2039,0.8197038296035782
REGION1,PWRWNDB07,32,2039,0.8200590583519872
REGION1,PWRWNDB07,33,2039,0.7388427160297909
REGION1,PWRWNDB07,34,2039,0.4601491766622063
REGION1,PWRWNDB07,35,2039,0.0154682645755749
REGION1,PWRWNDB07,36,2039,0.0308935042986384
REGION1,PWRWNDB07,37,2039,0.1144361858282755
REGION1,PWRWNDB07,38,2039,0.1235371905668053
REGION1,PWRWNDB07,39,2039,0.107744028061212
REGION1,PWRWNDB07,40,2039,0.0385054962315195
REGION1,PWRWNDB07,1,2040,0.8031335284207254
REGION1,PWRWNDB07,2,2040,0.820017570881093
REGION1,PWRWNDB07,3,2040,0.8187495476764308
REGION1,PWRWNDB07,4,2040,0.7772279456864245
REGION1,PWRWNDB07,5,2040,0.1109660770960178
REGION1,PWRWNDB07,6,2040,0.3103220974947756
REGION1,PWRWNDB07,7,2040,0.2635495944976708
REGION1,PWRWNDB07,8,2040,0.2316224334918053
REGION1,PWRWNDB07,9,2040,0.1313389149646899
REGION1,PWRWNDB07,10,2040,0.0369463516544664
REGION1,PWRWNDB07,11,2040,0.0059226487547643
REGION1,PWRWNDB07,12,2040,0.0059226487547643
REGION1,PWRWNDB07,13,2040,0.4321030781064007
REGION1,PWRWNDB07,14,2040,0.4060668308605147
REGION1,PWRWNDB07,15,2040,0.1876572416102703
REGION1,PWRWNDB07,16,2040,0.2226182243796119
REGION1,PWRWNDB07,17,2040,0.672129130837975
REGION1,PWRWNDB07,18,2040,0.8126656033639909
REGION1,PWRWNDB07,19,2040,0.8135574256191931
REGION1,PWRWNDB07,20,2040,0.8199995750328939
REGION1,PWRWNDB07,21,2040,0.0653954434405748
REGION1,PWRWNDB07,22,2040,0.0220201850498396
REGION1,PWRWNDB07,23,2040,0.0518019733306356
REGION1,PWRWNDB07,24,2040,0.0059226487547643
REGION1,PWRWNDB07,25,2040,0.1530431492103156
REGION1,PWRWNDB07,26,2040,0.4349361796938127
REGION1,PWRWNDB07,27,2040,0.5095911085605608
REGION1,PWRWNDB07,28,2040,0.6576314356508922
REGION1,PWRWNDB07,29,2040,0.8008507145901236
REGION1,PWRWNDB07,30,2040,0.8186895425433467
REGION1,PWRWNDB07,31,2040,0.8197038296035782
REGION1,PWRWNDB07,32,2040,0.8200590583519872
REGION1,PWRWNDB07,33,2040,0.7388427160297909
REGION1,PWRWNDB07,34,2040,0.4601491766622063
REGION1,PWRWNDB07,35,2040,0.0154682645755749
REGION1,PWRWNDB07,36,2040,0.0308935042986384
REGION1,PWRWNDB07,37,2040,0.1144361858282755
REGION1,PWRWNDB07,38,2040,0.1235371905668053
REGION1,PWRWNDB07,39,2040,0.107744028061212
REGION1,PWRWNDB07,40,2040,0.0385054962315195
REGION1,PWRWNDB07,1,2041,0.8031335284207254
REGION1,PWRWNDB07,2,2041,0.820017570881093
REGION1,PWRWNDB07,3,2041,0.8187495476764308
REGION1,PWRWNDB07,4,2041,0.7772279456864245
REGION1,PWRWNDB07,5,2041,0.1109660770960178
REGION1,PWRWNDB07,6,2041,0.3103220974947756
REGION1,PWRWNDB07,7,2041,0.2635495944976708
REGION1,PWRWNDB07,8,2041,0.2316224334918053
REGION1,PWRWNDB07,9,2041,0.1313389149646899
REGION1,PWRWNDB07,10,2041,0.0369463516544664
REGION1,PWRWNDB07,11,2041,0.0059226487547643
REGION1,PWRWNDB07,12,2041,0.0059226487547643
REGION1,PWRWNDB07,13,2041,0.4321030781064007
REGION1,PWRWNDB07,14,2041,0.4060668308605147
REGION1,PWRWNDB07,15,2041,0.1876572416102703
REGION1,PWRWNDB07,16,2041,0.2226182243796119
REGION1,PWRWNDB07,17,2041,0.672129130837975
REGION1,PWRWNDB07,18,2041,0.8126656033639909
REGION1,PWRWNDB07,19,2041,0.8135574256191931
REGION1,PWRWNDB07,20,2041,0.8199995750328939
REGION1,PWRWNDB07,21,2041,0.0653954434405748
REGION1,PWRWNDB07,22,2041,0.0220201850498396
REGION1,PWRWNDB07,23,2041,0.0518019733306356
REGION1,PWRWNDB07,24,2041,0.0059226487547643
REGION1,PWRWNDB07,25,2041,0.1530431492103156
REGION1,PWRWNDB07,26,2041,0.4349361796938127
REGION1,PWRWNDB07,27,2041,0.5095911085605608
REGION1,PWRWNDB07,28,2041,0.6576314356508922
REGION1,PWRWNDB07,29,2041,0.8008507145901236
REGION1,PWRWNDB07,30,2041,0.8186895425433467
REGION1,PWRWNDB07,31,2041,0.8197038296035782
REGION1,PWRWNDB07,32,2041,0.8200590583519872
REGION1,PWRWNDB07,33,2041,0.7388427160297909
REGION1,PWRWNDB07,34,2041,0.4601491766622063
REGION1,PWRWNDB07,35,2041,0.0154682645755749
REGION1,PWRWNDB07,36,2041,0.0308935042986384
REGION1,PWRWNDB07,37,2041,0.1144361858282755
REGION1,PWRWNDB07,38,2041,0.1235371905668053
REGION1,PWRWNDB07,39,2041,0.107744028061212
REGION1,PWRWNDB07,40,2041,0.0385054962315195
REGION1,PWRWNDB07,1,2042,0.8031335284207254
REGION1,PWRWNDB07,2,2042,0.820017570881093
REGION1,PWRWNDB07,3,2042,0.8187495476764308
REGION1,PWRWNDB07,4,2042,0.7772279456864245
REGION1,PWRWNDB07,5,2042,0.1109660770960178
REGION1,PWRWNDB07,6,2042,0.3103220974947756
REGION1,PWRWNDB07,7,2042,0.2635495944976708
REGION1,PWRWNDB07,8,2042,0.2316224334918053
REGION1,PWRWNDB07,9,2042,0.1313389149646899
REGION1,PWRWNDB07,10,2042,0.0369463516544664
REGION1,PWRWNDB07,11,2042,0.0059226487547643
REGION1,PWRWNDB07,12,2042,0.0059226487547643
REGION1,PWRWNDB07,13,2042,0.4321030781064007
REGION1,PWRWNDB07,14,2042,0.4060668308605147
REGION1,PWRWNDB07,15,2042,0.1876572416102703
REGION1,PWRWNDB07,16,2042,0.2226182243796119
REGION1,PWRWNDB07,17,2042,0.672129130837975
REGION1,PWRWNDB07,18,2042,0.8126656033639909
REGION1,PWRWNDB07,19,2042,0.8135574256191931
REGION1,PWRWNDB07,20,2042,0.8199995750328939
REGION1,PWRWNDB07,21,2042,0.0653954434405748
REGION1,PWRWNDB07,22,2042,0.0220201850498396
REGION1,PWRWNDB07,23,2042,0.0518019733306356
REGION1,PWRWNDB07,24,2042,0.0059226487547643
REGION1,PWRWNDB07,25,2042,0.1530431492103156
REGION1,PWRWNDB07,26,2042,0.4349361796938127
REGION1,PWRWNDB07,27,2042,0.5095911085605608
REGION1,PWRWNDB07,28,2042,0.6576314356508922
REGION1,PWRWNDB07,29,2042,0.8008507145901236
REGION1,PWRWNDB07,30,2042,0.8186895425433467
REGION1,PWRWNDB07,31,2042,0.8197038296035782
REGION1,PWRWNDB07,32,2042,0.8200590583519872
REGION1,PWRWNDB07,33,2042,0.7388427160297909
REGION1,PWRWNDB07,34,2042,0.4601491766622063
REGION1,PWRWNDB07,35,2042,0.0154682645755749
REGION1,PWRWNDB07,36,2042,0.0308935042986384
REGION1,PWRWNDB07,37,2042,0.1144361858282755
REGION1,PWRWNDB07,38,2042,0.1235371905668053
REGION1,PWRWNDB07,39,2042,0.107744028061212
REGION1,PWRWNDB07,40,2042,0.0385054962315195
REGION1,PWRWNDB07,1,2043,0.8031335284207254
REGION1,PWRWNDB07,2,2043,0.820017570881093
REGION1,PWRWNDB07,3,2043,0.8187495476764308
REGION1,PWRWNDB07,4,2043,0.7772279456864245
REGION1,PWRWNDB07,5,2043,0.1109660770960178
REGION1,PWRWNDB07,6,2043,0.3103220974947756
REGION1,PWRWNDB07,7,2043,0.2635495944976708
REGION1,PWRWNDB07,8,2043,0.2316224334918053
REGION1,PWRWNDB07,9,2043,0.1313389149646899
REGION1,PWRWNDB07,10,2043,0.0369463516544664
REGION1,PWRWNDB07,11,2043,0.0059226487547643
REGION1,PWRWNDB07,12,2043,0.0059226487547643
REGION1,PWRWNDB07,13,2043,0.4321030781064007
REGION1,PWRWNDB07,14,2043,0.4060668308605147
REGION1,PWRWNDB07,15,2043,0.1876572416102703
REGION1,PWRWNDB07,16,2043,0.2226182243796119
REGION1,PWRWNDB07,17,2043,0.672129130837975
REGION1,PWRWNDB07,18,2043,0.8126656033639909
REGION1,PWRWNDB07,19,2043,0.8135574256191931
REGION1,PWRWNDB07,20,2043,0.8199995750328939
REGION1,PWRWNDB07,21,2043,0.0653954434405748
REGION1,PWRWNDB07,22,2043,0.0220201850498396
REGION1,PWRWNDB07,23,2043,0.0518019733306356
REGION1,PWRWNDB07,24,2043,0.0059226487547643
REGION1,PWRWNDB07,25,2043,0.1530431492103156
REGION1,PWRWNDB07,26,2043,0.4349361796938127
REGION1,PWRWNDB07,27,2043,0.5095911085605608
REGION1,PWRWNDB07,28,2043,0.6576314356508922
REGION1,PWRWNDB07,29,2043,0.8008507145901236
REGION1,PWRWNDB07,30,2043,0.8186895425433467
REGION1,PWRWNDB07,31,2043,0.8197038296035782
REGION1,PWRWNDB07,32,2043,0.8200590583519872
REGION1,PWRWNDB07,33,2043,0.7388427160297909
REGION1,PWRWNDB07,34,2043,0.4601491766622063
REGION1,PWRWNDB07,35,2043,0.0154682645755749
REGION1,PWRWNDB07,36,2043,0.0308935042986384
REGION1,PWRWNDB07,37,2043,0.1144361858282755
REGION1,PWRWNDB07,38,2043,0.1235371905668053
REGION1,PWRWNDB07,39,2043,0.107744028061212
REGION1,PWRWNDB07,40,2043,0.0385054962315195
REGION1,PWRWNDB07,1,2044,0.8031335284207254
REGION1,PWRWNDB07,2,2044,0.820017570881093
REGION1,PWRWNDB07,3,2044,0.8187495476764308
REGION1,PWRWNDB07,4,2044,0.7772279456864245
REGION1,PWRWNDB07,5,2044,0.1109660770960178
REGION1,PWRWNDB07,6,2044,0.3103220974947756
REGION1,PWRWNDB07,7,2044,0.2635495944976708
REGION1,PWRWNDB07,8,2044,0.2316224334918053
REGION1,PWRWNDB07,9,2044,0.1313389149646899
REGION1,PWRWNDB07,10,2044,0.0369463516544664
REGION1,PWRWNDB07,11,2044,0.0059226487547643
REGION1,PWRWNDB07,12,2044,0.0059226487547643
REGION1,PWRWNDB07,13,2044,0.4321030781064007
REGION1,PWRWNDB07,14,2044,0.4060668308605147
REGION1,PWRWNDB07,15,2044,0.1876572416102703
REGION1,PWRWNDB07,16,2044,0.2226182243796119
REGION1,PWRWNDB07,17,2044,0.672129130837975
REGION1,PWRWNDB07,18,2044,0.8126656033639909
REGION1,PWRWNDB07,19,2044,0.8135574256191931
REGION1,PWRWNDB07,20,2044,0.8199995750328939
REGION1,PWRWNDB07,21,2044,0.0653954434405748
REGION1,PWRWNDB07,22,2044,0.0220201850498396
REGION1,PWRWNDB07,23,2044,0.0518019733306356
REGION1,PWRWNDB07,24,2044,0.0059226487547643
REGION1,PWRWNDB07,25,2044,0.1530431492103156
REGION1,PWRWNDB07,26,2044,0.4349361796938127
REGION1,PWRWNDB07,27,2044,0.5095911085605608
REGION1,PWRWNDB07,28,2044,0.6576314356508922
REGION1,PWRWNDB07,29,2044,0.8008507145901236
REGION1,PWRWNDB07,30,2044,0.8186895425433467
REGION1,PWRWNDB07,31,2044,0.8197038296035782
REGION1,PWRWNDB07,32,2044,0.8200590583519872
REGION1,PWRWNDB07,33,2044,0.7388427160297909
REGION1,PWRWNDB07,34,2044,0.4601491766622063
REGION1,PWRWNDB07,35,2044,0.0154682645755749
REGION1,PWRWNDB07,36,2044,0.0308935042986384
REGION1,PWRWNDB07,37,2044,0.1144361858282755
REGION1,PWRWNDB07,38,2044,0.1235371905668053
REGION1,PWRWNDB07,39,2044,0.107744028061212
REGION1,PWRWNDB07,40,2044,0.0385054962315195
REGION1,PWRWNDB07,1,2045,0.8031335284207254
REGION1,PWRWNDB07,2,2045,0.820017570881093
REGION1,PWRWNDB07,3,2045,0.8187495476764308
REGION1,PWRWNDB07,4,2045,0.7772279456864245
REGION1,PWRWNDB07,5,2045,0.1109660770960178
REGION1,PWRWNDB07,6,2045,0.3103220974947756
REGION1,PWRWNDB07,7,2045,0.2635495944976708
REGION1,PWRWNDB07,8,2045,0.2316224334918053
REGION1,PWRWNDB07,9,2045,0.1313389149646899
REGION1,PWRWNDB07,10,2045,0.0369463516544664
REGION1,PWRWNDB07,11,2045,0.0059226487547643
REGION1,PWRWNDB07,12,2045,0.0059226487547643
REGION1,PWRWNDB07,13,2045,0.4321030781064007
REGION1,PWRWNDB07,14,2045,0.4060668308605147
REGION1,PWRWNDB07,15,2045,0.1876572416102703
REGION1,PWRWNDB07,16,2045,0.2226182243796119
REGION1,PWRWNDB07,17,2045,0.672129130837975
REGION1,PWRWNDB07,18,2045,0.8126656033639909
REGION1,PWRWNDB07,19,2045,0.8135574256191931
REGION1,PWRWNDB07,20,2045,0.8199995750328939
REGION1,PWRWNDB07,21,2045,0.0653954434405748
REGION1,PWRWNDB07,22,2045,0.0220201850498396
REGION1,PWRWNDB07,23,2045,0.0518019733306356
REGION1,PWRWNDB07,24,2045,0.0059226487547643
REGION1,PWRWNDB07,25,2045,0.1530431492103156
REGION1,PWRWNDB07,26,2045,0.4349361796938127
REGION1,PWRWNDB07,27,2045,0.5095911085605608
REGION1,PWRWNDB07,28,2045,0.6576314356508922
REGION1,PWRWNDB07,29,2045,0.8008507145901236
REGION1,PWRWNDB07,30,2045,0.8186895425433467
REGION1,PWRWNDB07,31,2045,0.8197038296035782
REGION1,PWRWNDB07,32,2045,0.8200590583519872
REGION1,PWRWNDB07,33,2045,0.7388427160297909
REGION1,PWRWNDB07,34,2045,0.4601491766622063
REGION1,PWRWNDB07,35,2045,0.0154682645755749
REGION1,PWRWNDB07,36,2045,0.0308935042986384
REGION1,PWRWNDB07,37,2045,0.1144361858282755
REGION1,PWRWNDB07,38,2045,0.1235371905668053
REGION1,PWRWNDB07,39,2045,0.107744028061212
REGION1,PWRWNDB07,40,2045,0.0385054962315195
REGION1,PWRWNDB07,1,2046,0.8031335284207254
REGION1,PWRWNDB07,2,2046,0.820017570881093
REGION1,PWRWNDB07,3,2046,0.8187495476764308
REGION1,PWRWNDB07,4,2046,0.7772279456864245
REGION1,PWRWNDB07,5,2046,0.1109660770960178
REGION1,PWRWNDB07,6,2046,0.3103220974947756
REGION1,PWRWNDB07,7,2046,0.2635495944976708
REGION1,PWRWNDB07,8,2046,0.2316224334918053
REGION1,PWRWNDB07,9,2046,0.1313389149646899
REGION1,PWRWNDB07,10,2046,0.0369463516544664
REGION1,PWRWNDB07,11,2046,0.0059226487547643
REGION1,PWRWNDB07,12,2046,0.0059226487547643
REGION1,PWRWNDB07,13,2046,0.4321030781064007
REGION1,PWRWNDB07,14,2046,0.4060668308605147
REGION1,PWRWNDB07,15,2046,0.1876572416102703
REGION1,PWRWNDB07,16,2046,0.2226182243796119
REGION1,PWRWNDB07,17,2046,0.672129130837975
REGION1,PWRWNDB07,18,2046,0.8126656033639909
REGION1,PWRWNDB07,19,2046,0.8135574256191931
REGION1,PWRWNDB07,20,2046,0.8199995750328939
REGION1,PWRWNDB07,21,2046,0.0653954434405748
REGION1,PWRWNDB07,22,2046,0.0220201850498396
REGION1,PWRWNDB07,23,2046,0.0518019733306356
REGION1,PWRWNDB07,24,2046,0.0059226487547643
REGION1,PWRWNDB07,25,2046,0.1530431492103156
REGION1,PWRWNDB07,26,2046,0.4349361796938127
REGION1,PWRWNDB07,27,2046,0.5095911085605608
REGION1,PWRWNDB07,28,2046,0.6576314356508922
REGION1,PWRWNDB07,29,2046,0.8008507145901236
REGION1,PWRWNDB07,30,2046,0.8186895425433467
REGION1,PWRWNDB07,31,2046,0.8197038296035782
REGION1,PWRWNDB07,32,2046,0.8200590583519872
REGION1,PWRWNDB07,33,2046,0.7388427160297909
REGION1,PWRWNDB07,34,2046,0.4601491766622063
REGION1,PWRWNDB07,35,2046,0.0154682645755749
REGION1,PWRWNDB07,36,2046,0.0308935042986384
REGION1,PWRWNDB07,37,2046,0.1144361858282755
REGION1,PWRWNDB07,38,2046,0.1235371905668053
REGION1,PWRWNDB07,39,2046,0.107744028061212
REGION1,PWRWNDB07,40,2046,0.0385054962315195
REGION1,PWRWNDB07,1,2047,0.8031335284207254
REGION1,PWRWNDB07,2,2047,0.820017570881093
REGION1,PWRWNDB07,3,2047,0.8187495476764308
REGION1,PWRWNDB07,4,2047,0.7772279456864245
REGION1,PWRWNDB07,5,2047,0.1109660770960178
REGION1,PWRWNDB07,6,2047,0.3103220974947756
REGION1,PWRWNDB07,7,2047,0.2635495944976708
REGION1,PWRWNDB07,8,2047,0.2316224334918053
REGION1,PWRWNDB07,9,2047,0.1313389149646899
REGION1,PWRWNDB07,10,2047,0.0369463516544664
REGION1,PWRWNDB07,11,2047,0.0059226487547643
REGION1,PWRWNDB07,12,2047,0.0059226487547643
REGION1,PWRWNDB07,13,2047,0.4321030781064007
REGION1,PWRWNDB07,14,2047,0.4060668308605147
REGION1,PWRWNDB07,15,2047,0.1876572416102703
REGION1,PWRWNDB07,16,2047,0.2226182243796119
REGION1,PWRWNDB07,17,2047,0.672129130837975
REGION1,PWRWNDB07,18,2047,0.8126656033639909
REGION1,PWRWNDB07,19,2047,0.8135574256191931
REGION1,PWRWNDB07,20,2047,0.8199995750328939
REGION1,PWRWNDB07,21,2047,0.0653954434405748
REGION1,PWRWNDB07,22,2047,0.0220201850498396
REGION1,PWRWNDB07,23,2047,0.0518019733306356
REGION1,PWRWNDB07,24,2047,0.0059226487547643
REGION1,PWRWNDB07,25,2047,0.1530431492103156
REGION1,PWRWNDB07,26,2047,0.4349361796938127
REGION1,PWRWNDB07,27,2047,0.5095911085605608
REGION1,PWRWNDB07,28,2047,0.6576314356508922
REGION1,PWRWNDB07,29,2047,0.8008507145901236
REGION1,PWRWNDB07,30,2047,0.8186895425433467
REGION1,PWRWNDB07,31,2047,0.8197038296035782
REGION1,PWRWNDB07,32,2047,0.8200590583519872
REGION1,PWRWNDB07,33,2047,0.7388427160297909
REGION1,PWRWNDB07,34,2047,0.4601491766622063
REGION1,PWRWNDB07,35,2047,0.0154682645755749
REGION1,PWRWNDB07,36,2047,0.0308935042986384
REGION1,PWRWNDB07,37,2047,0.1144361858282755
REGION1,PWRWNDB07,38,2047,0.1235371905668053
REGION1,PWRWNDB07,39,2047,0.107744028061212
REGION1,PWRWNDB07,40,2047,0.0385054962315195
REGION1,PWRWNDB07,1,2048,0.8031335284207254
REGION1,PWRWNDB07,2,2048,0.820017570881093
REGION1,PWRWNDB07,3,2048,0.8187495476764308
REGION1,PWRWNDB07,4,2048,0.7772279456864245
REGION1,PWRWNDB07,5,2048,0.1109660770960178
REGION1,PWRWNDB07,6,2048,0.3103220974947756
REGION1,PWRWNDB07,7,2048,0.2635495944976708
REGION1,PWRWNDB07,8,2048,0.2316224334918053
REGION1,PWRWNDB07,9,2048,0.1313389149646899
REGION1,PWRWNDB07,10,2048,0.0369463516544664
REGION1,PWRWNDB07,11,2048,0.0059226487547643
REGION1,PWRWNDB07,12,2048,0.0059226487547643
REGION1,PWRWNDB07,13,2048,0.4321030781064007
REGION1,PWRWNDB07,14,2048,0.4060668308605147
REGION1,PWRWNDB07,15,2048,0.1876572416102703
REGION1,PWRWNDB07,16,2048,0.2226182243796119
REGION1,PWRWNDB07,17,2048,0.672129130837975
REGION1,PWRWNDB07,18,2048,0.8126656033639909
REGION1,PWRWNDB07,19,2048,0.8135574256191931
REGION1,PWRWNDB07,20,2048,0.8199995750328939
REGION1,PWRWNDB07,21,2048,0.0653954434405748
REGION1,PWRWNDB07,22,2048,0.0220201850498396
REGION1,PWRWNDB07,23,2048,0.0518019733306356
REGION1,PWRWNDB07,24,2048,0.0059226487547643
REGION1,PWRWNDB07,25,2048,0.1530431492103156
REGION1,PWRWNDB07,26,2048,0.4349361796938127
REGION1,PWRWNDB07,27,2048,0.5095911085605608
REGION1,PWRWNDB07,28,2048,0.6576314356508922
REGION1,PWRWNDB07,29,2048,0.8008507145901236
REGION1,PWRWNDB07,30,2048,0.8186895425433467
REGION1,PWRWNDB07,31,2048,0.8197038296035782
REGION1,PWRWNDB07,32,2048,0.8200590583519872
REGION1,PWRWNDB07,33,2048,0.7388427160297909
REGION1,PWRWNDB07,34,2048,0.4601491766622063
REGION1,PWRWNDB07,35,2048,0.0154682645755749
REGION1,PWRWNDB07,36,2048,0.0308935042986384
REGION1,PWRWNDB07,37,2048,0.1144361858282755
REGION1,PWRWNDB07,38,2048,0.1235371905668053
REGION1,PWRWNDB07,39,2048,0.107744028061212
REGION1,PWRWNDB07,40,2048,0.0385054962315195
REGION1,PWRWNDB07,1,2049,0.8031335284207254
REGION1,PWRWNDB07,2,2049,0.820017570881093
REGION1,PWRWNDB07,3,2049,0.8187495476764308
REGION1,PWRWNDB07,4,2049,0.7772279456864245
REGION1,PWRWNDB07,5,2049,0.1109660770960178
REGION1,PWRWNDB07,6,2049,0.3103220974947756
REGION1,PWRWNDB07,7,2049,0.2635495944976708
REGION1,PWRWNDB07,8,2049,0.2316224334918053
REGION1,PWRWNDB07,9,2049,0.1313389149646899
REGION1,PWRWNDB07,10,2049,0.0369463516544664
REGION1,PWRWNDB07,11,2049,0.0059226487547643
REGION1,PWRWNDB07,12,2049,0.0059226487547643
REGION1,PWRWNDB07,13,2049,0.4321030781064007
REGION1,PWRWNDB07,14,2049,0.4060668308605147
REGION1,PWRWNDB07,15,2049,0.1876572416102703
REGION1,PWRWNDB07,16,2049,0.2226182243796119
REGION1,PWRWNDB07,17,2049,0.672129130837975
REGION1,PWRWNDB07,18,2049,0.8126656033639909
REGION1,PWRWNDB07,19,2049,0.8135574256191931
REGION1,PWRWNDB07,20,2049,0.8199995750328939
REGION1,PWRWNDB07,21,2049,0.0653954434405748
REGION1,PWRWNDB07,22,2049,0.0220201850498396
REGION1,PWRWNDB07,23,2049,0.0518019733306356
REGION1,PWRWNDB07,24,2049,0.0059226487547643
REGION1,PWRWNDB07,25,2049,0.1530431492103156
REGION1,PWRWNDB07,26,2049,0.4349361796938127
REGION1,PWRWNDB07,27,2049,0.5095911085605608
REGION1,PWRWNDB07,28,2049,0.6576314356508922
REGION1,PWRWNDB07,29,2049,0.8008507145901236
REGION1,PWRWNDB07,30,2049,0.8186895425433467
REGION1,PWRWNDB07,31,2049,0.8197038296035782
REGION1,PWRWNDB07,32,2049,0.8200590583519872
REGION1,PWRWNDB07,33,2049,0.7388427160297909
REGION1,PWRWNDB07,34,2049,0.4601491766622063
REGION1,PWRWNDB07,35,2049,0.0154682645755749
REGION1,PWRWNDB07,36,2049,0.0308935042986384
REGION1,PWRWNDB07,37,2049,0.1144361858282755
REGION1,PWRWNDB07,38,2049,0.1235371905668053
REGION1,PWRWNDB07,39,2049,0.107744028061212
REGION1,PWRWNDB07,40,2049,0.0385054962315195
REGION1,PWRWNDB07,1,2050,0.8031335284207254
REGION1,PWRWNDB07,2,2050,0.820017570881093
REGION1,PWRWNDB07,3,2050,0.8187495476764308
REGION1,PWRWNDB07,4,2050,0.7772279456864245
REGION1,PWRWNDB07,5,2050,0.1109660770960178
REGION1,PWRWNDB07,6,2050,0.3103220974947756
REGION1,PWRWNDB07,7,2050,0.2635495944976708
REGION1,PWRWNDB07,8,2050,0.2316224334918053
REGION1,PWRWNDB07,9,2050,0.1313389149646899
REGION1,PWRWNDB07,10,2050,0.0369463516544664
REGION1,PWRWNDB07,11,2050,0.0059226487547643
REGION1,PWRWNDB07,12,2050,0.0059226487547643
REGION1,PWRWNDB07,13,2050,0.4321030781064007
REGION1,PWRWNDB07,14,2050,0.4060668308605147
REGION1,PWRWNDB07,15,2050,0.1876572416102703
REGION1,PWRWNDB07,16,2050,0.2226182243796119
REGION1,PWRWNDB07,17,2050,0.672129130837975
REGION1,PWRWNDB07,18,2050,0.8126656033639909
REGION1,PWRWNDB07,19,2050,0.8135574256191931
REGION1,PWRWNDB07,20,2050,0.8199995750328939
REGION1,PWRWNDB07,21,2050,0.0653954434405748
REGION1,PWRWNDB07,22,2050,0.0220201850498396
REGION1,PWRWNDB07,23,2050,0.0518019733306356
REGION1,PWRWNDB07,24,2050,0.0059226487547643
REGION1,PWRWNDB07,25,2050,0.1530431492103156
REGION1,PWRWNDB07,26,2050,0.4349361796938127
REGION1,PWRWNDB07,27,2050,0.5095911085605608
REGION1,PWRWNDB07,28,2050,0.6576314356508922
REGION1,PWRWNDB07,29,2050,0.8008507145901236
REGION1,PWRWNDB07,30,2050,0.8186895425433467
REGION1,PWRWNDB07,31,2050,0.8197038296035782
REGION1,PWRWNDB07,32,2050,0.8200590583519872
REGION1,PWRWNDB07,33,2050,0.7388427160297909
REGION1,PWRWNDB07,34,2050,0.4601491766622063
REGION1,PWRWNDB07,35,2050,0.0154682645755749
REGION1,PWRWNDB07,36,2050,0.0308935042986384
REGION1,PWRWNDB07,37,2050,0.1144361858282755
REGION1,PWRWNDB07,38,2050,0.1235371905668053
REGION1,PWRWNDB07,39,2050,0.107744028061212
REGION1,PWRWNDB07,40,2050,0.0385054962315195
REGION1,PWRWNDB08,1,2020,0.2360639936597978
REGION1,PWRWNDB08,2,2020,0.0457718748191544
REGION1,PWRWNDB08,3,2020,0.0518936026763852
REGION1,PWRWNDB08,4,2020,0.0049811538580698
REGION1,PWRWNDB08,5,2020,0.2623782099414189
REGION1,PWRWNDB08,6,2020,0.03985438620408
REGION1,PWRWNDB08,7,2020,0.0612124035976516
REGION1,PWRWNDB08,8,2020,0.2392503322239807
REGION1,PWRWNDB08,9,2020,0.6776934150344226
REGION1,PWRWNDB08,10,2020,0.6322127634866956
REGION1,PWRWNDB08,11,2020,0.2467364612862329
REGION1,PWRWNDB08,12,2020,0.3330935453265432
REGION1,PWRWNDB08,13,2020,0.6894621478965793
REGION1,PWRWNDB08,14,2020,0.5886279686961817
REGION1,PWRWNDB08,15,2020,0.1728239026513975
REGION1,PWRWNDB08,16,2020,0.3617378071026207
REGION1,PWRWNDB08,17,2020,0.6206477205257405
REGION1,PWRWNDB08,18,2020,0.4009144523082644
REGION1,PWRWNDB08,19,2020,0.284689299268476
REGION1,PWRWNDB08,20,2020,0.5977920424694578
REGION1,PWRWNDB08,21,2020,0.1122778398570627
REGION1,PWRWNDB08,22,2020,0.0294835694610014
REGION1,PWRWNDB08,23,2020,0.0060080534399229
REGION1,PWRWNDB08,24,2020,0.0811200720746342
REGION1,PWRWNDB08,25,2020,0.6133709429261642
REGION1,PWRWNDB08,26,2020,0.6552404761284284
REGION1,PWRWNDB08,27,2020,0.5794759309710448
REGION1,PWRWNDB08,28,2020,0.637545772418808
REGION1,PWRWNDB08,29,2020,0.5176069726955
REGION1,PWRWNDB08,30,2020,0.4947917143183971
REGION1,PWRWNDB08,31,2020,0.6639636466588884
REGION1,PWRWNDB08,32,2020,0.6896982265019777
REGION1,PWRWNDB08,33,2020,0.6863398526215141
REGION1,PWRWNDB08,34,2020,0.5274315630094699
REGION1,PWRWNDB08,35,2020,0.657489467400347
REGION1,PWRWNDB08,36,2020,0.4663615964871546
REGION1,PWRWNDB08,37,2020,0.5152988612525816
REGION1,PWRWNDB08,38,2020,0.6771916840350533
REGION1,PWRWNDB08,39,2020,0.6710537751329303
REGION1,PWRWNDB08,40,2020,0.6174789204328214
REGION1,PWRWNDB08,1,2021,0.2360639936597978
REGION1,PWRWNDB08,2,2021,0.0457718748191544
REGION1,PWRWNDB08,3,2021,0.0518936026763852
REGION1,PWRWNDB08,4,2021,0.0049811538580698
REGION1,PWRWNDB08,5,2021,0.2623782099414189
REGION1,PWRWNDB08,6,2021,0.03985438620408
REGION1,PWRWNDB08,7,2021,0.0612124035976516
REGION1,PWRWNDB08,8,2021,0.2392503322239807
REGION1,PWRWNDB08,9,2021,0.6776934150344226
REGION1,PWRWNDB08,10,2021,0.6322127634866956
REGION1,PWRWNDB08,11,2021,0.2467364612862329
REGION1,PWRWNDB08,12,2021,0.3330935453265432
REGION1,PWRWNDB08,13,2021,0.6894621478965793
REGION1,PWRWNDB08,14,2021,0.5886279686961817
REGION1,PWRWNDB08,15,2021,0.1728239026513975
REGION1,PWRWNDB08,16,2021,0.3617378071026207
REGION1,PWRWNDB08,17,2021,0.6206477205257405
REGION1,PWRWNDB08,18,2021,0.4009144523082644
REGION1,PWRWNDB08,19,2021,0.284689299268476
REGION1,PWRWNDB08,20,2021,0.5977920424694578
REGION1,PWRWNDB08,21,2021,0.1122778398570627
REGION1,PWRWNDB08,22,2021,0.0294835694610014
REGION1,PWRWNDB08,23,2021,0.0060080534399229
REGION1,PWRWNDB08,24,2021,0.0811200720746342
REGION1,PWRWNDB08,25,2021,0.6133709429261642
REGION1,PWRWNDB08,26,2021,0.6552404761284284
REGION1,PWRWNDB08,27,2021,0.5794759309710448
REGION1,PWRWNDB08,28,2021,0.637545772418808
REGION1,PWRWNDB08,29,2021,0.5176069726955
REGION1,PWRWNDB08,30,2021,0.4947917143183971
REGION1,PWRWNDB08,31,2021,0.6639636466588884
REGION1,PWRWNDB08,32,2021,0.6896982265019777
REGION1,PWRWNDB08,33,2021,0.6863398526215141
REGION1,PWRWNDB08,34,2021,0.5274315630094699
REGION1,PWRWNDB08,35,2021,0.657489467400347
REGION1,PWRWNDB08,36,2021,0.4663615964871546
REGION1,PWRWNDB08,37,2021,0.5152988612525816
REGION1,PWRWNDB08,38,2021,0.6771916840350533
REGION1,PWRWNDB08,39,2021,0.6710537751329303
REGION1,PWRWNDB08,40,2021,0.6174789204328214
REGION1,PWRWNDB08,1,2022,0.2360639936597978
REGION1,PWRWNDB08,2,2022,0.0457718748191544
REGION1,PWRWNDB08,3,2022,0.0518936026763852
REGION1,PWRWNDB08,4,2022,0.0049811538580698
REGION1,PWRWNDB08,5,2022,0.2623782099414189
REGION1,PWRWNDB08,6,2022,0.03985438620408
REGION1,PWRWNDB08,7,2022,0.0612124035976516
REGION1,PWRWNDB08,8,2022,0.2392503322239807
REGION1,PWRWNDB08,9,2022,0.6776934150344226
REGION1,PWRWNDB08,10,2022,0.6322127634866956
REGION1,PWRWNDB08,11,2022,0.2467364612862329
REGION1,PWRWNDB08,12,2022,0.3330935453265432
REGION1,PWRWNDB08,13,2022,0.6894621478965793
REGION1,PWRWNDB08,14,2022,0.5886279686961817
REGION1,PWRWNDB08,15,2022,0.1728239026513975
REGION1,PWRWNDB08,16,2022,0.3617378071026207
REGION1,PWRWNDB08,17,2022,0.6206477205257405
REGION1,PWRWNDB08,18,2022,0.4009144523082644
REGION1,PWRWNDB08,19,2022,0.284689299268476
REGION1,PWRWNDB08,20,2022,0.5977920424694578
REGION1,PWRWNDB08,21,2022,0.1122778398570627
REGION1,PWRWNDB08,22,2022,0.0294835694610014
REGION1,PWRWNDB08,23,2022,0.0060080534399229
REGION1,PWRWNDB08,24,2022,0.0811200720746342
REGION1,PWRWNDB08,25,2022,0.6133709429261642
REGION1,PWRWNDB08,26,2022,0.6552404761284284
REGION1,PWRWNDB08,27,2022,0.5794759309710448
REGION1,PWRWNDB08,28,2022,0.637545772418808
REGION1,PWRWNDB08,29,2022,0.5176069726955
REGION1,PWRWNDB08,30,2022,0.4947917143183971
REGION1,PWRWNDB08,31,2022,0.6639636466588884
REGION1,PWRWNDB08,32,2022,0.6896982265019777
REGION1,PWRWNDB08,33,2022,0.6863398526215141
REGION1,PWRWNDB08,34,2022,0.5274315630094699
REGION1,PWRWNDB08,35,2022,0.657489467400347
REGION1,PWRWNDB08,36,2022,0.4663615964871546
REGION1,PWRWNDB08,37,2022,0.5152988612525816
REGION1,PWRWNDB08,38,2022,0.6771916840350533
REGION1,PWRWNDB08,39,2022,0.6710537751329303
REGION1,PWRWNDB08,40,2022,0.6174789204328214
REGION1,PWRWNDB08,1,2023,0.2360639936597978
REGION1,PWRWNDB08,2,2023,0.0457718748191544
REGION1,PWRWNDB08,3,2023,0.0518936026763852
REGION1,PWRWNDB08,4,2023,0.0049811538580698
REGION1,PWRWNDB08,5,2023,0.2623782099414189
REGION1,PWRWNDB08,6,2023,0.03985438620408
REGION1,PWRWNDB08,7,2023,0.0612124035976516
REGION1,PWRWNDB08,8,2023,0.2392503322239807
REGION1,PWRWNDB08,9,2023,0.6776934150344226
REGION1,PWRWNDB08,10,2023,0.6322127634866956
REGION1,PWRWNDB08,11,2023,0.2467364612862329
REGION1,PWRWNDB08,12,2023,0.3330935453265432
REGION1,PWRWNDB08,13,2023,0.6894621478965793
REGION1,PWRWNDB08,14,2023,0.5886279686961817
REGION1,PWRWNDB08,15,2023,0.1728239026513975
REGION1,PWRWNDB08,16,2023,0.3617378071026207
REGION1,PWRWNDB08,17,2023,0.6206477205257405
REGION1,PWRWNDB08,18,2023,0.4009144523082644
REGION1,PWRWNDB08,19,2023,0.284689299268476
REGION1,PWRWNDB08,20,2023,0.5977920424694578
REGION1,PWRWNDB08,21,2023,0.1122778398570627
REGION1,PWRWNDB08,22,2023,0.0294835694610014
REGION1,PWRWNDB08,23,2023,0.0060080534399229
REGION1,PWRWNDB08,24,2023,0.0811200720746342
REGION1,PWRWNDB08,25,2023,0.6133709429261642
REGION1,PWRWNDB08,26,2023,0.6552404761284284
REGION1,PWRWNDB08,27,2023,0.5794759309710448
REGION1,PWRWNDB08,28,2023,0.637545772418808
REGION1,PWRWNDB08,29,2023,0.5176069726955
REGION1,PWRWNDB08,30,2023,0.4947917143183971
REGION1,PWRWNDB08,31,2023,0.6639636466588884
REGION1,PWRWNDB08,32,2023,0.6896982265019777
REGION1,PWRWNDB08,33,2023,0.6863398526215141
REGION1,PWRWNDB08,34,2023,0.5274315630094699
REGION1,PWRWNDB08,35,2023,0.657489467400347
REGION1,PWRWNDB08,36,2023,0.4663615964871546
REGION1,PWRWNDB08,37,2023,0.5152988612525816
REGION1,PWRWNDB08,38,2023,0.6771916840350533
REGION1,PWRWNDB08,39,2023,0.6710537751329303
REGION1,PWRWNDB08,40,2023,0.6174789204328214
REGION1,PWRWNDB08,1,2024,0.2360639936597978
REGION1,PWRWNDB08,2,2024,0.0457718748191544
REGION1,PWRWNDB08,3,2024,0.0518936026763852
REGION1,PWRWNDB08,4,2024,0.0049811538580698
REGION1,PWRWNDB08,5,2024,0.2623782099414189
REGION1,PWRWNDB08,6,2024,0.03985438620408
REGION1,PWRWNDB08,7,2024,0.0612124035976516
REGION1,PWRWNDB08,8,2024,0.2392503322239807
REGION1,PWRWNDB08,9,2024,0.6776934150344226
REGION1,PWRWNDB08,10,2024,0.6322127634866956
REGION1,PWRWNDB08,11,2024,0.2467364612862329
REGION1,PWRWNDB08,12,2024,0.3330935453265432
REGION1,PWRWNDB08,13,2024,0.6894621478965793
REGION1,PWRWNDB08,14,2024,0.5886279686961817
REGION1,PWRWNDB08,15,2024,0.1728239026513975
REGION1,PWRWNDB08,16,2024,0.3617378071026207
REGION1,PWRWNDB08,17,2024,0.6206477205257405
REGION1,PWRWNDB08,18,2024,0.4009144523082644
REGION1,PWRWNDB08,19,2024,0.284689299268476
REGION1,PWRWNDB08,20,2024,0.5977920424694578
REGION1,PWRWNDB08,21,2024,0.1122778398570627
REGION1,PWRWNDB08,22,2024,0.0294835694610014
REGION1,PWRWNDB08,23,2024,0.0060080534399229
REGION1,PWRWNDB08,24,2024,0.0811200720746342
REGION1,PWRWNDB08,25,2024,0.6133709429261642
REGION1,PWRWNDB08,26,2024,0.6552404761284284
REGION1,PWRWNDB08,27,2024,0.5794759309710448
REGION1,PWRWNDB08,28,2024,0.637545772418808
REGION1,PWRWNDB08,29,2024,0.5176069726955
REGION1,PWRWNDB08,30,2024,0.4947917143183971
REGION1,PWRWNDB08,31,2024,0.6639636466588884
REGION1,PWRWNDB08,32,2024,0.6896982265019777
REGION1,PWRWNDB08,33,2024,0.6863398526215141
REGION1,PWRWNDB08,34,2024,0.5274315630094699
REGION1,PWRWNDB08,35,2024,0.657489467400347
REGION1,PWRWNDB08,36,2024,0.4663615964871546
REGION1,PWRWNDB08,37,2024,0.5152988612525816
REGION1,PWRWNDB08,38,2024,0.6771916840350533
REGION1,PWRWNDB08,39,2024,0.6710537751329303
REGION1,PWRWNDB08,40,2024,0.6174789204328214
REGION1,PWRWNDB08,1,2025,0.2360639936597978
REGION1,PWRWNDB08,2,2025,0.0457718748191544
REGION1,PWRWNDB08,3,2025,0.0518936026763852
REGION1,PWRWNDB08,4,2025,0.0049811538580698
REGION1,PWRWNDB08,5,2025,0.2623782099414189
REGION1,PWRWNDB08,6,2025,0.03985438620408
REGION1,PWRWNDB08,7,2025,0.0612124035976516
REGION1,PWRWNDB08,8,2025,0.2392503322239807
REGION1,PWRWNDB08,9,2025,0.6776934150344226
REGION1,PWRWNDB08,10,2025,0.6322127634866956
REGION1,PWRWNDB08,11,2025,0.2467364612862329
REGION1,PWRWNDB08,12,2025,0.3330935453265432
REGION1,PWRWNDB08,13,2025,0.6894621478965793
REGION1,PWRWNDB08,14,2025,0.5886279686961817
REGION1,PWRWNDB08,15,2025,0.1728239026513975
REGION1,PWRWNDB08,16,2025,0.3617378071026207
REGION1,PWRWNDB08,17,2025,0.6206477205257405
REGION1,PWRWNDB08,18,2025,0.4009144523082644
REGION1,PWRWNDB08,19,2025,0.284689299268476
REGION1,PWRWNDB08,20,2025,0.5977920424694578
REGION1,PWRWNDB08,21,2025,0.1122778398570627
REGION1,PWRWNDB08,22,2025,0.0294835694610014
REGION1,PWRWNDB08,23,2025,0.0060080534399229
REGION1,PWRWNDB08,24,2025,0.0811200720746342
REGION1,PWRWNDB08,25,2025,0.6133709429261642
REGION1,PWRWNDB08,26,2025,0.6552404761284284
REGION1,PWRWNDB08,27,2025,0.5794759309710448
REGION1,PWRWNDB08,28,2025,0.637545772418808
REGION1,PWRWNDB08,29,2025,0.5176069726955
REGION1,PWRWNDB08,30,2025,0.4947917143183971
REGION1,PWRWNDB08,31,2025,0.6639636466588884
REGION1,PWRWNDB08,32,2025,0.6896982265019777
REGION1,PWRWNDB08,33,2025,0.6863398526215141
REGION1,PWRWNDB08,34,2025,0.5274315630094699
REGION1,PWRWNDB08,35,2025,0.657489467400347
REGION1,PWRWNDB08,36,2025,0.4663615964871546
REGION1,PWRWNDB08,37,2025,0.5152988612525816
REGION1,PWRWNDB08,38,2025,0.6771916840350533
REGION1,PWRWNDB08,39,2025,0.6710537751329303
REGION1,PWRWNDB08,40,2025,0.6174789204328214
REGION1,PWRWNDB08,1,2026,0.2360639936597978
REGION1,PWRWNDB08,2,2026,0.0457718748191544
REGION1,PWRWNDB08,3,2026,0.0518936026763852
REGION1,PWRWNDB08,4,2026,0.0049811538580698
REGION1,PWRWNDB08,5,2026,0.2623782099414189
REGION1,PWRWNDB08,6,2026,0.03985438620408
REGION1,PWRWNDB08,7,2026,0.0612124035976516
REGION1,PWRWNDB08,8,2026,0.2392503322239807
REGION1,PWRWNDB08,9,2026,0.6776934150344226
REGION1,PWRWNDB08,10,2026,0.6322127634866956
REGION1,PWRWNDB08,11,2026,0.2467364612862329
REGION1,PWRWNDB08,12,2026,0.3330935453265432
REGION1,PWRWNDB08,13,2026,0.6894621478965793
REGION1,PWRWNDB08,14,2026,0.5886279686961817
REGION1,PWRWNDB08,15,2026,0.1728239026513975
REGION1,PWRWNDB08,16,2026,0.3617378071026207
REGION1,PWRWNDB08,17,2026,0.6206477205257405
REGION1,PWRWNDB08,18,2026,0.4009144523082644
REGION1,PWRWNDB08,19,2026,0.284689299268476
REGION1,PWRWNDB08,20,2026,0.5977920424694578
REGION1,PWRWNDB08,21,2026,0.1122778398570627
REGION1,PWRWNDB08,22,2026,0.0294835694610014
REGION1,PWRWNDB08,23,2026,0.0060080534399229
REGION1,PWRWNDB08,24,2026,0.0811200720746342
REGION1,PWRWNDB08,25,2026,0.6133709429261642
REGION1,PWRWNDB08,26,2026,0.6552404761284284
REGION1,PWRWNDB08,27,2026,0.5794759309710448
REGION1,PWRWNDB08,28,2026,0.637545772418808
REGION1,PWRWNDB08,29,2026,0.5176069726955
REGION1,PWRWNDB08,30,2026,0.4947917143183971
REGION1,PWRWNDB08,31,2026,0.6639636466588884
REGION1,PWRWNDB08,32,2026,0.6896982265019777
REGION1,PWRWNDB08,33,2026,0.6863398526215141
REGION1,PWRWNDB08,34,2026,0.5274315630094699
REGION1,PWRWNDB08,35,2026,0.657489467400347
REGION1,PWRWNDB08,36,2026,0.4663615964871546
REGION1,PWRWNDB08,37,2026,0.5152988612525816
REGION1,PWRWNDB08,38,2026,0.6771916840350533
REGION1,PWRWNDB08,39,2026,0.6710537751329303
REGION1,PWRWNDB08,40,2026,0.6174789204328214
REGION1,PWRWNDB08,1,2027,0.2360639936597978
REGION1,PWRWNDB08,2,2027,0.0457718748191544
REGION1,PWRWNDB08,3,2027,0.0518936026763852
REGION1,PWRWNDB08,4,2027,0.0049811538580698
REGION1,PWRWNDB08,5,2027,0.2623782099414189
REGION1,PWRWNDB08,6,2027,0.03985438620408
REGION1,PWRWNDB08,7,2027,0.0612124035976516
REGION1,PWRWNDB08,8,2027,0.2392503322239807
REGION1,PWRWNDB08,9,2027,0.6776934150344226
REGION1,PWRWNDB08,10,2027,0.6322127634866956
REGION1,PWRWNDB08,11,2027,0.2467364612862329
REGION1,PWRWNDB08,12,2027,0.3330935453265432
REGION1,PWRWNDB08,13,2027,0.6894621478965793
REGION1,PWRWNDB08,14,2027,0.5886279686961817
REGION1,PWRWNDB08,15,2027,0.1728239026513975
REGION1,PWRWNDB08,16,2027,0.3617378071026207
REGION1,PWRWNDB08,17,2027,0.6206477205257405
REGION1,PWRWNDB08,18,2027,0.4009144523082644
REGION1,PWRWNDB08,19,2027,0.284689299268476
REGION1,PWRWNDB08,20,2027,0.5977920424694578
REGION1,PWRWNDB08,21,2027,0.1122778398570627
REGION1,PWRWNDB08,22,2027,0.0294835694610014
REGION1,PWRWNDB08,23,2027,0.0060080534399229
REGION1,PWRWNDB08,24,2027,0.0811200720746342
REGION1,PWRWNDB08,25,2027,0.6133709429261642
REGION1,PWRWNDB08,26,2027,0.6552404761284284
REGION1,PWRWNDB08,27,2027,0.5794759309710448
REGION1,PWRWNDB08,28,2027,0.637545772418808
REGION1,PWRWNDB08,29,2027,0.5176069726955
REGION1,PWRWNDB08,30,2027,0.4947917143183971
REGION1,PWRWNDB08,31,2027,0.6639636466588884
REGION1,PWRWNDB08,32,2027,0.6896982265019777
REGION1,PWRWNDB08,33,2027,0.6863398526215141
REGION1,PWRWNDB08,34,2027,0.5274315630094699
REGION1,PWRWNDB08,35,2027,0.657489467400347
REGION1,PWRWNDB08,36,2027,0.4663615964871546
REGION1,PWRWNDB08,37,2027,0.5152988612525816
REGION1,PWRWNDB08,38,2027,0.6771916840350533
REGION1,PWRWNDB08,39,2027,0.6710537751329303
REGION1,PWRWNDB08,40,2027,0.6174789204328214
REGION1,PWRWNDB08,1,2028,0.2360639936597978
REGION1,PWRWNDB08,2,2028,0.0457718748191544
REGION1,PWRWNDB08,3,2028,0.0518936026763852
REGION1,PWRWNDB08,4,2028,0.0049811538580698
REGION1,PWRWNDB08,5,2028,0.2623782099414189
REGION1,PWRWNDB08,6,2028,0.03985438620408
REGION1,PWRWNDB08,7,2028,0.0612124035976516
REGION1,PWRWNDB08,8,2028,0.2392503322239807
REGION1,PWRWNDB08,9,2028,0.6776934150344226
REGION1,PWRWNDB08,10,2028,0.6322127634866956
REGION1,PWRWNDB08,11,2028,0.2467364612862329
REGION1,PWRWNDB08,12,2028,0.3330935453265432
REGION1,PWRWNDB08,13,2028,0.6894621478965793
REGION1,PWRWNDB08,14,2028,0.5886279686961817
REGION1,PWRWNDB08,15,2028,0.1728239026513975
REGION1,PWRWNDB08,16,2028,0.3617378071026207
REGION1,PWRWNDB08,17,2028,0.6206477205257405
REGION1,PWRWNDB08,18,2028,0.4009144523082644
REGION1,PWRWNDB08,19,2028,0.284689299268476
REGION1,PWRWNDB08,20,2028,0.5977920424694578
REGION1,PWRWNDB08,21,2028,0.1122778398570627
REGION1,PWRWNDB08,22,2028,0.0294835694610014
REGION1,PWRWNDB08,23,2028,0.0060080534399229
REGION1,PWRWNDB08,24,2028,0.0811200720746342
REGION1,PWRWNDB08,25,2028,0.6133709429261642
REGION1,PWRWNDB08,26,2028,0.6552404761284284
REGION1,PWRWNDB08,27,2028,0.5794759309710448
REGION1,PWRWNDB08,28,2028,0.637545772418808
REGION1,PWRWNDB08,29,2028,0.5176069726955
REGION1,PWRWNDB08,30,2028,0.4947917143183971
REGION1,PWRWNDB08,31,2028,0.6639636466588884
REGION1,PWRWNDB08,32,2028,0.6896982265019777
REGION1,PWRWNDB08,33,2028,0.6863398526215141
REGION1,PWRWNDB08,34,2028,0.5274315630094699
REGION1,PWRWNDB08,35,2028,0.657489467400347
REGION1,PWRWNDB08,36,2028,0.4663615964871546
REGION1,PWRWNDB08,37,2028,0.5152988612525816
REGION1,PWRWNDB08,38,2028,0.6771916840350533
REGION1,PWRWNDB08,39,2028,0.6710537751329303
REGION1,PWRWNDB08,40,2028,0.6174789204328214
REGION1,PWRWNDB08,1,2029,0.2360639936597978
REGION1,PWRWNDB08,2,2029,0.0457718748191544
REGION1,PWRWNDB08,3,2029,0.0518936026763852
REGION1,PWRWNDB08,4,2029,0.0049811538580698
REGION1,PWRWNDB08,5,2029,0.2623782099414189
REGION1,PWRWNDB08,6,2029,0.03985438620408
REGION1,PWRWNDB08,7,2029,0.0612124035976516
REGION1,PWRWNDB08,8,2029,0.2392503322239807
REGION1,PWRWNDB08,9,2029,0.6776934150344226
REGION1,PWRWNDB08,10,2029,0.6322127634866956
REGION1,PWRWNDB08,11,2029,0.2467364612862329
REGION1,PWRWNDB08,12,2029,0.3330935453265432
REGION1,PWRWNDB08,13,2029,0.6894621478965793
REGION1,PWRWNDB08,14,2029,0.5886279686961817
REGION1,PWRWNDB08,15,2029,0.1728239026513975
REGION1,PWRWNDB08,16,2029,0.3617378071026207
REGION1,PWRWNDB08,17,2029,0.6206477205257405
REGION1,PWRWNDB08,18,2029,0.4009144523082644
REGION1,PWRWNDB08,19,2029,0.284689299268476
REGION1,PWRWNDB08,20,2029,0.5977920424694578
REGION1,PWRWNDB08,21,2029,0.1122778398570627
REGION1,PWRWNDB08,22,2029,0.0294835694610014
REGION1,PWRWNDB08,23,2029,0.0060080534399229
REGION1,PWRWNDB08,24,2029,0.0811200720746342
REGION1,PWRWNDB08,25,2029,0.6133709429261642
REGION1,PWRWNDB08,26,2029,0.6552404761284284
REGION1,PWRWNDB08,27,2029,0.5794759309710448
REGION1,PWRWNDB08,28,2029,0.637545772418808
REGION1,PWRWNDB08,29,2029,0.5176069726955
REGION1,PWRWNDB08,30,2029,0.4947917143183971
REGION1,PWRWNDB08,31,2029,0.6639636466588884
REGION1,PWRWNDB08,32,2029,0.6896982265019777
REGION1,PWRWNDB08,33,2029,0.6863398526215141
REGION1,PWRWNDB08,34,2029,0.5274315630094699
REGION1,PWRWNDB08,35,2029,0.657489467400347
REGION1,PWRWNDB08,36,2029,0.4663615964871546
REGION1,PWRWNDB08,37,2029,0.5152988612525816
REGION1,PWRWNDB08,38,2029,0.6771916840350533
REGION1,PWRWNDB08,39,2029,0.6710537751329303
REGION1,PWRWNDB08,40,2029,0.6174789204328214
REGION1,PWRWNDB08,1,2030,0.2360639936597978
REGION1,PWRWNDB08,2,2030,0.0457718748191544
REGION1,PWRWNDB08,3,2030,0.0518936026763852
REGION1,PWRWNDB08,4,2030,0.0049811538580698
REGION1,PWRWNDB08,5,2030,0.2623782099414189
REGION1,PWRWNDB08,6,2030,0.03985438620408
REGION1,PWRWNDB08,7,2030,0.0612124035976516
REGION1,PWRWNDB08,8,2030,0.2392503322239807
REGION1,PWRWNDB08,9,2030,0.6776934150344226
REGION1,PWRWNDB08,10,2030,0.6322127634866956
REGION1,PWRWNDB08,11,2030,0.2467364612862329
REGION1,PWRWNDB08,12,2030,0.3330935453265432
REGION1,PWRWNDB08,13,2030,0.6894621478965793
REGION1,PWRWNDB08,14,2030,0.5886279686961817
REGION1,PWRWNDB08,15,2030,0.1728239026513975
REGION1,PWRWNDB08,16,2030,0.3617378071026207
REGION1,PWRWNDB08,17,2030,0.6206477205257405
REGION1,PWRWNDB08,18,2030,0.4009144523082644
REGION1,PWRWNDB08,19,2030,0.284689299268476
REGION1,PWRWNDB08,20,2030,0.5977920424694578
REGION1,PWRWNDB08,21,2030,0.1122778398570627
REGION1,PWRWNDB08,22,2030,0.0294835694610014
REGION1,PWRWNDB08,23,2030,0.0060080534399229
REGION1,PWRWNDB08,24,2030,0.0811200720746342
REGION1,PWRWNDB08,25,2030,0.6133709429261642
REGION1,PWRWNDB08,26,2030,0.6552404761284284
REGION1,PWRWNDB08,27,2030,0.5794759309710448
REGION1,PWRWNDB08,28,2030,0.637545772418808
REGION1,PWRWNDB08,29,2030,0.5176069726955
REGION1,PWRWNDB08,30,2030,0.4947917143183971
REGION1,PWRWNDB08,31,2030,0.6639636466588884
REGION1,PWRWNDB08,32,2030,0.6896982265019777
REGION1,PWRWNDB08,33,2030,0.6863398526215141
REGION1,PWRWNDB08,34,2030,0.5274315630094699
REGION1,PWRWNDB08,35,2030,0.657489467400347
REGION1,PWRWNDB08,36,2030,0.4663615964871546
REGION1,PWRWNDB08,37,2030,0.5152988612525816
REGION1,PWRWNDB08,38,2030,0.6771916840350533
REGION1,PWRWNDB08,39,2030,0.6710537751329303
REGION1,PWRWNDB08,40,2030,0.6174789204328214
REGION1,PWRWNDB08,1,2031,0.2360639936597978
REGION1,PWRWNDB08,2,2031,0.0457718748191544
REGION1,PWRWNDB08,3,2031,0.0518936026763852
REGION1,PWRWNDB08,4,2031,0.0049811538580698
REGION1,PWRWNDB08,5,2031,0.2623782099414189
REGION1,PWRWNDB08,6,2031,0.03985438620408
REGION1,PWRWNDB08,7,2031,0.0612124035976516
REGION1,PWRWNDB08,8,2031,0.2392503322239807
REGION1,PWRWNDB08,9,2031,0.6776934150344226
REGION1,PWRWNDB08,10,2031,0.6322127634866956
REGION1,PWRWNDB08,11,2031,0.2467364612862329
REGION1,PWRWNDB08,12,2031,0.3330935453265432
REGION1,PWRWNDB08,13,2031,0.6894621478965793
REGION1,PWRWNDB08,14,2031,0.5886279686961817
REGION1,PWRWNDB08,15,2031,0.1728239026513975
REGION1,PWRWNDB08,16,2031,0.3617378071026207
REGION1,PWRWNDB08,17,2031,0.6206477205257405
REGION1,PWRWNDB08,18,2031,0.4009144523082644
REGION1,PWRWNDB08,19,2031,0.284689299268476
REGION1,PWRWNDB08,20,2031,0.5977920424694578
REGION1,PWRWNDB08,21,2031,0.1122778398570627
REGION1,PWRWNDB08,22,2031,0.0294835694610014
REGION1,PWRWNDB08,23,2031,0.0060080534399229
REGION1,PWRWNDB08,24,2031,0.0811200720746342
REGION1,PWRWNDB08,25,2031,0.6133709429261642
REGION1,PWRWNDB08,26,2031,0.6552404761284284
REGION1,PWRWNDB08,27,2031,0.5794759309710448
REGION1,PWRWNDB08,28,2031,0.637545772418808
REGION1,PWRWNDB08,29,2031,0.5176069726955
REGION1,PWRWNDB08,30,2031,0.4947917143183971
REGION1,PWRWNDB08,31,2031,0.6639636466588884
REGION1,PWRWNDB08,32,2031,0.6896982265019777
REGION1,PWRWNDB08,33,2031,0.6863398526215141
REGION1,PWRWNDB08,34,2031,0.5274315630094699
REGION1,PWRWNDB08,35,2031,0.657489467400347
REGION1,PWRWNDB08,36,2031,0.4663615964871546
REGION1,PWRWNDB08,37,2031,0.5152988612525816
REGION1,PWRWNDB08,38,2031,0.6771916840350533
REGION1,PWRWNDB08,39,2031,0.6710537751329303
REGION1,PWRWNDB08,40,2031,0.6174789204328214
REGION1,PWRWNDB08,1,2032,0.2360639936597978
REGION1,PWRWNDB08,2,2032,0.0457718748191544
REGION1,PWRWNDB08,3,2032,0.0518936026763852
REGION1,PWRWNDB08,4,2032,0.0049811538580698
REGION1,PWRWNDB08,5,2032,0.2623782099414189
REGION1,PWRWNDB08,6,2032,0.03985438620408
REGION1,PWRWNDB08,7,2032,0.0612124035976516
REGION1,PWRWNDB08,8,2032,0.2392503322239807
REGION1,PWRWNDB08,9,2032,0.6776934150344226
REGION1,PWRWNDB08,10,2032,0.6322127634866956
REGION1,PWRWNDB08,11,2032,0.2467364612862329
REGION1,PWRWNDB08,12,2032,0.3330935453265432
REGION1,PWRWNDB08,13,2032,0.6894621478965793
REGION1,PWRWNDB08,14,2032,0.5886279686961817
REGION1,PWRWNDB08,15,2032,0.1728239026513975
REGION1,PWRWNDB08,16,2032,0.3617378071026207
REGION1,PWRWNDB08,17,2032,0.6206477205257405
REGION1,PWRWNDB08,18,2032,0.4009144523082644
REGION1,PWRWNDB08,19,2032,0.284689299268476
REGION1,PWRWNDB08,20,2032,0.5977920424694578
REGION1,PWRWNDB08,21,2032,0.1122778398570627
REGION1,PWRWNDB08,22,2032,0.0294835694610014
REGION1,PWRWNDB08,23,2032,0.0060080534399229
REGION1,PWRWNDB08,24,2032,0.0811200720746342
REGION1,PWRWNDB08,25,2032,0.6133709429261642
REGION1,PWRWNDB08,26,2032,0.6552404761284284
REGION1,PWRWNDB08,27,2032,0.5794759309710448
REGION1,PWRWNDB08,28,2032,0.637545772418808
REGION1,PWRWNDB08,29,2032,0.5176069726955
REGION1,PWRWNDB08,30,2032,0.4947917143183971
REGION1,PWRWNDB08,31,2032,0.6639636466588884
REGION1,PWRWNDB08,32,2032,0.6896982265019777
REGION1,PWRWNDB08,33,2032,0.6863398526215141
REGION1,PWRWNDB08,34,2032,0.5274315630094699
REGION1,PWRWNDB08,35,2032,0.657489467400347
REGION1,PWRWNDB08,36,2032,0.4663615964871546
REGION1,PWRWNDB08,37,2032,0.5152988612525816
REGION1,PWRWNDB08,38,2032,0.6771916840350533
REGION1,PWRWNDB08,39,2032,0.6710537751329303
REGION1,PWRWNDB08,40,2032,0.6174789204328214
REGION1,PWRWNDB08,1,2033,0.2360639936597978
REGION1,PWRWNDB08,2,2033,0.0457718748191544
REGION1,PWRWNDB08,3,2033,0.0518936026763852
REGION1,PWRWNDB08,4,2033,0.0049811538580698
REGION1,PWRWNDB08,5,2033,0.2623782099414189
REGION1,PWRWNDB08,6,2033,0.03985438620408
REGION1,PWRWNDB08,7,2033,0.0612124035976516
REGION1,PWRWNDB08,8,2033,0.2392503322239807
REGION1,PWRWNDB08,9,2033,0.6776934150344226
REGION1,PWRWNDB08,10,2033,0.6322127634866956
REGION1,PWRWNDB08,11,2033,0.2467364612862329
REGION1,PWRWNDB08,12,2033,0.3330935453265432
REGION1,PWRWNDB08,13,2033,0.6894621478965793
REGION1,PWRWNDB08,14,2033,0.5886279686961817
REGION1,PWRWNDB08,15,2033,0.1728239026513975
REGION1,PWRWNDB08,16,2033,0.3617378071026207
REGION1,PWRWNDB08,17,2033,0.6206477205257405
REGION1,PWRWNDB08,18,2033,0.4009144523082644
REGION1,PWRWNDB08,19,2033,0.284689299268476
REGION1,PWRWNDB08,20,2033,0.5977920424694578
REGION1,PWRWNDB08,21,2033,0.1122778398570627
REGION1,PWRWNDB08,22,2033,0.0294835694610014
REGION1,PWRWNDB08,23,2033,0.0060080534399229
REGION1,PWRWNDB08,24,2033,0.0811200720746342
REGION1,PWRWNDB08,25,2033,0.6133709429261642
REGION1,PWRWNDB08,26,2033,0.6552404761284284
REGION1,PWRWNDB08,27,2033,0.5794759309710448
REGION1,PWRWNDB08,28,2033,0.637545772418808
REGION1,PWRWNDB08,29,2033,0.5176069726955
REGION1,PWRWNDB08,30,2033,0.4947917143183971
REGION1,PWRWNDB08,31,2033,0.6639636466588884
REGION1,PWRWNDB08,32,2033,0.6896982265019777
REGION1,PWRWNDB08,33,2033,0.6863398526215141
REGION1,PWRWNDB08,34,2033,0.5274315630094699
REGION1,PWRWNDB08,35,2033,0.657489467400347
REGION1,PWRWNDB08,36,2033,0.4663615964871546
REGION1,PWRWNDB08,37,2033,0.5152988612525816
REGION1,PWRWNDB08,38,2033,0.6771916840350533
REGION1,PWRWNDB08,39,2033,0.6710537751329303
REGION1,PWRWNDB08,40,2033,0.6174789204328214
REGION1,PWRWNDB08,1,2034,0.2360639936597978
REGION1,PWRWNDB08,2,2034,0.0457718748191544
REGION1,PWRWNDB08,3,2034,0.0518936026763852
REGION1,PWRWNDB08,4,2034,0.0049811538580698
REGION1,PWRWNDB08,5,2034,0.2623782099414189
REGION1,PWRWNDB08,6,2034,0.03985438620408
REGION1,PWRWNDB08,7,2034,0.0612124035976516
REGION1,PWRWNDB08,8,2034,0.2392503322239807
REGION1,PWRWNDB08,9,2034,0.6776934150344226
REGION1,PWRWNDB08,10,2034,0.6322127634866956
REGION1,PWRWNDB08,11,2034,0.2467364612862329
REGION1,PWRWNDB08,12,2034,0.3330935453265432
REGION1,PWRWNDB08,13,2034,0.6894621478965793
REGION1,PWRWNDB08,14,2034,0.5886279686961817
REGION1,PWRWNDB08,15,2034,0.1728239026513975
REGION1,PWRWNDB08,16,2034,0.3617378071026207
REGION1,PWRWNDB08,17,2034,0.6206477205257405
REGION1,PWRWNDB08,18,2034,0.4009144523082644
REGION1,PWRWNDB08,19,2034,0.284689299268476
REGION1,PWRWNDB08,20,2034,0.5977920424694578
REGION1,PWRWNDB08,21,2034,0.1122778398570627
REGION1,PWRWNDB08,22,2034,0.0294835694610014
REGION1,PWRWNDB08,23,2034,0.0060080534399229
REGION1,PWRWNDB08,24,2034,0.0811200720746342
REGION1,PWRWNDB08,25,2034,0.6133709429261642
REGION1,PWRWNDB08,26,2034,0.6552404761284284
REGION1,PWRWNDB08,27,2034,0.5794759309710448
REGION1,PWRWNDB08,28,2034,0.637545772418808
REGION1,PWRWNDB08,29,2034,0.5176069726955
REGION1,PWRWNDB08,30,2034,0.4947917143183971
REGION1,PWRWNDB08,31,2034,0.6639636466588884
REGION1,PWRWNDB08,32,2034,0.6896982265019777
REGION1,PWRWNDB08,33,2034,0.6863398526215141
REGION1,PWRWNDB08,34,2034,0.5274315630094699
REGION1,PWRWNDB08,35,2034,0.657489467400347
REGION1,PWRWNDB08,36,2034,0.4663615964871546
REGION1,PWRWNDB08,37,2034,0.5152988612525816
REGION1,PWRWNDB08,38,2034,0.6771916840350533
REGION1,PWRWNDB08,39,2034,0.6710537751329303
REGION1,PWRWNDB08,40,2034,0.6174789204328214
REGION1,PWRWNDB08,1,2035,0.2360639936597978
REGION1,PWRWNDB08,2,2035,0.0457718748191544
REGION1,PWRWNDB08,3,2035,0.0518936026763852
REGION1,PWRWNDB08,4,2035,0.0049811538580698
REGION1,PWRWNDB08,5,2035,0.2623782099414189
REGION1,PWRWNDB08,6,2035,0.03985438620408
REGION1,PWRWNDB08,7,2035,0.0612124035976516
REGION1,PWRWNDB08,8,2035,0.2392503322239807
REGION1,PWRWNDB08,9,2035,0.6776934150344226
REGION1,PWRWNDB08,10,2035,0.6322127634866956
REGION1,PWRWNDB08,11,2035,0.2467364612862329
REGION1,PWRWNDB08,12,2035,0.3330935453265432
REGION1,PWRWNDB08,13,2035,0.6894621478965793
REGION1,PWRWNDB08,14,2035,0.5886279686961817
REGION1,PWRWNDB08,15,2035,0.1728239026513975
REGION1,PWRWNDB08,16,2035,0.3617378071026207
REGION1,PWRWNDB08,17,2035,0.6206477205257405
REGION1,PWRWNDB08,18,2035,0.4009144523082644
REGION1,PWRWNDB08,19,2035,0.284689299268476
REGION1,PWRWNDB08,20,2035,0.5977920424694578
REGION1,PWRWNDB08,21,2035,0.1122778398570627
REGION1,PWRWNDB08,22,2035,0.0294835694610014
REGION1,PWRWNDB08,23,2035,0.0060080534399229
REGION1,PWRWNDB08,24,2035,0.0811200720746342
REGION1,PWRWNDB08,25,2035,0.6133709429261642
REGION1,PWRWNDB08,26,2035,0.6552404761284284
REGION1,PWRWNDB08,27,2035,0.5794759309710448
REGION1,PWRWNDB08,28,2035,0.637545772418808
REGION1,PWRWNDB08,29,2035,0.5176069726955
REGION1,PWRWNDB08,30,2035,0.4947917143183971
REGION1,PWRWNDB08,31,2035,0.6639636466588884
REGION1,PWRWNDB08,32,2035,0.6896982265019777
REGION1,PWRWNDB08,33,2035,0.6863398526215141
REGION1,PWRWNDB08,34,2035,0.5274315630094699
REGION1,PWRWNDB08,35,2035,0.657489467400347
REGION1,PWRWNDB08,36,2035,0.4663615964871546
REGION1,PWRWNDB08,37,2035,0.5152988612525816
REGION1,PWRWNDB08,38,2035,0.6771916840350533
REGION1,PWRWNDB08,39,2035,0.6710537751329303
REGION1,PWRWNDB08,40,2035,0.6174789204328214
REGION1,PWRWNDB08,1,2036,0.2360639936597978
REGION1,PWRWNDB08,2,2036,0.0457718748191544
REGION1,PWRWNDB08,3,2036,0.0518936026763852
REGION1,PWRWNDB08,4,2036,0.0049811538580698
REGION1,PWRWNDB08,5,2036,0.2623782099414189
REGION1,PWRWNDB08,6,2036,0.03985438620408
REGION1,PWRWNDB08,7,2036,0.0612124035976516
REGION1,PWRWNDB08,8,2036,0.2392503322239807
REGION1,PWRWNDB08,9,2036,0.6776934150344226
REGION1,PWRWNDB08,10,2036,0.6322127634866956
REGION1,PWRWNDB08,11,2036,0.2467364612862329
REGION1,PWRWNDB08,12,2036,0.3330935453265432
REGION1,PWRWNDB08,13,2036,0.6894621478965793
REGION1,PWRWNDB08,14,2036,0.5886279686961817
REGION1,PWRWNDB08,15,2036,0.1728239026513975
REGION1,PWRWNDB08,16,2036,0.3617378071026207
REGION1,PWRWNDB08,17,2036,0.6206477205257405
REGION1,PWRWNDB08,18,2036,0.4009144523082644
REGION1,PWRWNDB08,19,2036,0.284689299268476
REGION1,PWRWNDB08,20,2036,0.5977920424694578
REGION1,PWRWNDB08,21,2036,0.1122778398570627
REGION1,PWRWNDB08,22,2036,0.0294835694610014
REGION1,PWRWNDB08,23,2036,0.0060080534399229
REGION1,PWRWNDB08,24,2036,0.0811200720746342
REGION1,PWRWNDB08,25,2036,0.6133709429261642
REGION1,PWRWNDB08,26,2036,0.6552404761284284
REGION1,PWRWNDB08,27,2036,0.5794759309710448
REGION1,PWRWNDB08,28,2036,0.637545772418808
REGION1,PWRWNDB08,29,2036,0.5176069726955
REGION1,PWRWNDB08,30,2036,0.4947917143183971
REGION1,PWRWNDB08,31,2036,0.6639636466588884
REGION1,PWRWNDB08,32,2036,0.6896982265019777
REGION1,PWRWNDB08,33,2036,0.6863398526215141
REGION1,PWRWNDB08,34,2036,0.5274315630094699
REGION1,PWRWNDB08,35,2036,0.657489467400347
REGION1,PWRWNDB08,36,2036,0.4663615964871546
REGION1,PWRWNDB08,37,2036,0.5152988612525816
REGION1,PWRWNDB08,38,2036,0.6771916840350533
REGION1,PWRWNDB08,39,2036,0.6710537751329303
REGION1,PWRWNDB08,40,2036,0.6174789204328214
REGION1,PWRWNDB08,1,2037,0.2360639936597978
REGION1,PWRWNDB08,2,2037,0.0457718748191544
REGION1,PWRWNDB08,3,2037,0.0518936026763852
REGION1,PWRWNDB08,4,2037,0.0049811538580698
REGION1,PWRWNDB08,5,2037,0.2623782099414189
REGION1,PWRWNDB08,6,2037,0.03985438620408
REGION1,PWRWNDB08,7,2037,0.0612124035976516
REGION1,PWRWNDB08,8,2037,0.2392503322239807
REGION1,PWRWNDB08,9,2037,0.6776934150344226
REGION1,PWRWNDB08,10,2037,0.6322127634866956
REGION1,PWRWNDB08,11,2037,0.2467364612862329
REGION1,PWRWNDB08,12,2037,0.3330935453265432
REGION1,PWRWNDB08,13,2037,0.6894621478965793
REGION1,PWRWNDB08,14,2037,0.5886279686961817
REGION1,PWRWNDB08,15,2037,0.1728239026513975
REGION1,PWRWNDB08,16,2037,0.3617378071026207
REGION1,PWRWNDB08,17,2037,0.6206477205257405
REGION1,PWRWNDB08,18,2037,0.4009144523082644
REGION1,PWRWNDB08,19,2037,0.284689299268476
REGION1,PWRWNDB08,20,2037,0.5977920424694578
REGION1,PWRWNDB08,21,2037,0.1122778398570627
REGION1,PWRWNDB08,22,2037,0.0294835694610014
REGION1,PWRWNDB08,23,2037,0.0060080534399229
REGION1,PWRWNDB08,24,2037,0.0811200720746342
REGION1,PWRWNDB08,25,2037,0.6133709429261642
REGION1,PWRWNDB08,26,2037,0.6552404761284284
REGION1,PWRWNDB08,27,2037,0.5794759309710448
REGION1,PWRWNDB08,28,2037,0.637545772418808
REGION1,PWRWNDB08,29,2037,0.5176069726955
REGION1,PWRWNDB08,30,2037,0.4947917143183971
REGION1,PWRWNDB08,31,2037,0.6639636466588884
REGION1,PWRWNDB08,32,2037,0.6896982265019777
REGION1,PWRWNDB08,33,2037,0.6863398526215141
REGION1,PWRWNDB08,34,2037,0.5274315630094699
REGION1,PWRWNDB08,35,2037,0.657489467400347
REGION1,PWRWNDB08,36,2037,0.4663615964871546
REGION1,PWRWNDB08,37,2037,0.5152988612525816
REGION1,PWRWNDB08,38,2037,0.6771916840350533
REGION1,PWRWNDB08,39,2037,0.6710537751329303
REGION1,PWRWNDB08,40,2037,0.6174789204328214
REGION1,PWRWNDB08,1,2038,0.2360639936597978
REGION1,PWRWNDB08,2,2038,0.0457718748191544
REGION1,PWRWNDB08,3,2038,0.0518936026763852
REGION1,PWRWNDB08,4,2038,0.0049811538580698
REGION1,PWRWNDB08,5,2038,0.2623782099414189
REGION1,PWRWNDB08,6,2038,0.03985438620408
REGION1,PWRWNDB08,7,2038,0.0612124035976516
REGION1,PWRWNDB08,8,2038,0.2392503322239807
REGION1,PWRWNDB08,9,2038,0.6776934150344226
REGION1,PWRWNDB08,10,2038,0.6322127634866956
REGION1,PWRWNDB08,11,2038,0.2467364612862329
REGION1,PWRWNDB08,12,2038,0.3330935453265432
REGION1,PWRWNDB08,13,2038,0.6894621478965793
REGION1,PWRWNDB08,14,2038,0.5886279686961817
REGION1,PWRWNDB08,15,2038,0.1728239026513975
REGION1,PWRWNDB08,16,2038,0.3617378071026207
REGION1,PWRWNDB08,17,2038,0.6206477205257405
REGION1,PWRWNDB08,18,2038,0.4009144523082644
REGION1,PWRWNDB08,19,2038,0.284689299268476
REGION1,PWRWNDB08,20,2038,0.5977920424694578
REGION1,PWRWNDB08,21,2038,0.1122778398570627
REGION1,PWRWNDB08,22,2038,0.0294835694610014
REGION1,PWRWNDB08,23,2038,0.0060080534399229
REGION1,PWRWNDB08,24,2038,0.0811200720746342
REGION1,PWRWNDB08,25,2038,0.6133709429261642
REGION1,PWRWNDB08,26,2038,0.6552404761284284
REGION1,PWRWNDB08,27,2038,0.5794759309710448
REGION1,PWRWNDB08,28,2038,0.637545772418808
REGION1,PWRWNDB08,29,2038,0.5176069726955
REGION1,PWRWNDB08,30,2038,0.4947917143183971
REGION1,PWRWNDB08,31,2038,0.6639636466588884
REGION1,PWRWNDB08,32,2038,0.6896982265019777
REGION1,PWRWNDB08,33,2038,0.6863398526215141
REGION1,PWRWNDB08,34,2038,0.5274315630094699
REGION1,PWRWNDB08,35,2038,0.657489467400347
REGION1,PWRWNDB08,36,2038,0.4663615964871546
REGION1,PWRWNDB08,37,2038,0.5152988612525816
REGION1,PWRWNDB08,38,2038,0.6771916840350533
REGION1,PWRWNDB08,39,2038,0.6710537751329303
REGION1,PWRWNDB08,40,2038,0.6174789204328214
REGION1,PWRWNDB08,1,2039,0.2360639936597978
REGION1,PWRWNDB08,2,2039,0.0457718748191544
REGION1,PWRWNDB08,3,2039,0.0518936026763852
REGION1,PWRWNDB08,4,2039,0.0049811538580698
REGION1,PWRWNDB08,5,2039,0.2623782099414189
REGION1,PWRWNDB08,6,2039,0.03985438620408
REGION1,PWRWNDB08,7,2039,0.0612124035976516
REGION1,PWRWNDB08,8,2039,0.2392503322239807
REGION1,PWRWNDB08,9,2039,0.6776934150344226
REGION1,PWRWNDB08,10,2039,0.6322127634866956
REGION1,PWRWNDB08,11,2039,0.2467364612862329
REGION1,PWRWNDB08,12,2039,0.3330935453265432
REGION1,PWRWNDB08,13,2039,0.6894621478965793
REGION1,PWRWNDB08,14,2039,0.5886279686961817
REGION1,PWRWNDB08,15,2039,0.1728239026513975
REGION1,PWRWNDB08,16,2039,0.3617378071026207
REGION1,PWRWNDB08,17,2039,0.6206477205257405
REGION1,PWRWNDB08,18,2039,0.4009144523082644
REGION1,PWRWNDB08,19,2039,0.284689299268476
REGION1,PWRWNDB08,20,2039,0.5977920424694578
REGION1,PWRWNDB08,21,2039,0.1122778398570627
REGION1,PWRWNDB08,22,2039,0.0294835694610014
REGION1,PWRWNDB08,23,2039,0.0060080534399229
REGION1,PWRWNDB08,24,2039,0.0811200720746342
REGION1,PWRWNDB08,25,2039,0.6133709429261642
REGION1,PWRWNDB08,26,2039,0.6552404761284284
REGION1,PWRWNDB08,27,2039,0.5794759309710448
REGION1,PWRWNDB08,28,2039,0.637545772418808
REGION1,PWRWNDB08,29,2039,0.5176069726955
REGION1,PWRWNDB08,30,2039,0.4947917143183971
REGION1,PWRWNDB08,31,2039,0.6639636466588884
REGION1,PWRWNDB08,32,2039,0.6896982265019777
REGION1,PWRWNDB08,33,2039,0.6863398526215141
REGION1,PWRWNDB08,34,2039,0.5274315630094699
REGION1,PWRWNDB08,35,2039,0.657489467400347
REGION1,PWRWNDB08,36,2039,0.4663615964871546
REGION1,PWRWNDB08,37,2039,0.5152988612525816
REGION1,PWRWNDB08,38,2039,0.6771916840350533
REGION1,PWRWNDB08,39,2039,0.6710537751329303
REGION1,PWRWNDB08,40,2039,0.6174789204328214
REGION1,PWRWNDB08,1,2040,0.2360639936597978
REGION1,PWRWNDB08,2,2040,0.0457718748191544
REGION1,PWRWNDB08,3,2040,0.0518936026763852
REGION1,PWRWNDB08,4,2040,0.0049811538580698
REGION1,PWRWNDB08,5,2040,0.2623782099414189
REGION1,PWRWNDB08,6,2040,0.03985438620408
REGION1,PWRWNDB08,7,2040,0.0612124035976516
REGION1,PWRWNDB08,8,2040,0.2392503322239807
REGION1,PWRWNDB08,9,2040,0.6776934150344226
REGION1,PWRWNDB08,10,2040,0.6322127634866956
REGION1,PWRWNDB08,11,2040,0.2467364612862329
REGION1,PWRWNDB08,12,2040,0.3330935453265432
REGION1,PWRWNDB08,13,2040,0.6894621478965793
REGION1,PWRWNDB08,14,2040,0.5886279686961817
REGION1,PWRWNDB08,15,2040,0.1728239026513975
REGION1,PWRWNDB08,16,2040,0.3617378071026207
REGION1,PWRWNDB08,17,2040,0.6206477205257405
REGION1,PWRWNDB08,18,2040,0.4009144523082644
REGION1,PWRWNDB08,19,2040,0.284689299268476
REGION1,PWRWNDB08,20,2040,0.5977920424694578
REGION1,PWRWNDB08,21,2040,0.1122778398570627
REGION1,PWRWNDB08,22,2040,0.0294835694610014
REGION1,PWRWNDB08,23,2040,0.0060080534399229
REGION1,PWRWNDB08,24,2040,0.0811200720746342
REGION1,PWRWNDB08,25,2040,0.6133709429261642
REGION1,PWRWNDB08,26,2040,0.6552404761284284
REGION1,PWRWNDB08,27,2040,0.5794759309710448
REGION1,PWRWNDB08,28,2040,0.637545772418808
REGION1,PWRWNDB08,29,2040,0.5176069726955
REGION1,PWRWNDB08,30,2040,0.4947917143183971
REGION1,PWRWNDB08,31,2040,0.6639636466588884
REGION1,PWRWNDB08,32,2040,0.6896982265019777
REGION1,PWRWNDB08,33,2040,0.6863398526215141
REGION1,PWRWNDB08,34,2040,0.5274315630094699
REGION1,PWRWNDB08,35,2040,0.657489467400347
REGION1,PWRWNDB08,36,2040,0.4663615964871546
REGION1,PWRWNDB08,37,2040,0.5152988612525816
REGION1,PWRWNDB08,38,2040,0.6771916840350533
REGION1,PWRWNDB08,39,2040,0.6710537751329303
REGION1,PWRWNDB08,40,2040,0.6174789204328214
REGION1,PWRWNDB08,1,2041,0.2360639936597978
REGION1,PWRWNDB08,2,2041,0.0457718748191544
REGION1,PWRWNDB08,3,2041,0.0518936026763852
REGION1,PWRWNDB08,4,2041,0.0049811538580698
REGION1,PWRWNDB08,5,2041,0.2623782099414189
REGION1,PWRWNDB08,6,2041,0.03985438620408
REGION1,PWRWNDB08,7,2041,0.0612124035976516
REGION1,PWRWNDB08,8,2041,0.2392503322239807
REGION1,PWRWNDB08,9,2041,0.6776934150344226
REGION1,PWRWNDB08,10,2041,0.6322127634866956
REGION1,PWRWNDB08,11,2041,0.2467364612862329
REGION1,PWRWNDB08,12,2041,0.3330935453265432
REGION1,PWRWNDB08,13,2041,0.6894621478965793
REGION1,PWRWNDB08,14,2041,0.5886279686961817
REGION1,PWRWNDB08,15,2041,0.1728239026513975
REGION1,PWRWNDB08,16,2041,0.3617378071026207
REGION1,PWRWNDB08,17,2041,0.6206477205257405
REGION1,PWRWNDB08,18,2041,0.4009144523082644
REGION1,PWRWNDB08,19,2041,0.284689299268476
REGION1,PWRWNDB08,20,2041,0.5977920424694578
REGION1,PWRWNDB08,21,2041,0.1122778398570627
REGION1,PWRWNDB08,22,2041,0.0294835694610014
REGION1,PWRWNDB08,23,2041,0.0060080534399229
REGION1,PWRWNDB08,24,2041,0.0811200720746342
REGION1,PWRWNDB08,25,2041,0.6133709429261642
REGION1,PWRWNDB08,26,2041,0.6552404761284284
REGION1,PWRWNDB08,27,2041,0.5794759309710448
REGION1,PWRWNDB08,28,2041,0.637545772418808
REGION1,PWRWNDB08,29,2041,0.5176069726955
REGION1,PWRWNDB08,30,2041,0.4947917143183971
REGION1,PWRWNDB08,31,2041,0.6639636466588884
REGION1,PWRWNDB08,32,2041,0.6896982265019777
REGION1,PWRWNDB08,33,2041,0.6863398526215141
REGION1,PWRWNDB08,34,2041,0.5274315630094699
REGION1,PWRWNDB08,35,2041,0.657489467400347
REGION1,PWRWNDB08,36,2041,0.4663615964871546
REGION1,PWRWNDB08,37,2041,0.5152988612525816
REGION1,PWRWNDB08,38,2041,0.6771916840350533
REGION1,PWRWNDB08,39,2041,0.6710537751329303
REGION1,PWRWNDB08,40,2041,0.6174789204328214
REGION1,PWRWNDB08,1,2042,0.2360639936597978
REGION1,PWRWNDB08,2,2042,0.0457718748191544
REGION1,PWRWNDB08,3,2042,0.0518936026763852
REGION1,PWRWNDB08,4,2042,0.0049811538580698
REGION1,PWRWNDB08,5,2042,0.2623782099414189
REGION1,PWRWNDB08,6,2042,0.03985438620408
REGION1,PWRWNDB08,7,2042,0.0612124035976516
REGION1,PWRWNDB08,8,2042,0.2392503322239807
REGION1,PWRWNDB08,9,2042,0.6776934150344226
REGION1,PWRWNDB08,10,2042,0.6322127634866956
REGION1,PWRWNDB08,11,2042,0.2467364612862329
REGION1,PWRWNDB08,12,2042,0.3330935453265432
REGION1,PWRWNDB08,13,2042,0.6894621478965793
REGION1,PWRWNDB08,14,2042,0.5886279686961817
REGION1,PWRWNDB08,15,2042,0.1728239026513975
REGION1,PWRWNDB08,16,2042,0.3617378071026207
REGION1,PWRWNDB08,17,2042,0.6206477205257405
REGION1,PWRWNDB08,18,2042,0.4009144523082644
REGION1,PWRWNDB08,19,2042,0.284689299268476
REGION1,PWRWNDB08,20,2042,0.5977920424694578
REGION1,PWRWNDB08,21,2042,0.1122778398570627
REGION1,PWRWNDB08,22,2042,0.0294835694610014
REGION1,PWRWNDB08,23,2042,0.0060080534399229
REGION1,PWRWNDB08,24,2042,0.0811200720746342
REGION1,PWRWNDB08,25,2042,0.6133709429261642
REGION1,PWRWNDB08,26,2042,0.6552404761284284
REGION1,PWRWNDB08,27,2042,0.5794759309710448
REGION1,PWRWNDB08,28,2042,0.637545772418808
REGION1,PWRWNDB08,29,2042,0.5176069726955
REGION1,PWRWNDB08,30,2042,0.4947917143183971
REGION1,PWRWNDB08,31,2042,0.6639636466588884
REGION1,PWRWNDB08,32,2042,0.6896982265019777
REGION1,PWRWNDB08,33,2042,0.6863398526215141
REGION1,PWRWNDB08,34,2042,0.5274315630094699
REGION1,PWRWNDB08,35,2042,0.657489467400347
REGION1,PWRWNDB08,36,2042,0.4663615964871546
REGION1,PWRWNDB08,37,2042,0.5152988612525816
REGION1,PWRWNDB08,38,2042,0.6771916840350533
REGION1,PWRWNDB08,39,2042,0.6710537751329303
REGION1,PWRWNDB08,40,2042,0.6174789204328214
REGION1,PWRWNDB08,1,2043,0.2360639936597978
REGION1,PWRWNDB08,2,2043,0.0457718748191544
REGION1,PWRWNDB08,3,2043,0.0518936026763852
REGION1,PWRWNDB08,4,2043,0.0049811538580698
REGION1,PWRWNDB08,5,2043,0.2623782099414189
REGION1,PWRWNDB08,6,2043,0.03985438620408
REGION1,PWRWNDB08,7,2043,0.0612124035976516
REGION1,PWRWNDB08,8,2043,0.2392503322239807
REGION1,PWRWNDB08,9,2043,0.6776934150344226
REGION1,PWRWNDB08,10,2043,0.6322127634866956
REGION1,PWRWNDB08,11,2043,0.2467364612862329
REGION1,PWRWNDB08,12,2043,0.3330935453265432
REGION1,PWRWNDB08,13,2043,0.6894621478965793
REGION1,PWRWNDB08,14,2043,0.5886279686961817
REGION1,PWRWNDB08,15,2043,0.1728239026513975
REGION1,PWRWNDB08,16,2043,0.3617378071026207
REGION1,PWRWNDB08,17,2043,0.6206477205257405
REGION1,PWRWNDB08,18,2043,0.4009144523082644
REGION1,PWRWNDB08,19,2043,0.284689299268476
REGION1,PWRWNDB08,20,2043,0.5977920424694578
REGION1,PWRWNDB08,21,2043,0.1122778398570627
REGION1,PWRWNDB08,22,2043,0.0294835694610014
REGION1,PWRWNDB08,23,2043,0.0060080534399229
REGION1,PWRWNDB08,24,2043,0.0811200720746342
REGION1,PWRWNDB08,25,2043,0.6133709429261642
REGION1,PWRWNDB08,26,2043,0.6552404761284284
REGION1,PWRWNDB08,27,2043,0.5794759309710448
REGION1,PWRWNDB08,28,2043,0.637545772418808
REGION1,PWRWNDB08,29,2043,0.5176069726955
REGION1,PWRWNDB08,30,2043,0.4947917143183971
REGION1,PWRWNDB08,31,2043,0.6639636466588884
REGION1,PWRWNDB08,32,2043,0.6896982265019777
REGION1,PWRWNDB08,33,2043,0.6863398526215141
REGION1,PWRWNDB08,34,2043,0.5274315630094699
REGION1,PWRWNDB08,35,2043,0.657489467400347
REGION1,PWRWNDB08,36,2043,0.4663615964871546
REGION1,PWRWNDB08,37,2043,0.5152988612525816
REGION1,PWRWNDB08,38,2043,0.6771916840350533
REGION1,PWRWNDB08,39,2043,0.6710537751329303
REGION1,PWRWNDB08,40,2043,0.6174789204328214
REGION1,PWRWNDB08,1,2044,0.2360639936597978
REGION1,PWRWNDB08,2,2044,0.0457718748191544
REGION1,PWRWNDB08,3,2044,0.0518936026763852
REGION1,PWRWNDB08,4,2044,0.0049811538580698
REGION1,PWRWNDB08,5,2044,0.2623782099414189
REGION1,PWRWNDB08,6,2044,0.03985438620408
REGION1,PWRWNDB08,7,2044,0.0612124035976516
REGION1,PWRWNDB08,8,2044,0.2392503322239807
REGION1,PWRWNDB08,9,2044,0.6776934150344226
REGION1,PWRWNDB08,10,2044,0.6322127634866956
REGION1,PWRWNDB08,11,2044,0.2467364612862329
REGION1,PWRWNDB08,12,2044,0.3330935453265432
REGION1,PWRWNDB08,13,2044,0.6894621478965793
REGION1,PWRWNDB08,14,2044,0.5886279686961817
REGION1,PWRWNDB08,15,2044,0.1728239026513975
REGION1,PWRWNDB08,16,2044,0.3617378071026207
REGION1,PWRWNDB08,17,2044,0.6206477205257405
REGION1,PWRWNDB08,18,2044,0.4009144523082644
REGION1,PWRWNDB08,19,2044,0.284689299268476
REGION1,PWRWNDB08,20,2044,0.5977920424694578
REGION1,PWRWNDB08,21,2044,0.1122778398570627
REGION1,PWRWNDB08,22,2044,0.0294835694610014
REGION1,PWRWNDB08,23,2044,0.0060080534399229
REGION1,PWRWNDB08,24,2044,0.0811200720746342
REGION1,PWRWNDB08,25,2044,0.6133709429261642
REGION1,PWRWNDB08,26,2044,0.6552404761284284
REGION1,PWRWNDB08,27,2044,0.5794759309710448
REGION1,PWRWNDB08,28,2044,0.637545772418808
REGION1,PWRWNDB08,29,2044,0.5176069726955
REGION1,PWRWNDB08,30,2044,0.4947917143183971
REGION1,PWRWNDB08,31,2044,0.6639636466588884
REGION1,PWRWNDB08,32,2044,0.6896982265019777
REGION1,PWRWNDB08,33,2044,0.6863398526215141
REGION1,PWRWNDB08,34,2044,0.5274315630094699
REGION1,PWRWNDB08,35,2044,0.657489467400347
REGION1,PWRWNDB08,36,2044,0.4663615964871546
REGION1,PWRWNDB08,37,2044,0.5152988612525816
REGION1,PWRWNDB08,38,2044,0.6771916840350533
REGION1,PWRWNDB08,39,2044,0.6710537751329303
REGION1,PWRWNDB08,40,2044,0.6174789204328214
REGION1,PWRWNDB08,1,2045,0.2360639936597978
REGION1,PWRWNDB08,2,2045,0.0457718748191544
REGION1,PWRWNDB08,3,2045,0.0518936026763852
REGION1,PWRWNDB08,4,2045,0.0049811538580698
REGION1,PWRWNDB08,5,2045,0.2623782099414189
REGION1,PWRWNDB08,6,2045,0.03985438620408
REGION1,PWRWNDB08,7,2045,0.0612124035976516
REGION1,PWRWNDB08,8,2045,0.2392503322239807
REGION1,PWRWNDB08,9,2045,0.6776934150344226
REGION1,PWRWNDB08,10,2045,0.6322127634866956
REGION1,PWRWNDB08,11,2045,0.2467364612862329
REGION1,PWRWNDB08,12,2045,0.3330935453265432
REGION1,PWRWNDB08,13,2045,0.6894621478965793
REGION1,PWRWNDB08,14,2045,0.5886279686961817
REGION1,PWRWNDB08,15,2045,0.1728239026513975
REGION1,PWRWNDB08,16,2045,0.3617378071026207
REGION1,PWRWNDB08,17,2045,0.6206477205257405
REGION1,PWRWNDB08,18,2045,0.4009144523082644
REGION1,PWRWNDB08,19,2045,0.284689299268476
REGION1,PWRWNDB08,20,2045,0.5977920424694578
REGION1,PWRWNDB08,21,2045,0.1122778398570627
REGION1,PWRWNDB08,22,2045,0.0294835694610014
REGION1,PWRWNDB08,23,2045,0.0060080534399229
REGION1,PWRWNDB08,24,2045,0.0811200720746342
REGION1,PWRWNDB08,25,2045,0.6133709429261642
REGION1,PWRWNDB08,26,2045,0.6552404761284284
REGION1,PWRWNDB08,27,2045,0.5794759309710448
REGION1,PWRWNDB08,28,2045,0.637545772418808
REGION1,PWRWNDB08,29,2045,0.5176069726955
REGION1,PWRWNDB08,30,2045,0.4947917143183971
REGION1,PWRWNDB08,31,2045,0.6639636466588884
REGION1,PWRWNDB08,32,2045,0.6896982265019777
REGION1,PWRWNDB08,33,2045,0.6863398526215141
REGION1,PWRWNDB08,34,2045,0.5274315630094699
REGION1,PWRWNDB08,35,2045,0.657489467400347
REGION1,PWRWNDB08,36,2045,0.4663615964871546
REGION1,PWRWNDB08,37,2045,0.5152988612525816
REGION1,PWRWNDB08,38,2045,0.6771916840350533
REGION1,PWRWNDB08,39,2045,0.6710537751329303
REGION1,PWRWNDB08,40,2045,0.6174789204328214
REGION1,PWRWNDB08,1,2046,0.2360639936597978
REGION1,PWRWNDB08,2,2046,0.0457718748191544
REGION1,PWRWNDB08,3,2046,0.0518936026763852
REGION1,PWRWNDB08,4,2046,0.0049811538580698
REGION1,PWRWNDB08,5,2046,0.2623782099414189
REGION1,PWRWNDB08,6,2046,0.03985438620408
REGION1,PWRWNDB08,7,2046,0.0612124035976516
REGION1,PWRWNDB08,8,2046,0.2392503322239807
REGION1,PWRWNDB08,9,2046,0.6776934150344226
REGION1,PWRWNDB08,10,2046,0.6322127634866956
REGION1,PWRWNDB08,11,2046,0.2467364612862329
REGION1,PWRWNDB08,12,2046,0.3330935453265432
REGION1,PWRWNDB08,13,2046,0.6894621478965793
REGION1,PWRWNDB08,14,2046,0.5886279686961817
REGION1,PWRWNDB08,15,2046,0.1728239026513975
REGION1,PWRWNDB08,16,2046,0.3617378071026207
REGION1,PWRWNDB08,17,2046,0.6206477205257405
REGION1,PWRWNDB08,18,2046,0.4009144523082644
REGION1,PWRWNDB08,19,2046,0.284689299268476
REGION1,PWRWNDB08,20,2046,0.5977920424694578
REGION1,PWRWNDB08,21,2046,0.1122778398570627
REGION1,PWRWNDB08,22,2046,0.0294835694610014
REGION1,PWRWNDB08,23,2046,0.0060080534399229
REGION1,PWRWNDB08,24,2046,0.0811200720746342
REGION1,PWRWNDB08,25,2046,0.6133709429261642
REGION1,PWRWNDB08,26,2046,0.6552404761284284
REGION1,PWRWNDB08,27,2046,0.5794759309710448
REGION1,PWRWNDB08,28,2046,0.637545772418808
REGION1,PWRWNDB08,29,2046,0.5176069726955
REGION1,PWRWNDB08,30,2046,0.4947917143183971
REGION1,PWRWNDB08,31,2046,0.6639636466588884
REGION1,PWRWNDB08,32,2046,0.6896982265019777
REGION1,PWRWNDB08,33,2046,0.6863398526215141
REGION1,PWRWNDB08,34,2046,0.5274315630094699
REGION1,PWRWNDB08,35,2046,0.657489467400347
REGION1,PWRWNDB08,36,2046,0.4663615964871546
REGION1,PWRWNDB08,37,2046,0.5152988612525816
REGION1,PWRWNDB08,38,2046,0.6771916840350533
REGION1,PWRWNDB08,39,2046,0.6710537751329303
REGION1,PWRWNDB08,40,2046,0.6174789204328214
REGION1,PWRWNDB08,1,2047,0.2360639936597978
REGION1,PWRWNDB08,2,2047,0.0457718748191544
REGION1,PWRWNDB08,3,2047,0.0518936026763852
REGION1,PWRWNDB08,4,2047,0.0049811538580698
REGION1,PWRWNDB08,5,2047,0.2623782099414189
REGION1,PWRWNDB08,6,2047,0.03985438620408
REGION1,PWRWNDB08,7,2047,0.0612124035976516
REGION1,PWRWNDB08,8,2047,0.2392503322239807
REGION1,PWRWNDB08,9,2047,0.6776934150344226
REGION1,PWRWNDB08,10,2047,0.6322127634866956
REGION1,PWRWNDB08,11,2047,0.2467364612862329
REGION1,PWRWNDB08,12,2047,0.3330935453265432
REGION1,PWRWNDB08,13,2047,0.6894621478965793
REGION1,PWRWNDB08,14,2047,0.5886279686961817
REGION1,PWRWNDB08,15,2047,0.1728239026513975
REGION1,PWRWNDB08,16,2047,0.3617378071026207
REGION1,PWRWNDB08,17,2047,0.6206477205257405
REGION1,PWRWNDB08,18,2047,0.4009144523082644
REGION1,PWRWNDB08,19,2047,0.284689299268476
REGION1,PWRWNDB08,20,2047,0.5977920424694578
REGION1,PWRWNDB08,21,2047,0.1122778398570627
REGION1,PWRWNDB08,22,2047,0.0294835694610014
REGION1,PWRWNDB08,23,2047,0.0060080534399229
REGION1,PWRWNDB08,24,2047,0.0811200720746342
REGION1,PWRWNDB08,25,2047,0.6133709429261642
REGION1,PWRWNDB08,26,2047,0.6552404761284284
REGION1,PWRWNDB08,27,2047,0.5794759309710448
REGION1,PWRWNDB08,28,2047,0.637545772418808
REGION1,PWRWNDB08,29,2047,0.5176069726955
REGION1,PWRWNDB08,30,2047,0.4947917143183971
REGION1,PWRWNDB08,31,2047,0.6639636466588884
REGION1,PWRWNDB08,32,2047,0.6896982265019777
REGION1,PWRWNDB08,33,2047,0.6863398526215141
REGION1,PWRWNDB08,34,2047,0.5274315630094699
REGION1,PWRWNDB08,35,2047,0.657489467400347
REGION1,PWRWNDB08,36,2047,0.4663615964871546
REGION1,PWRWNDB08,37,2047,0.5152988612525816
REGION1,PWRWNDB08,38,2047,0.6771916840350533
REGION1,PWRWNDB08,39,2047,0.6710537751329303
REGION1,PWRWNDB08,40,2047,0.6174789204328214
REGION1,PWRWNDB08,1,2048,0.2360639936597978
REGION1,PWRWNDB08,2,2048,0.0457718748191544
REGION1,PWRWNDB08,3,2048,0.0518936026763852
REGION1,PWRWNDB08,4,2048,0.0049811538580698
REGION1,PWRWNDB08,5,2048,0.2623782099414189
REGION1,PWRWNDB08,6,2048,0.03985438620408
REGION1,PWRWNDB08,7,2048,0.0612124035976516
REGION1,PWRWNDB08,8,2048,0.2392503322239807
REGION1,PWRWNDB08,9,2048,0.6776934150344226
REGION1,PWRWNDB08,10,2048,0.6322127634866956
REGION1,PWRWNDB08,11,2048,0.2467364612862329
REGION1,PWRWNDB08,12,2048,0.3330935453265432
REGION1,PWRWNDB08,13,2048,0.6894621478965793
REGION1,PWRWNDB08,14,2048,0.5886279686961817
REGION1,PWRWNDB08,15,2048,0.1728239026513975
REGION1,PWRWNDB08,16,2048,0.3617378071026207
REGION1,PWRWNDB08,17,2048,0.6206477205257405
REGION1,PWRWNDB08,18,2048,0.4009144523082644
REGION1,PWRWNDB08,19,2048,0.284689299268476
REGION1,PWRWNDB08,20,2048,0.5977920424694578
REGION1,PWRWNDB08,21,2048,0.1122778398570627
REGION1,PWRWNDB08,22,2048,0.0294835694610014
REGION1,PWRWNDB08,23,2048,0.0060080534399229
REGION1,PWRWNDB08,24,2048,0.0811200720746342
REGION1,PWRWNDB08,25,2048,0.6133709429261642
REGION1,PWRWNDB08,26,2048,0.6552404761284284
REGION1,PWRWNDB08,27,2048,0.5794759309710448
REGION1,PWRWNDB08,28,2048,0.637545772418808
REGION1,PWRWNDB08,29,2048,0.5176069726955
REGION1,PWRWNDB08,30,2048,0.4947917143183971
REGION1,PWRWNDB08,31,2048,0.6639636466588884
REGION1,PWRWNDB08,32,2048,0.6896982265019777
REGION1,PWRWNDB08,33,2048,0.6863398526215141
REGION1,PWRWNDB08,34,2048,0.5274315630094699
REGION1,PWRWNDB08,35,2048,0.657489467400347
REGION1,PWRWNDB08,36,2048,0.4663615964871546
REGION1,PWRWNDB08,37,2048,0.5152988612525816
REGION1,PWRWNDB08,38,2048,0.6771916840350533
REGION1,PWRWNDB08,39,2048,0.6710537751329303
REGION1,PWRWNDB08,40,2048,0.6174789204328214
REGION1,PWRWNDB08,1,2049,0.2360639936597978
REGION1,PWRWNDB08,2,2049,0.0457718748191544
REGION1,PWRWNDB08,3,2049,0.0518936026763852
REGION1,PWRWNDB08,4,2049,0.0049811538580698
REGION1,PWRWNDB08,5,2049,0.2623782099414189
REGION1,PWRWNDB08,6,2049,0.03985438620408
REGION1,PWRWNDB08,7,2049,0.0612124035976516
REGION1,PWRWNDB08,8,2049,0.2392503322239807
REGION1,PWRWNDB08,9,2049,0.6776934150344226
REGION1,PWRWNDB08,10,2049,0.6322127634866956
REGION1,PWRWNDB08,11,2049,0.2467364612862329
REGION1,PWRWNDB08,12,2049,0.3330935453265432
REGION1,PWRWNDB08,13,2049,0.6894621478965793
REGION1,PWRWNDB08,14,2049,0.5886279686961817
REGION1,PWRWNDB08,15,2049,0.1728239026513975
REGION1,PWRWNDB08,16,2049,0.3617378071026207
REGION1,PWRWNDB08,17,2049,0.6206477205257405
REGION1,PWRWNDB08,18,2049,0.4009144523082644
REGION1,PWRWNDB08,19,2049,0.284689299268476
REGION1,PWRWNDB08,20,2049,0.5977920424694578
REGION1,PWRWNDB08,21,2049,0.1122778398570627
REGION1,PWRWNDB08,22,2049,0.0294835694610014
REGION1,PWRWNDB08,23,2049,0.0060080534399229
REGION1,PWRWNDB08,24,2049,0.0811200720746342
REGION1,PWRWNDB08,25,2049,0.6133709429261642
REGION1,PWRWNDB08,26,2049,0.6552404761284284
REGION1,PWRWNDB08,27,2049,0.5794759309710448
REGION1,PWRWNDB08,28,2049,0.637545772418808
REGION1,PWRWNDB08,29,2049,0.5176069726955
REGION1,PWRWNDB08,30,2049,0.4947917143183971
REGION1,PWRWNDB08,31,2049,0.6639636466588884
REGION1,PWRWNDB08,32,2049,0.6896982265019777
REGION1,PWRWNDB08,33,2049,0.6863398526215141
REGION1,PWRWNDB08,34,2049,0.5274315630094699
REGION1,PWRWNDB08,35,2049,0.657489467400347
REGION1,PWRWNDB08,36,2049,0.4663615964871546
REGION1,PWRWNDB08,37,2049,0.5152988612525816
REGION1,PWRWNDB08,38,2049,0.6771916840350533
REGION1,PWRWNDB08,39,2049,0.6710537751329303
REGION1,PWRWNDB08,40,2049,0.6174789204328214
REGION1,PWRWNDB08,1,2050,0.2360639936597978
REGION1,PWRWNDB08,2,2050,0.0457718748191544
REGION1,PWRWNDB08,3,2050,0.0518936026763852
REGION1,PWRWNDB08,4,2050,0.0049811538580698
REGION1,PWRWNDB08,5,2050,0.2623782099414189
REGION1,PWRWNDB08,6,2050,0.03985438620408
REGION1,PWRWNDB08,7,2050,0.0612124035976516
REGION1,PWRWNDB08,8,2050,0.2392503322239807
REGION1,PWRWNDB08,9,2050,0.6776934150344226
REGION1,PWRWNDB08,10,2050,0.6322127634866956
REGION1,PWRWNDB08,11,2050,0.2467364612862329
REGION1,PWRWNDB08,12,2050,0.3330935453265432
REGION1,PWRWNDB08,13,2050,0.6894621478965793
REGION1,PWRWNDB08,14,2050,0.5886279686961817
REGION1,PWRWNDB08,15,2050,0.1728239026513975
REGION1,PWRWNDB08,16,2050,0.3617378071026207
REGION1,PWRWNDB08,17,2050,0.6206477205257405
REGION1,PWRWNDB08,18,2050,0.4009144523082644
REGION1,PWRWNDB08,19,2050,0.284689299268476
REGION1,PWRWNDB08,20,2050,0.5977920424694578
REGION1,PWRWNDB08,21,2050,0.1122778398570627
REGION1,PWRWNDB08,22,2050,0.0294835694610014
REGION1,PWRWNDB08,23,2050,0.0060080534399229
REGION1,PWRWNDB08,24,2050,0.0811200720746342
REGION1,PWRWNDB08,25,2050,0.6133709429261642
REGION1,PWRWNDB08,26,2050,0.6552404761284284
REGION1,PWRWNDB08,27,2050,0.5794759309710448
REGION1,PWRWNDB08,28,2050,0.637545772418808
REGION1,PWRWNDB08,29,2050,0.5176069726955
REGION1,PWRWNDB08,30,2050,0.4947917143183971
REGION1,PWRWNDB08,31,2050,0.6639636466588884
REGION1,PWRWNDB08,32,2050,0.6896982265019777
REGION1,PWRWNDB08,33,2050,0.6863398526215141
REGION1,PWRWNDB08,34,2050,0.5274315630094699
REGION1,PWRWNDB08,35,2050,0.657489467400347
REGION1,PWRWNDB08,36,2050,0.4663615964871546
REGION1,PWRWNDB08,37,2050,0.5152988612525816
REGION1,PWRWNDB08,38,2050,0.6771916840350533
REGION1,PWRWNDB08,39,2050,0.6710537751329303
REGION1,PWRWNDB08,40,2050,0.6174789204328214
REGION1,PWRWNDB09,1,2020,0.6458663315842189
REGION1,PWRWNDB09,2,2020,0.6171372158982977
REGION1,PWRWNDB09,3,2020,0.5765422466216449
REGION1,PWRWNDB09,4,2020,0.61744212753511
REGION1,PWRWNDB09,5,2020,0.4543327362414247
REGION1,PWRWNDB09,6,2020,0.3346098640766654
REGION1,PWRWNDB09,7,2020,0.3258503803015611
REGION1,PWRWNDB09,8,2020,0.5726894827581114
REGION1,PWRWNDB09,9,2020,0.2008805984980562
REGION1,PWRWNDB09,10,2020,0.1455923260436886
REGION1,PWRWNDB09,11,2020,0.1402467814788116
REGION1,PWRWNDB09,12,2020,0.2725341641665844
REGION1,PWRWNDB09,13,2020,0.4114916592406299
REGION1,PWRWNDB09,14,2020,0.218450877124017
REGION1,PWRWNDB09,15,2020,0.1428666555198822
REGION1,PWRWNDB09,16,2020,0.4620719856590667
REGION1,PWRWNDB09,17,2020,0.7079231725958705
REGION1,PWRWNDB09,18,2020,0.6857255630336251
REGION1,PWRWNDB09,19,2020,0.6934563516096311
REGION1,PWRWNDB09,20,2020,0.7169526325671302
REGION1,PWRWNDB09,21,2020,0.1593511214641923
REGION1,PWRWNDB09,22,2020,0.1897714898158471
REGION1,PWRWNDB09,23,2020,0.2240773389464431
REGION1,PWRWNDB09,24,2020,0.1874426472693099
REGION1,PWRWNDB09,25,2020,0.216669984997751
REGION1,PWRWNDB09,26,2020,0.306027788805832
REGION1,PWRWNDB09,27,2020,0.3752062729580037
REGION1,PWRWNDB09,28,2020,0.4592267897020836
REGION1,PWRWNDB09,29,2020,0.6227440224330786
REGION1,PWRWNDB09,30,2020,0.6674802169486952
REGION1,PWRWNDB09,31,2020,0.7015360772859602
REGION1,PWRWNDB09,32,2020,0.6768688206180276
REGION1,PWRWNDB09,33,2020,0.4329562691921651
REGION1,PWRWNDB09,34,2020,0.4295879470529454
REGION1,PWRWNDB09,35,2020,0.2828045066893596
REGION1,PWRWNDB09,36,2020,0.2206383221940773
REGION1,PWRWNDB09,37,2020,0.4911008927459024
REGION1,PWRWNDB09,38,2020,0.4876993092550676
REGION1,PWRWNDB09,39,2020,0.5161326329640606
REGION1,PWRWNDB09,40,2020,0.4556815051281555
REGION1,PWRWNDB09,1,2021,0.6458663315842189
REGION1,PWRWNDB09,2,2021,0.6171372158982977
REGION1,PWRWNDB09,3,2021,0.5765422466216449
REGION1,PWRWNDB09,4,2021,0.61744212753511
REGION1,PWRWNDB09,5,2021,0.4543327362414247
REGION1,PWRWNDB09,6,2021,0.3346098640766654
REGION1,PWRWNDB09,7,2021,0.3258503803015611
REGION1,PWRWNDB09,8,2021,0.5726894827581114
REGION1,PWRWNDB09,9,2021,0.2008805984980562
REGION1,PWRWNDB09,10,2021,0.1455923260436886
REGION1,PWRWNDB09,11,2021,0.1402467814788116
REGION1,PWRWNDB09,12,2021,0.2725341641665844
REGION1,PWRWNDB09,13,2021,0.4114916592406299
REGION1,PWRWNDB09,14,2021,0.218450877124017
REGION1,PWRWNDB09,15,2021,0.1428666555198822
REGION1,PWRWNDB09,16,2021,0.4620719856590667
REGION1,PWRWNDB09,17,2021,0.7079231725958705
REGION1,PWRWNDB09,18,2021,0.6857255630336251
REGION1,PWRWNDB09,19,2021,0.6934563516096311
REGION1,PWRWNDB09,20,2021,0.7169526325671302
REGION1,PWRWNDB09,21,2021,0.1593511214641923
REGION1,PWRWNDB09,22,2021,0.1897714898158471
REGION1,PWRWNDB09,23,2021,0.2240773389464431
REGION1,PWRWNDB09,24,2021,0.1874426472693099
REGION1,PWRWNDB09,25,2021,0.216669984997751
REGION1,PWRWNDB09,26,2021,0.306027788805832
REGION1,PWRWNDB09,27,2021,0.3752062729580037
REGION1,PWRWNDB09,28,2021,0.4592267897020836
REGION1,PWRWNDB09,29,2021,0.6227440224330786
REGION1,PWRWNDB09,30,2021,0.6674802169486952
REGION1,PWRWNDB09,31,2021,0.7015360772859602
REGION1,PWRWNDB09,32,2021,0.6768688206180276
REGION1,PWRWNDB09,33,2021,0.4329562691921651
REGION1,PWRWNDB09,34,2021,0.4295879470529454
REGION1,PWRWNDB09,35,2021,0.2828045066893596
REGION1,PWRWNDB09,36,2021,0.2206383221940773
REGION1,PWRWNDB09,37,2021,0.4911008927459024
REGION1,PWRWNDB09,38,2021,0.4876993092550676
REGION1,PWRWNDB09,39,2021,0.5161326329640606
REGION1,PWRWNDB09,40,2021,0.4556815051281555
REGION1,PWRWNDB09,1,2022,0.6458663315842189
REGION1,PWRWNDB09,2,2022,0.6171372158982977
REGION1,PWRWNDB09,3,2022,0.5765422466216449
REGION1,PWRWNDB09,4,2022,0.61744212753511
REGION1,PWRWNDB09,5,2022,0.4543327362414247
REGION1,PWRWNDB09,6,2022,0.3346098640766654
REGION1,PWRWNDB09,7,2022,0.3258503803015611
REGION1,PWRWNDB09,8,2022,0.5726894827581114
REGION1,PWRWNDB09,9,2022,0.2008805984980562
REGION1,PWRWNDB09,10,2022,0.1455923260436886
REGION1,PWRWNDB09,11,2022,0.1402467814788116
REGION1,PWRWNDB09,12,2022,0.2725341641665844
REGION1,PWRWNDB09,13,2022,0.4114916592406299
REGION1,PWRWNDB09,14,2022,0.218450877124017
REGION1,PWRWNDB09,15,2022,0.1428666555198822
REGION1,PWRWNDB09,16,2022,0.4620719856590667
REGION1,PWRWNDB09,17,2022,0.7079231725958705
REGION1,PWRWNDB09,18,2022,0.6857255630336251
REGION1,PWRWNDB09,19,2022,0.6934563516096311
REGION1,PWRWNDB09,20,2022,0.7169526325671302
REGION1,PWRWNDB09,21,2022,0.1593511214641923
REGION1,PWRWNDB09,22,2022,0.1897714898158471
REGION1,PWRWNDB09,23,2022,0.2240773389464431
REGION1,PWRWNDB09,24,2022,0.1874426472693099
REGION1,PWRWNDB09,25,2022,0.216669984997751
REGION1,PWRWNDB09,26,2022,0.306027788805832
REGION1,PWRWNDB09,27,2022,0.3752062729580037
REGION1,PWRWNDB09,28,2022,0.4592267897020836
REGION1,PWRWNDB09,29,2022,0.6227440224330786
REGION1,PWRWNDB09,30,2022,0.6674802169486952
REGION1,PWRWNDB09,31,2022,0.7015360772859602
REGION1,PWRWNDB09,32,2022,0.6768688206180276
REGION1,PWRWNDB09,33,2022,0.4329562691921651
REGION1,PWRWNDB09,34,2022,0.4295879470529454
REGION1,PWRWNDB09,35,2022,0.2828045066893596
REGION1,PWRWNDB09,36,2022,0.2206383221940773
REGION1,PWRWNDB09,37,2022,0.4911008927459024
REGION1,PWRWNDB09,38,2022,0.4876993092550676
REGION1,PWRWNDB09,39,2022,0.5161326329640606
REGION1,PWRWNDB09,40,2022,0.4556815051281555
REGION1,PWRWNDB09,1,2023,0.6458663315842189
REGION1,PWRWNDB09,2,2023,0.6171372158982977
REGION1,PWRWNDB09,3,2023,0.5765422466216449
REGION1,PWRWNDB09,4,2023,0.61744212753511
REGION1,PWRWNDB09,5,2023,0.4543327362414247
REGION1,PWRWNDB09,6,2023,0.3346098640766654
REGION1,PWRWNDB09,7,2023,0.3258503803015611
REGION1,PWRWNDB09,8,2023,0.5726894827581114
REGION1,PWRWNDB09,9,2023,0.2008805984980562
REGION1,PWRWNDB09,10,2023,0.1455923260436886
REGION1,PWRWNDB09,11,2023,0.1402467814788116
REGION1,PWRWNDB09,12,2023,0.2725341641665844
REGION1,PWRWNDB09,13,2023,0.4114916592406299
REGION1,PWRWNDB09,14,2023,0.218450877124017
REGION1,PWRWNDB09,15,2023,0.1428666555198822
REGION1,PWRWNDB09,16,2023,0.4620719856590667
REGION1,PWRWNDB09,17,2023,0.7079231725958705
REGION1,PWRWNDB09,18,2023,0.6857255630336251
REGION1,PWRWNDB09,19,2023,0.6934563516096311
REGION1,PWRWNDB09,20,2023,0.7169526325671302
REGION1,PWRWNDB09,21,2023,0.1593511214641923
REGION1,PWRWNDB09,22,2023,0.1897714898158471
REGION1,PWRWNDB09,23,2023,0.2240773389464431
REGION1,PWRWNDB09,24,2023,0.1874426472693099
REGION1,PWRWNDB09,25,2023,0.216669984997751
REGION1,PWRWNDB09,26,2023,0.306027788805832
REGION1,PWRWNDB09,27,2023,0.3752062729580037
REGION1,PWRWNDB09,28,2023,0.4592267897020836
REGION1,PWRWNDB09,29,2023,0.6227440224330786
REGION1,PWRWNDB09,30,2023,0.6674802169486952
REGION1,PWRWNDB09,31,2023,0.7015360772859602
REGION1,PWRWNDB09,32,2023,0.6768688206180276
REGION1,PWRWNDB09,33,2023,0.4329562691921651
REGION1,PWRWNDB09,34,2023,0.4295879470529454
REGION1,PWRWNDB09,35,2023,0.2828045066893596
REGION1,PWRWNDB09,36,2023,0.2206383221940773
REGION1,PWRWNDB09,37,2023,0.4911008927459024
REGION1,PWRWNDB09,38,2023,0.4876993092550676
REGION1,PWRWNDB09,39,2023,0.5161326329640606
REGION1,PWRWNDB09,40,2023,0.4556815051281555
REGION1,PWRWNDB09,1,2024,0.6458663315842189
REGION1,PWRWNDB09,2,2024,0.6171372158982977
REGION1,PWRWNDB09,3,2024,0.5765422466216449
REGION1,PWRWNDB09,4,2024,0.61744212753511
REGION1,PWRWNDB09,5,2024,0.4543327362414247
REGION1,PWRWNDB09,6,2024,0.3346098640766654
REGION1,PWRWNDB09,7,2024,0.3258503803015611
REGION1,PWRWNDB09,8,2024,0.5726894827581114
REGION1,PWRWNDB09,9,2024,0.2008805984980562
REGION1,PWRWNDB09,10,2024,0.1455923260436886
REGION1,PWRWNDB09,11,2024,0.1402467814788116
REGION1,PWRWNDB09,12,2024,0.2725341641665844
REGION1,PWRWNDB09,13,2024,0.4114916592406299
REGION1,PWRWNDB09,14,2024,0.218450877124017
REGION1,PWRWNDB09,15,2024,0.1428666555198822
REGION1,PWRWNDB09,16,2024,0.4620719856590667
REGION1,PWRWNDB09,17,2024,0.7079231725958705
REGION1,PWRWNDB09,18,2024,0.6857255630336251
REGION1,PWRWNDB09,19,2024,0.6934563516096311
REGION1,PWRWNDB09,20,2024,0.7169526325671302
REGION1,PWRWNDB09,21,2024,0.1593511214641923
REGION1,PWRWNDB09,22,2024,0.1897714898158471
REGION1,PWRWNDB09,23,2024,0.2240773389464431
REGION1,PWRWNDB09,24,2024,0.1874426472693099
REGION1,PWRWNDB09,25,2024,0.216669984997751
REGION1,PWRWNDB09,26,2024,0.306027788805832
REGION1,PWRWNDB09,27,2024,0.3752062729580037
REGION1,PWRWNDB09,28,2024,0.4592267897020836
REGION1,PWRWNDB09,29,2024,0.6227440224330786
REGION1,PWRWNDB09,30,2024,0.6674802169486952
REGION1,PWRWNDB09,31,2024,0.7015360772859602
REGION1,PWRWNDB09,32,2024,0.6768688206180276
REGION1,PWRWNDB09,33,2024,0.4329562691921651
REGION1,PWRWNDB09,34,2024,0.4295879470529454
REGION1,PWRWNDB09,35,2024,0.2828045066893596
REGION1,PWRWNDB09,36,2024,0.2206383221940773
REGION1,PWRWNDB09,37,2024,0.4911008927459024
REGION1,PWRWNDB09,38,2024,0.4876993092550676
REGION1,PWRWNDB09,39,2024,0.5161326329640606
REGION1,PWRWNDB09,40,2024,0.4556815051281555
REGION1,PWRWNDB09,1,2025,0.6458663315842189
REGION1,PWRWNDB09,2,2025,0.6171372158982977
REGION1,PWRWNDB09,3,2025,0.5765422466216449
REGION1,PWRWNDB09,4,2025,0.61744212753511
REGION1,PWRWNDB09,5,2025,0.4543327362414247
REGION1,PWRWNDB09,6,2025,0.3346098640766654
REGION1,PWRWNDB09,7,2025,0.3258503803015611
REGION1,PWRWNDB09,8,2025,0.5726894827581114
REGION1,PWRWNDB09,9,2025,0.2008805984980562
REGION1,PWRWNDB09,10,2025,0.1455923260436886
REGION1,PWRWNDB09,11,2025,0.1402467814788116
REGION1,PWRWNDB09,12,2025,0.2725341641665844
REGION1,PWRWNDB09,13,2025,0.4114916592406299
REGION1,PWRWNDB09,14,2025,0.218450877124017
REGION1,PWRWNDB09,15,2025,0.1428666555198822
REGION1,PWRWNDB09,16,2025,0.4620719856590667
REGION1,PWRWNDB09,17,2025,0.7079231725958705
REGION1,PWRWNDB09,18,2025,0.6857255630336251
REGION1,PWRWNDB09,19,2025,0.6934563516096311
REGION1,PWRWNDB09,20,2025,0.7169526325671302
REGION1,PWRWNDB09,21,2025,0.1593511214641923
REGION1,PWRWNDB09,22,2025,0.1897714898158471
REGION1,PWRWNDB09,23,2025,0.2240773389464431
REGION1,PWRWNDB09,24,2025,0.1874426472693099
REGION1,PWRWNDB09,25,2025,0.216669984997751
REGION1,PWRWNDB09,26,2025,0.306027788805832
REGION1,PWRWNDB09,27,2025,0.3752062729580037
REGION1,PWRWNDB09,28,2025,0.4592267897020836
REGION1,PWRWNDB09,29,2025,0.6227440224330786
REGION1,PWRWNDB09,30,2025,0.6674802169486952
REGION1,PWRWNDB09,31,2025,0.7015360772859602
REGION1,PWRWNDB09,32,2025,0.6768688206180276
REGION1,PWRWNDB09,33,2025,0.4329562691921651
REGION1,PWRWNDB09,34,2025,0.4295879470529454
REGION1,PWRWNDB09,35,2025,0.2828045066893596
REGION1,PWRWNDB09,36,2025,0.2206383221940773
REGION1,PWRWNDB09,37,2025,0.4911008927459024
REGION1,PWRWNDB09,38,2025,0.4876993092550676
REGION1,PWRWNDB09,39,2025,0.5161326329640606
REGION1,PWRWNDB09,40,2025,0.4556815051281555
REGION1,PWRWNDB09,1,2026,0.6458663315842189
REGION1,PWRWNDB09,2,2026,0.6171372158982977
REGION1,PWRWNDB09,3,2026,0.5765422466216449
REGION1,PWRWNDB09,4,2026,0.61744212753511
REGION1,PWRWNDB09,5,2026,0.4543327362414247
REGION1,PWRWNDB09,6,2026,0.3346098640766654
REGION1,PWRWNDB09,7,2026,0.3258503803015611
REGION1,PWRWNDB09,8,2026,0.5726894827581114
REGION1,PWRWNDB09,9,2026,0.2008805984980562
REGION1,PWRWNDB09,10,2026,0.1455923260436886
REGION1,PWRWNDB09,11,2026,0.1402467814788116
REGION1,PWRWNDB09,12,2026,0.2725341641665844
REGION1,PWRWNDB09,13,2026,0.4114916592406299
REGION1,PWRWNDB09,14,2026,0.218450877124017
REGION1,PWRWNDB09,15,2026,0.1428666555198822
REGION1,PWRWNDB09,16,2026,0.4620719856590667
REGION1,PWRWNDB09,17,2026,0.7079231725958705
REGION1,PWRWNDB09,18,2026,0.6857255630336251
REGION1,PWRWNDB09,19,2026,0.6934563516096311
REGION1,PWRWNDB09,20,2026,0.7169526325671302
REGION1,PWRWNDB09,21,2026,0.1593511214641923
REGION1,PWRWNDB09,22,2026,0.1897714898158471
REGION1,PWRWNDB09,23,2026,0.2240773389464431
REGION1,PWRWNDB09,24,2026,0.1874426472693099
REGION1,PWRWNDB09,25,2026,0.216669984997751
REGION1,PWRWNDB09,26,2026,0.306027788805832
REGION1,PWRWNDB09,27,2026,0.3752062729580037
REGION1,PWRWNDB09,28,2026,0.4592267897020836
REGION1,PWRWNDB09,29,2026,0.6227440224330786
REGION1,PWRWNDB09,30,2026,0.6674802169486952
REGION1,PWRWNDB09,31,2026,0.7015360772859602
REGION1,PWRWNDB09,32,2026,0.6768688206180276
REGION1,PWRWNDB09,33,2026,0.4329562691921651
REGION1,PWRWNDB09,34,2026,0.4295879470529454
REGION1,PWRWNDB09,35,2026,0.2828045066893596
REGION1,PWRWNDB09,36,2026,0.2206383221940773
REGION1,PWRWNDB09,37,2026,0.4911008927459024
REGION1,PWRWNDB09,38,2026,0.4876993092550676
REGION1,PWRWNDB09,39,2026,0.5161326329640606
REGION1,PWRWNDB09,40,2026,0.4556815051281555
REGION1,PWRWNDB09,1,2027,0.6458663315842189
REGION1,PWRWNDB09,2,2027,0.6171372158982977
REGION1,PWRWNDB09,3,2027,0.5765422466216449
REGION1,PWRWNDB09,4,2027,0.61744212753511
REGION1,PWRWNDB09,5,2027,0.4543327362414247
REGION1,PWRWNDB09,6,2027,0.3346098640766654
REGION1,PWRWNDB09,7,2027,0.3258503803015611
REGION1,PWRWNDB09,8,2027,0.5726894827581114
REGION1,PWRWNDB09,9,2027,0.2008805984980562
REGION1,PWRWNDB09,10,2027,0.1455923260436886
REGION1,PWRWNDB09,11,2027,0.1402467814788116
REGION1,PWRWNDB09,12,2027,0.2725341641665844
REGION1,PWRWNDB09,13,2027,0.4114916592406299
REGION1,PWRWNDB09,14,2027,0.218450877124017
REGION1,PWRWNDB09,15,2027,0.1428666555198822
REGION1,PWRWNDB09,16,2027,0.4620719856590667
REGION1,PWRWNDB09,17,2027,0.7079231725958705
REGION1,PWRWNDB09,18,2027,0.6857255630336251
REGION1,PWRWNDB09,19,2027,0.6934563516096311
REGION1,PWRWNDB09,20,2027,0.7169526325671302
REGION1,PWRWNDB09,21,2027,0.1593511214641923
REGION1,PWRWNDB09,22,2027,0.1897714898158471
REGION1,PWRWNDB09,23,2027,0.2240773389464431
REGION1,PWRWNDB09,24,2027,0.1874426472693099
REGION1,PWRWNDB09,25,2027,0.216669984997751
REGION1,PWRWNDB09,26,2027,0.306027788805832
REGION1,PWRWNDB09,27,2027,0.3752062729580037
REGION1,PWRWNDB09,28,2027,0.4592267897020836
REGION1,PWRWNDB09,29,2027,0.6227440224330786
REGION1,PWRWNDB09,30,2027,0.6674802169486952
REGION1,PWRWNDB09,31,2027,0.7015360772859602
REGION1,PWRWNDB09,32,2027,0.6768688206180276
REGION1,PWRWNDB09,33,2027,0.4329562691921651
REGION1,PWRWNDB09,34,2027,0.4295879470529454
REGION1,PWRWNDB09,35,2027,0.2828045066893596
REGION1,PWRWNDB09,36,2027,0.2206383221940773
REGION1,PWRWNDB09,37,2027,0.4911008927459024
REGION1,PWRWNDB09,38,2027,0.4876993092550676
REGION1,PWRWNDB09,39,2027,0.5161326329640606
REGION1,PWRWNDB09,40,2027,0.4556815051281555
REGION1,PWRWNDB09,1,2028,0.6458663315842189
REGION1,PWRWNDB09,2,2028,0.6171372158982977
REGION1,PWRWNDB09,3,2028,0.5765422466216449
REGION1,PWRWNDB09,4,2028,0.61744212753511
REGION1,PWRWNDB09,5,2028,0.4543327362414247
REGION1,PWRWNDB09,6,2028,0.3346098640766654
REGION1,PWRWNDB09,7,2028,0.3258503803015611
REGION1,PWRWNDB09,8,2028,0.5726894827581114
REGION1,PWRWNDB09,9,2028,0.2008805984980562
REGION1,PWRWNDB09,10,2028,0.1455923260436886
REGION1,PWRWNDB09,11,2028,0.1402467814788116
REGION1,PWRWNDB09,12,2028,0.2725341641665844
REGION1,PWRWNDB09,13,2028,0.4114916592406299
REGION1,PWRWNDB09,14,2028,0.218450877124017
REGION1,PWRWNDB09,15,2028,0.1428666555198822
REGION1,PWRWNDB09,16,2028,0.4620719856590667
REGION1,PWRWNDB09,17,2028,0.7079231725958705
REGION1,PWRWNDB09,18,2028,0.6857255630336251
REGION1,PWRWNDB09,19,2028,0.6934563516096311
REGION1,PWRWNDB09,20,2028,0.7169526325671302
REGION1,PWRWNDB09,21,2028,0.1593511214641923
REGION1,PWRWNDB09,22,2028,0.1897714898158471
REGION1,PWRWNDB09,23,2028,0.2240773389464431
REGION1,PWRWNDB09,24,2028,0.1874426472693099
REGION1,PWRWNDB09,25,2028,0.216669984997751
REGION1,PWRWNDB09,26,2028,0.306027788805832
REGION1,PWRWNDB09,27,2028,0.3752062729580037
REGION1,PWRWNDB09,28,2028,0.4592267897020836
REGION1,PWRWNDB09,29,2028,0.6227440224330786
REGION1,PWRWNDB09,30,2028,0.6674802169486952
REGION1,PWRWNDB09,31,2028,0.7015360772859602
REGION1,PWRWNDB09,32,2028,0.6768688206180276
REGION1,PWRWNDB09,33,2028,0.4329562691921651
REGION1,PWRWNDB09,34,2028,0.4295879470529454
REGION1,PWRWNDB09,35,2028,0.2828045066893596
REGION1,PWRWNDB09,36,2028,0.2206383221940773
REGION1,PWRWNDB09,37,2028,0.4911008927459024
REGION1,PWRWNDB09,38,2028,0.4876993092550676
REGION1,PWRWNDB09,39,2028,0.5161326329640606
REGION1,PWRWNDB09,40,2028,0.4556815051281555
REGION1,PWRWNDB09,1,2029,0.6458663315842189
REGION1,PWRWNDB09,2,2029,0.6171372158982977
REGION1,PWRWNDB09,3,2029,0.5765422466216449
REGION1,PWRWNDB09,4,2029,0.61744212753511
REGION1,PWRWNDB09,5,2029,0.4543327362414247
REGION1,PWRWNDB09,6,2029,0.3346098640766654
REGION1,PWRWNDB09,7,2029,0.3258503803015611
REGION1,PWRWNDB09,8,2029,0.5726894827581114
REGION1,PWRWNDB09,9,2029,0.2008805984980562
REGION1,PWRWNDB09,10,2029,0.1455923260436886
REGION1,PWRWNDB09,11,2029,0.1402467814788116
REGION1,PWRWNDB09,12,2029,0.2725341641665844
REGION1,PWRWNDB09,13,2029,0.4114916592406299
REGION1,PWRWNDB09,14,2029,0.218450877124017
REGION1,PWRWNDB09,15,2029,0.1428666555198822
REGION1,PWRWNDB09,16,2029,0.4620719856590667
REGION1,PWRWNDB09,17,2029,0.7079231725958705
REGION1,PWRWNDB09,18,2029,0.6857255630336251
REGION1,PWRWNDB09,19,2029,0.6934563516096311
REGION1,PWRWNDB09,20,2029,0.7169526325671302
REGION1,PWRWNDB09,21,2029,0.1593511214641923
REGION1,PWRWNDB09,22,2029,0.1897714898158471
REGION1,PWRWNDB09,23,2029,0.2240773389464431
REGION1,PWRWNDB09,24,2029,0.1874426472693099
REGION1,PWRWNDB09,25,2029,0.216669984997751
REGION1,PWRWNDB09,26,2029,0.306027788805832
REGION1,PWRWNDB09,27,2029,0.3752062729580037
REGION1,PWRWNDB09,28,2029,0.4592267897020836
REGION1,PWRWNDB09,29,2029,0.6227440224330786
REGION1,PWRWNDB09,30,2029,0.6674802169486952
REGION1,PWRWNDB09,31,2029,0.7015360772859602
REGION1,PWRWNDB09,32,2029,0.6768688206180276
REGION1,PWRWNDB09,33,2029,0.4329562691921651
REGION1,PWRWNDB09,34,2029,0.4295879470529454
REGION1,PWRWNDB09,35,2029,0.2828045066893596
REGION1,PWRWNDB09,36,2029,0.2206383221940773
REGION1,PWRWNDB09,37,2029,0.4911008927459024
REGION1,PWRWNDB09,38,2029,0.4876993092550676
REGION1,PWRWNDB09,39,2029,0.5161326329640606
REGION1,PWRWNDB09,40,2029,0.4556815051281555
REGION1,PWRWNDB09,1,2030,0.6458663315842189
REGION1,PWRWNDB09,2,2030,0.6171372158982977
REGION1,PWRWNDB09,3,2030,0.5765422466216449
REGION1,PWRWNDB09,4,2030,0.61744212753511
REGION1,PWRWNDB09,5,2030,0.4543327362414247
REGION1,PWRWNDB09,6,2030,0.3346098640766654
REGION1,PWRWNDB09,7,2030,0.3258503803015611
REGION1,PWRWNDB09,8,2030,0.5726894827581114
REGION1,PWRWNDB09,9,2030,0.2008805984980562
REGION1,PWRWNDB09,10,2030,0.1455923260436886
REGION1,PWRWNDB09,11,2030,0.1402467814788116
REGION1,PWRWNDB09,12,2030,0.2725341641665844
REGION1,PWRWNDB09,13,2030,0.4114916592406299
REGION1,PWRWNDB09,14,2030,0.218450877124017
REGION1,PWRWNDB09,15,2030,0.1428666555198822
REGION1,PWRWNDB09,16,2030,0.4620719856590667
REGION1,PWRWNDB09,17,2030,0.7079231725958705
REGION1,PWRWNDB09,18,2030,0.6857255630336251
REGION1,PWRWNDB09,19,2030,0.6934563516096311
REGION1,PWRWNDB09,20,2030,0.7169526325671302
REGION1,PWRWNDB09,21,2030,0.1593511214641923
REGION1,PWRWNDB09,22,2030,0.1897714898158471
REGION1,PWRWNDB09,23,2030,0.2240773389464431
REGION1,PWRWNDB09,24,2030,0.1874426472693099
REGION1,PWRWNDB09,25,2030,0.216669984997751
REGION1,PWRWNDB09,26,2030,0.306027788805832
REGION1,PWRWNDB09,27,2030,0.3752062729580037
REGION1,PWRWNDB09,28,2030,0.4592267897020836
REGION1,PWRWNDB09,29,2030,0.6227440224330786
REGION1,PWRWNDB09,30,2030,0.6674802169486952
REGION1,PWRWNDB09,31,2030,0.7015360772859602
REGION1,PWRWNDB09,32,2030,0.6768688206180276
REGION1,PWRWNDB09,33,2030,0.4329562691921651
REGION1,PWRWNDB09,34,2030,0.4295879470529454
REGION1,PWRWNDB09,35,2030,0.2828045066893596
REGION1,PWRWNDB09,36,2030,0.2206383221940773
REGION1,PWRWNDB09,37,2030,0.4911008927459024
REGION1,PWRWNDB09,38,2030,0.4876993092550676
REGION1,PWRWNDB09,39,2030,0.5161326329640606
REGION1,PWRWNDB09,40,2030,0.4556815051281555
REGION1,PWRWNDB09,1,2031,0.6458663315842189
REGION1,PWRWNDB09,2,2031,0.6171372158982977
REGION1,PWRWNDB09,3,2031,0.5765422466216449
REGION1,PWRWNDB09,4,2031,0.61744212753511
REGION1,PWRWNDB09,5,2031,0.4543327362414247
REGION1,PWRWNDB09,6,2031,0.3346098640766654
REGION1,PWRWNDB09,7,2031,0.3258503803015611
REGION1,PWRWNDB09,8,2031,0.5726894827581114
REGION1,PWRWNDB09,9,2031,0.2008805984980562
REGION1,PWRWNDB09,10,2031,0.1455923260436886
REGION1,PWRWNDB09,11,2031,0.1402467814788116
REGION1,PWRWNDB09,12,2031,0.2725341641665844
REGION1,PWRWNDB09,13,2031,0.4114916592406299
REGION1,PWRWNDB09,14,2031,0.218450877124017
REGION1,PWRWNDB09,15,2031,0.1428666555198822
REGION1,PWRWNDB09,16,2031,0.4620719856590667
REGION1,PWRWNDB09,17,2031,0.7079231725958705
REGION1,PWRWNDB09,18,2031,0.6857255630336251
REGION1,PWRWNDB09,19,2031,0.6934563516096311
REGION1,PWRWNDB09,20,2031,0.7169526325671302
REGION1,PWRWNDB09,21,2031,0.1593511214641923
REGION1,PWRWNDB09,22,2031,0.1897714898158471
REGION1,PWRWNDB09,23,2031,0.2240773389464431
REGION1,PWRWNDB09,24,2031,0.1874426472693099
REGION1,PWRWNDB09,25,2031,0.216669984997751
REGION1,PWRWNDB09,26,2031,0.306027788805832
REGION1,PWRWNDB09,27,2031,0.3752062729580037
REGION1,PWRWNDB09,28,2031,0.4592267897020836
REGION1,PWRWNDB09,29,2031,0.6227440224330786
REGION1,PWRWNDB09,30,2031,0.6674802169486952
REGION1,PWRWNDB09,31,2031,0.7015360772859602
REGION1,PWRWNDB09,32,2031,0.6768688206180276
REGION1,PWRWNDB09,33,2031,0.4329562691921651
REGION1,PWRWNDB09,34,2031,0.4295879470529454
REGION1,PWRWNDB09,35,2031,0.2828045066893596
REGION1,PWRWNDB09,36,2031,0.2206383221940773
REGION1,PWRWNDB09,37,2031,0.4911008927459024
REGION1,PWRWNDB09,38,2031,0.4876993092550676
REGION1,PWRWNDB09,39,2031,0.5161326329640606
REGION1,PWRWNDB09,40,2031,0.4556815051281555
REGION1,PWRWNDB09,1,2032,0.6458663315842189
REGION1,PWRWNDB09,2,2032,0.6171372158982977
REGION1,PWRWNDB09,3,2032,0.5765422466216449
REGION1,PWRWNDB09,4,2032,0.61744212753511
REGION1,PWRWNDB09,5,2032,0.4543327362414247
REGION1,PWRWNDB09,6,2032,0.3346098640766654
REGION1,PWRWNDB09,7,2032,0.3258503803015611
REGION1,PWRWNDB09,8,2032,0.5726894827581114
REGION1,PWRWNDB09,9,2032,0.2008805984980562
REGION1,PWRWNDB09,10,2032,0.1455923260436886
REGION1,PWRWNDB09,11,2032,0.1402467814788116
REGION1,PWRWNDB09,12,2032,0.2725341641665844
REGION1,PWRWNDB09,13,2032,0.4114916592406299
REGION1,PWRWNDB09,14,2032,0.218450877124017
REGION1,PWRWNDB09,15,2032,0.1428666555198822
REGION1,PWRWNDB09,16,2032,0.4620719856590667
REGION1,PWRWNDB09,17,2032,0.7079231725958705
REGION1,PWRWNDB09,18,2032,0.6857255630336251
REGION1,PWRWNDB09,19,2032,0.6934563516096311
REGION1,PWRWNDB09,20,2032,0.7169526325671302
REGION1,PWRWNDB09,21,2032,0.1593511214641923
REGION1,PWRWNDB09,22,2032,0.1897714898158471
REGION1,PWRWNDB09,23,2032,0.2240773389464431
REGION1,PWRWNDB09,24,2032,0.1874426472693099
REGION1,PWRWNDB09,25,2032,0.216669984997751
REGION1,PWRWNDB09,26,2032,0.306027788805832
REGION1,PWRWNDB09,27,2032,0.3752062729580037
REGION1,PWRWNDB09,28,2032,0.4592267897020836
REGION1,PWRWNDB09,29,2032,0.6227440224330786
REGION1,PWRWNDB09,30,2032,0.6674802169486952
REGION1,PWRWNDB09,31,2032,0.7015360772859602
REGION1,PWRWNDB09,32,2032,0.6768688206180276
REGION1,PWRWNDB09,33,2032,0.4329562691921651
REGION1,PWRWNDB09,34,2032,0.4295879470529454
REGION1,PWRWNDB09,35,2032,0.2828045066893596
REGION1,PWRWNDB09,36,2032,0.2206383221940773
REGION1,PWRWNDB09,37,2032,0.4911008927459024
REGION1,PWRWNDB09,38,2032,0.4876993092550676
REGION1,PWRWNDB09,39,2032,0.5161326329640606
REGION1,PWRWNDB09,40,2032,0.4556815051281555
REGION1,PWRWNDB09,1,2033,0.6458663315842189
REGION1,PWRWNDB09,2,2033,0.6171372158982977
REGION1,PWRWNDB09,3,2033,0.5765422466216449
REGION1,PWRWNDB09,4,2033,0.61744212753511
REGION1,PWRWNDB09,5,2033,0.4543327362414247
REGION1,PWRWNDB09,6,2033,0.3346098640766654
REGION1,PWRWNDB09,7,2033,0.3258503803015611
REGION1,PWRWNDB09,8,2033,0.5726894827581114
REGION1,PWRWNDB09,9,2033,0.2008805984980562
REGION1,PWRWNDB09,10,2033,0.1455923260436886
REGION1,PWRWNDB09,11,2033,0.1402467814788116
REGION1,PWRWNDB09,12,2033,0.2725341641665844
REGION1,PWRWNDB09,13,2033,0.4114916592406299
REGION1,PWRWNDB09,14,2033,0.218450877124017
REGION1,PWRWNDB09,15,2033,0.1428666555198822
REGION1,PWRWNDB09,16,2033,0.4620719856590667
REGION1,PWRWNDB09,17,2033,0.7079231725958705
REGION1,PWRWNDB09,18,2033,0.6857255630336251
REGION1,PWRWNDB09,19,2033,0.6934563516096311
REGION1,PWRWNDB09,20,2033,0.7169526325671302
REGION1,PWRWNDB09,21,2033,0.1593511214641923
REGION1,PWRWNDB09,22,2033,0.1897714898158471
REGION1,PWRWNDB09,23,2033,0.2240773389464431
REGION1,PWRWNDB09,24,2033,0.1874426472693099
REGION1,PWRWNDB09,25,2033,0.216669984997751
REGION1,PWRWNDB09,26,2033,0.306027788805832
REGION1,PWRWNDB09,27,2033,0.3752062729580037
REGION1,PWRWNDB09,28,2033,0.4592267897020836
REGION1,PWRWNDB09,29,2033,0.6227440224330786
REGION1,PWRWNDB09,30,2033,0.6674802169486952
REGION1,PWRWNDB09,31,2033,0.7015360772859602
REGION1,PWRWNDB09,32,2033,0.6768688206180276
REGION1,PWRWNDB09,33,2033,0.4329562691921651
REGION1,PWRWNDB09,34,2033,0.4295879470529454
REGION1,PWRWNDB09,35,2033,0.2828045066893596
REGION1,PWRWNDB09,36,2033,0.2206383221940773
REGION1,PWRWNDB09,37,2033,0.4911008927459024
REGION1,PWRWNDB09,38,2033,0.4876993092550676
REGION1,PWRWNDB09,39,2033,0.5161326329640606
REGION1,PWRWNDB09,40,2033,0.4556815051281555
REGION1,PWRWNDB09,1,2034,0.6458663315842189
REGION1,PWRWNDB09,2,2034,0.6171372158982977
REGION1,PWRWNDB09,3,2034,0.5765422466216449
REGION1,PWRWNDB09,4,2034,0.61744212753511
REGION1,PWRWNDB09,5,2034,0.4543327362414247
REGION1,PWRWNDB09,6,2034,0.3346098640766654
REGION1,PWRWNDB09,7,2034,0.3258503803015611
REGION1,PWRWNDB09,8,2034,0.5726894827581114
REGION1,PWRWNDB09,9,2034,0.2008805984980562
REGION1,PWRWNDB09,10,2034,0.1455923260436886
REGION1,PWRWNDB09,11,2034,0.1402467814788116
REGION1,PWRWNDB09,12,2034,0.2725341641665844
REGION1,PWRWNDB09,13,2034,0.4114916592406299
REGION1,PWRWNDB09,14,2034,0.218450877124017
REGION1,PWRWNDB09,15,2034,0.1428666555198822
REGION1,PWRWNDB09,16,2034,0.4620719856590667
REGION1,PWRWNDB09,17,2034,0.7079231725958705
REGION1,PWRWNDB09,18,2034,0.6857255630336251
REGION1,PWRWNDB09,19,2034,0.6934563516096311
REGION1,PWRWNDB09,20,2034,0.7169526325671302
REGION1,PWRWNDB09,21,2034,0.1593511214641923
REGION1,PWRWNDB09,22,2034,0.1897714898158471
REGION1,PWRWNDB09,23,2034,0.2240773389464431
REGION1,PWRWNDB09,24,2034,0.1874426472693099
REGION1,PWRWNDB09,25,2034,0.216669984997751
REGION1,PWRWNDB09,26,2034,0.306027788805832
REGION1,PWRWNDB09,27,2034,0.3752062729580037
REGION1,PWRWNDB09,28,2034,0.4592267897020836
REGION1,PWRWNDB09,29,2034,0.6227440224330786
REGION1,PWRWNDB09,30,2034,0.6674802169486952
REGION1,PWRWNDB09,31,2034,0.7015360772859602
REGION1,PWRWNDB09,32,2034,0.6768688206180276
REGION1,PWRWNDB09,33,2034,0.4329562691921651
REGION1,PWRWNDB09,34,2034,0.4295879470529454
REGION1,PWRWNDB09,35,2034,0.2828045066893596
REGION1,PWRWNDB09,36,2034,0.2206383221940773
REGION1,PWRWNDB09,37,2034,0.4911008927459024
REGION1,PWRWNDB09,38,2034,0.4876993092550676
REGION1,PWRWNDB09,39,2034,0.5161326329640606
REGION1,PWRWNDB09,40,2034,0.4556815051281555
REGION1,PWRWNDB09,1,2035,0.6458663315842189
REGION1,PWRWNDB09,2,2035,0.6171372158982977
REGION1,PWRWNDB09,3,2035,0.5765422466216449
REGION1,PWRWNDB09,4,2035,0.61744212753511
REGION1,PWRWNDB09,5,2035,0.4543327362414247
REGION1,PWRWNDB09,6,2035,0.3346098640766654
REGION1,PWRWNDB09,7,2035,0.3258503803015611
REGION1,PWRWNDB09,8,2035,0.5726894827581114
REGION1,PWRWNDB09,9,2035,0.2008805984980562
REGION1,PWRWNDB09,10,2035,0.1455923260436886
REGION1,PWRWNDB09,11,2035,0.1402467814788116
REGION1,PWRWNDB09,12,2035,0.2725341641665844
REGION1,PWRWNDB09,13,2035,0.4114916592406299
REGION1,PWRWNDB09,14,2035,0.218450877124017
REGION1,PWRWNDB09,15,2035,0.1428666555198822
REGION1,PWRWNDB09,16,2035,0.4620719856590667
REGION1,PWRWNDB09,17,2035,0.7079231725958705
REGION1,PWRWNDB09,18,2035,0.6857255630336251
REGION1,PWRWNDB09,19,2035,0.6934563516096311
REGION1,PWRWNDB09,20,2035,0.7169526325671302
REGION1,PWRWNDB09,21,2035,0.1593511214641923
REGION1,PWRWNDB09,22,2035,0.1897714898158471
REGION1,PWRWNDB09,23,2035,0.2240773389464431
REGION1,PWRWNDB09,24,2035,0.1874426472693099
REGION1,PWRWNDB09,25,2035,0.216669984997751
REGION1,PWRWNDB09,26,2035,0.306027788805832
REGION1,PWRWNDB09,27,2035,0.3752062729580037
REGION1,PWRWNDB09,28,2035,0.4592267897020836
REGION1,PWRWNDB09,29,2035,0.6227440224330786
REGION1,PWRWNDB09,30,2035,0.6674802169486952
REGION1,PWRWNDB09,31,2035,0.7015360772859602
REGION1,PWRWNDB09,32,2035,0.6768688206180276
REGION1,PWRWNDB09,33,2035,0.4329562691921651
REGION1,PWRWNDB09,34,2035,0.4295879470529454
REGION1,PWRWNDB09,35,2035,0.2828045066893596
REGION1,PWRWNDB09,36,2035,0.2206383221940773
REGION1,PWRWNDB09,37,2035,0.4911008927459024
REGION1,PWRWNDB09,38,2035,0.4876993092550676
REGION1,PWRWNDB09,39,2035,0.5161326329640606
REGION1,PWRWNDB09,40,2035,0.4556815051281555
REGION1,PWRWNDB09,1,2036,0.6458663315842189
REGION1,PWRWNDB09,2,2036,0.6171372158982977
REGION1,PWRWNDB09,3,2036,0.5765422466216449
REGION1,PWRWNDB09,4,2036,0.61744212753511
REGION1,PWRWNDB09,5,2036,0.4543327362414247
REGION1,PWRWNDB09,6,2036,0.3346098640766654
REGION1,PWRWNDB09,7,2036,0.3258503803015611
REGION1,PWRWNDB09,8,2036,0.5726894827581114
REGION1,PWRWNDB09,9,2036,0.2008805984980562
REGION1,PWRWNDB09,10,2036,0.1455923260436886
REGION1,PWRWNDB09,11,2036,0.1402467814788116
REGION1,PWRWNDB09,12,2036,0.2725341641665844
REGION1,PWRWNDB09,13,2036,0.4114916592406299
REGION1,PWRWNDB09,14,2036,0.218450877124017
REGION1,PWRWNDB09,15,2036,0.1428666555198822
REGION1,PWRWNDB09,16,2036,0.4620719856590667
REGION1,PWRWNDB09,17,2036,0.7079231725958705
REGION1,PWRWNDB09,18,2036,0.6857255630336251
REGION1,PWRWNDB09,19,2036,0.6934563516096311
REGION1,PWRWNDB09,20,2036,0.7169526325671302
REGION1,PWRWNDB09,21,2036,0.1593511214641923
REGION1,PWRWNDB09,22,2036,0.1897714898158471
REGION1,PWRWNDB09,23,2036,0.2240773389464431
REGION1,PWRWNDB09,24,2036,0.1874426472693099
REGION1,PWRWNDB09,25,2036,0.216669984997751
REGION1,PWRWNDB09,26,2036,0.306027788805832
REGION1,PWRWNDB09,27,2036,0.3752062729580037
REGION1,PWRWNDB09,28,2036,0.4592267897020836
REGION1,PWRWNDB09,29,2036,0.6227440224330786
REGION1,PWRWNDB09,30,2036,0.6674802169486952
REGION1,PWRWNDB09,31,2036,0.7015360772859602
REGION1,PWRWNDB09,32,2036,0.6768688206180276
REGION1,PWRWNDB09,33,2036,0.4329562691921651
REGION1,PWRWNDB09,34,2036,0.4295879470529454
REGION1,PWRWNDB09,35,2036,0.2828045066893596
REGION1,PWRWNDB09,36,2036,0.2206383221940773
REGION1,PWRWNDB09,37,2036,0.4911008927459024
REGION1,PWRWNDB09,38,2036,0.4876993092550676
REGION1,PWRWNDB09,39,2036,0.5161326329640606
REGION1,PWRWNDB09,40,2036,0.4556815051281555
REGION1,PWRWNDB09,1,2037,0.6458663315842189
REGION1,PWRWNDB09,2,2037,0.6171372158982977
REGION1,PWRWNDB09,3,2037,0.5765422466216449
REGION1,PWRWNDB09,4,2037,0.61744212753511
REGION1,PWRWNDB09,5,2037,0.4543327362414247
REGION1,PWRWNDB09,6,2037,0.3346098640766654
REGION1,PWRWNDB09,7,2037,0.3258503803015611
REGION1,PWRWNDB09,8,2037,0.5726894827581114
REGION1,PWRWNDB09,9,2037,0.2008805984980562
REGION1,PWRWNDB09,10,2037,0.1455923260436886
REGION1,PWRWNDB09,11,2037,0.1402467814788116
REGION1,PWRWNDB09,12,2037,0.2725341641665844
REGION1,PWRWNDB09,13,2037,0.4114916592406299
REGION1,PWRWNDB09,14,2037,0.218450877124017
REGION1,PWRWNDB09,15,2037,0.1428666555198822
REGION1,PWRWNDB09,16,2037,0.4620719856590667
REGION1,PWRWNDB09,17,2037,0.7079231725958705
REGION1,PWRWNDB09,18,2037,0.6857255630336251
REGION1,PWRWNDB09,19,2037,0.6934563516096311
REGION1,PWRWNDB09,20,2037,0.7169526325671302
REGION1,PWRWNDB09,21,2037,0.1593511214641923
REGION1,PWRWNDB09,22,2037,0.1897714898158471
REGION1,PWRWNDB09,23,2037,0.2240773389464431
REGION1,PWRWNDB09,24,2037,0.1874426472693099
REGION1,PWRWNDB09,25,2037,0.216669984997751
REGION1,PWRWNDB09,26,2037,0.306027788805832
REGION1,PWRWNDB09,27,2037,0.3752062729580037
REGION1,PWRWNDB09,28,2037,0.4592267897020836
REGION1,PWRWNDB09,29,2037,0.6227440224330786
REGION1,PWRWNDB09,30,2037,0.6674802169486952
REGION1,PWRWNDB09,31,2037,0.7015360772859602
REGION1,PWRWNDB09,32,2037,0.6768688206180276
REGION1,PWRWNDB09,33,2037,0.4329562691921651
REGION1,PWRWNDB09,34,2037,0.4295879470529454
REGION1,PWRWNDB09,35,2037,0.2828045066893596
REGION1,PWRWNDB09,36,2037,0.2206383221940773
REGION1,PWRWNDB09,37,2037,0.4911008927459024
REGION1,PWRWNDB09,38,2037,0.4876993092550676
REGION1,PWRWNDB09,39,2037,0.5161326329640606
REGION1,PWRWNDB09,40,2037,0.4556815051281555
REGION1,PWRWNDB09,1,2038,0.6458663315842189
REGION1,PWRWNDB09,2,2038,0.6171372158982977
REGION1,PWRWNDB09,3,2038,0.5765422466216449
REGION1,PWRWNDB09,4,2038,0.61744212753511
REGION1,PWRWNDB09,5,2038,0.4543327362414247
REGION1,PWRWNDB09,6,2038,0.3346098640766654
REGION1,PWRWNDB09,7,2038,0.3258503803015611
REGION1,PWRWNDB09,8,2038,0.5726894827581114
REGION1,PWRWNDB09,9,2038,0.2008805984980562
REGION1,PWRWNDB09,10,2038,0.1455923260436886
REGION1,PWRWNDB09,11,2038,0.1402467814788116
REGION1,PWRWNDB09,12,2038,0.2725341641665844
REGION1,PWRWNDB09,13,2038,0.4114916592406299
REGION1,PWRWNDB09,14,2038,0.218450877124017
REGION1,PWRWNDB09,15,2038,0.1428666555198822
REGION1,PWRWNDB09,16,2038,0.4620719856590667
REGION1,PWRWNDB09,17,2038,0.7079231725958705
REGION1,PWRWNDB09,18,2038,0.6857255630336251
REGION1,PWRWNDB09,19,2038,0.6934563516096311
REGION1,PWRWNDB09,20,2038,0.7169526325671302
REGION1,PWRWNDB09,21,2038,0.1593511214641923
REGION1,PWRWNDB09,22,2038,0.1897714898158471
REGION1,PWRWNDB09,23,2038,0.2240773389464431
REGION1,PWRWNDB09,24,2038,0.1874426472693099
REGION1,PWRWNDB09,25,2038,0.216669984997751
REGION1,PWRWNDB09,26,2038,0.306027788805832
REGION1,PWRWNDB09,27,2038,0.3752062729580037
REGION1,PWRWNDB09,28,2038,0.4592267897020836
REGION1,PWRWNDB09,29,2038,0.6227440224330786
REGION1,PWRWNDB09,30,2038,0.6674802169486952
REGION1,PWRWNDB09,31,2038,0.7015360772859602
REGION1,PWRWNDB09,32,2038,0.6768688206180276
REGION1,PWRWNDB09,33,2038,0.4329562691921651
REGION1,PWRWNDB09,34,2038,0.4295879470529454
REGION1,PWRWNDB09,35,2038,0.2828045066893596
REGION1,PWRWNDB09,36,2038,0.2206383221940773
REGION1,PWRWNDB09,37,2038,0.4911008927459024
REGION1,PWRWNDB09,38,2038,0.4876993092550676
REGION1,PWRWNDB09,39,2038,0.5161326329640606
REGION1,PWRWNDB09,40,2038,0.4556815051281555
REGION1,PWRWNDB09,1,2039,0.6458663315842189
REGION1,PWRWNDB09,2,2039,0.6171372158982977
REGION1,PWRWNDB09,3,2039,0.5765422466216449
REGION1,PWRWNDB09,4,2039,0.61744212753511
REGION1,PWRWNDB09,5,2039,0.4543327362414247
REGION1,PWRWNDB09,6,2039,0.3346098640766654
REGION1,PWRWNDB09,7,2039,0.3258503803015611
REGION1,PWRWNDB09,8,2039,0.5726894827581114
REGION1,PWRWNDB09,9,2039,0.2008805984980562
REGION1,PWRWNDB09,10,2039,0.1455923260436886
REGION1,PWRWNDB09,11,2039,0.1402467814788116
REGION1,PWRWNDB09,12,2039,0.2725341641665844
REGION1,PWRWNDB09,13,2039,0.4114916592406299
REGION1,PWRWNDB09,14,2039,0.218450877124017
REGION1,PWRWNDB09,15,2039,0.1428666555198822
REGION1,PWRWNDB09,16,2039,0.4620719856590667
REGION1,PWRWNDB09,17,2039,0.7079231725958705
REGION1,PWRWNDB09,18,2039,0.6857255630336251
REGION1,PWRWNDB09,19,2039,0.6934563516096311
REGION1,PWRWNDB09,20,2039,0.7169526325671302
REGION1,PWRWNDB09,21,2039,0.1593511214641923
REGION1,PWRWNDB09,22,2039,0.1897714898158471
REGION1,PWRWNDB09,23,2039,0.2240773389464431
REGION1,PWRWNDB09,24,2039,0.1874426472693099
REGION1,PWRWNDB09,25,2039,0.216669984997751
REGION1,PWRWNDB09,26,2039,0.306027788805832
REGION1,PWRWNDB09,27,2039,0.3752062729580037
REGION1,PWRWNDB09,28,2039,0.4592267897020836
REGION1,PWRWNDB09,29,2039,0.6227440224330786
REGION1,PWRWNDB09,30,2039,0.6674802169486952
REGION1,PWRWNDB09,31,2039,0.7015360772859602
REGION1,PWRWNDB09,32,2039,0.6768688206180276
REGION1,PWRWNDB09,33,2039,0.4329562691921651
REGION1,PWRWNDB09,34,2039,0.4295879470529454
REGION1,PWRWNDB09,35,2039,0.2828045066893596
REGION1,PWRWNDB09,36,2039,0.2206383221940773
REGION1,PWRWNDB09,37,2039,0.4911008927459024
REGION1,PWRWNDB09,38,2039,0.4876993092550676
REGION1,PWRWNDB09,39,2039,0.5161326329640606
REGION1,PWRWNDB09,40,2039,0.4556815051281555
REGION1,PWRWNDB09,1,2040,0.6458663315842189
REGION1,PWRWNDB09,2,2040,0.6171372158982977
REGION1,PWRWNDB09,3,2040,0.5765422466216449
REGION1,PWRWNDB09,4,2040,0.61744212753511
REGION1,PWRWNDB09,5,2040,0.4543327362414247
REGION1,PWRWNDB09,6,2040,0.3346098640766654
REGION1,PWRWNDB09,7,2040,0.3258503803015611
REGION1,PWRWNDB09,8,2040,0.5726894827581114
REGION1,PWRWNDB09,9,2040,0.2008805984980562
REGION1,PWRWNDB09,10,2040,0.1455923260436886
REGION1,PWRWNDB09,11,2040,0.1402467814788116
REGION1,PWRWNDB09,12,2040,0.2725341641665844
REGION1,PWRWNDB09,13,2040,0.4114916592406299
REGION1,PWRWNDB09,14,2040,0.218450877124017
REGION1,PWRWNDB09,15,2040,0.1428666555198822
REGION1,PWRWNDB09,16,2040,0.4620719856590667
REGION1,PWRWNDB09,17,2040,0.7079231725958705
REGION1,PWRWNDB09,18,2040,0.6857255630336251
REGION1,PWRWNDB09,19,2040,0.6934563516096311
REGION1,PWRWNDB09,20,2040,0.7169526325671302
REGION1,PWRWNDB09,21,2040,0.1593511214641923
REGION1,PWRWNDB09,22,2040,0.1897714898158471
REGION1,PWRWNDB09,23,2040,0.2240773389464431
REGION1,PWRWNDB09,24,2040,0.1874426472693099
REGION1,PWRWNDB09,25,2040,0.216669984997751
REGION1,PWRWNDB09,26,2040,0.306027788805832
REGION1,PWRWNDB09,27,2040,0.3752062729580037
REGION1,PWRWNDB09,28,2040,0.4592267897020836
REGION1,PWRWNDB09,29,2040,0.6227440224330786
REGION1,PWRWNDB09,30,2040,0.6674802169486952
REGION1,PWRWNDB09,31,2040,0.7015360772859602
REGION1,PWRWNDB09,32,2040,0.6768688206180276
REGION1,PWRWNDB09,33,2040,0.4329562691921651
REGION1,PWRWNDB09,34,2040,0.4295879470529454
REGION1,PWRWNDB09,35,2040,0.2828045066893596
REGION1,PWRWNDB09,36,2040,0.2206383221940773
REGION1,PWRWNDB09,37,2040,0.4911008927459024
REGION1,PWRWNDB09,38,2040,0.4876993092550676
REGION1,PWRWNDB09,39,2040,0.5161326329640606
REGION1,PWRWNDB09,40,2040,0.4556815051281555
REGION1,PWRWNDB09,1,2041,0.6458663315842189
REGION1,PWRWNDB09,2,2041,0.6171372158982977
REGION1,PWRWNDB09,3,2041,0.5765422466216449
REGION1,PWRWNDB09,4,2041,0.61744212753511
REGION1,PWRWNDB09,5,2041,0.4543327362414247
REGION1,PWRWNDB09,6,2041,0.3346098640766654
REGION1,PWRWNDB09,7,2041,0.3258503803015611
REGION1,PWRWNDB09,8,2041,0.5726894827581114
REGION1,PWRWNDB09,9,2041,0.2008805984980562
REGION1,PWRWNDB09,10,2041,0.1455923260436886
REGION1,PWRWNDB09,11,2041,0.1402467814788116
REGION1,PWRWNDB09,12,2041,0.2725341641665844
REGION1,PWRWNDB09,13,2041,0.4114916592406299
REGION1,PWRWNDB09,14,2041,0.218450877124017
REGION1,PWRWNDB09,15,2041,0.1428666555198822
REGION1,PWRWNDB09,16,2041,0.4620719856590667
REGION1,PWRWNDB09,17,2041,0.7079231725958705
REGION1,PWRWNDB09,18,2041,0.6857255630336251
REGION1,PWRWNDB09,19,2041,0.6934563516096311
REGION1,PWRWNDB09,20,2041,0.7169526325671302
REGION1,PWRWNDB09,21,2041,0.1593511214641923
REGION1,PWRWNDB09,22,2041,0.1897714898158471
REGION1,PWRWNDB09,23,2041,0.2240773389464431
REGION1,PWRWNDB09,24,2041,0.1874426472693099
REGION1,PWRWNDB09,25,2041,0.216669984997751
REGION1,PWRWNDB09,26,2041,0.306027788805832
REGION1,PWRWNDB09,27,2041,0.3752062729580037
REGION1,PWRWNDB09,28,2041,0.4592267897020836
REGION1,PWRWNDB09,29,2041,0.6227440224330786
REGION1,PWRWNDB09,30,2041,0.6674802169486952
REGION1,PWRWNDB09,31,2041,0.7015360772859602
REGION1,PWRWNDB09,32,2041,0.6768688206180276
REGION1,PWRWNDB09,33,2041,0.4329562691921651
REGION1,PWRWNDB09,34,2041,0.4295879470529454
REGION1,PWRWNDB09,35,2041,0.2828045066893596
REGION1,PWRWNDB09,36,2041,0.2206383221940773
REGION1,PWRWNDB09,37,2041,0.4911008927459024
REGION1,PWRWNDB09,38,2041,0.4876993092550676
REGION1,PWRWNDB09,39,2041,0.5161326329640606
REGION1,PWRWNDB09,40,2041,0.4556815051281555
REGION1,PWRWNDB09,1,2042,0.6458663315842189
REGION1,PWRWNDB09,2,2042,0.6171372158982977
REGION1,PWRWNDB09,3,2042,0.5765422466216449
REGION1,PWRWNDB09,4,2042,0.61744212753511
REGION1,PWRWNDB09,5,2042,0.4543327362414247
REGION1,PWRWNDB09,6,2042,0.3346098640766654
REGION1,PWRWNDB09,7,2042,0.3258503803015611
REGION1,PWRWNDB09,8,2042,0.5726894827581114
REGION1,PWRWNDB09,9,2042,0.2008805984980562
REGION1,PWRWNDB09,10,2042,0.1455923260436886
REGION1,PWRWNDB09,11,2042,0.1402467814788116
REGION1,PWRWNDB09,12,2042,0.2725341641665844
REGION1,PWRWNDB09,13,2042,0.4114916592406299
REGION1,PWRWNDB09,14,2042,0.218450877124017
REGION1,PWRWNDB09,15,2042,0.1428666555198822
REGION1,PWRWNDB09,16,2042,0.4620719856590667
REGION1,PWRWNDB09,17,2042,0.7079231725958705
REGION1,PWRWNDB09,18,2042,0.6857255630336251
REGION1,PWRWNDB09,19,2042,0.6934563516096311
REGION1,PWRWNDB09,20,2042,0.7169526325671302
REGION1,PWRWNDB09,21,2042,0.1593511214641923
REGION1,PWRWNDB09,22,2042,0.1897714898158471
REGION1,PWRWNDB09,23,2042,0.2240773389464431
REGION1,PWRWNDB09,24,2042,0.1874426472693099
REGION1,PWRWNDB09,25,2042,0.216669984997751
REGION1,PWRWNDB09,26,2042,0.306027788805832
REGION1,PWRWNDB09,27,2042,0.3752062729580037
REGION1,PWRWNDB09,28,2042,0.4592267897020836
REGION1,PWRWNDB09,29,2042,0.6227440224330786
REGION1,PWRWNDB09,30,2042,0.6674802169486952
REGION1,PWRWNDB09,31,2042,0.7015360772859602
REGION1,PWRWNDB09,32,2042,0.6768688206180276
REGION1,PWRWNDB09,33,2042,0.4329562691921651
REGION1,PWRWNDB09,34,2042,0.4295879470529454
REGION1,PWRWNDB09,35,2042,0.2828045066893596
REGION1,PWRWNDB09,36,2042,0.2206383221940773
REGION1,PWRWNDB09,37,2042,0.4911008927459024
REGION1,PWRWNDB09,38,2042,0.4876993092550676
REGION1,PWRWNDB09,39,2042,0.5161326329640606
REGION1,PWRWNDB09,40,2042,0.4556815051281555
REGION1,PWRWNDB09,1,2043,0.6458663315842189
REGION1,PWRWNDB09,2,2043,0.6171372158982977
REGION1,PWRWNDB09,3,2043,0.5765422466216449
REGION1,PWRWNDB09,4,2043,0.61744212753511
REGION1,PWRWNDB09,5,2043,0.4543327362414247
REGION1,PWRWNDB09,6,2043,0.3346098640766654
REGION1,PWRWNDB09,7,2043,0.3258503803015611
REGION1,PWRWNDB09,8,2043,0.5726894827581114
REGION1,PWRWNDB09,9,2043,0.2008805984980562
REGION1,PWRWNDB09,10,2043,0.1455923260436886
REGION1,PWRWNDB09,11,2043,0.1402467814788116
REGION1,PWRWNDB09,12,2043,0.2725341641665844
REGION1,PWRWNDB09,13,2043,0.4114916592406299
REGION1,PWRWNDB09,14,2043,0.218450877124017
REGION1,PWRWNDB09,15,2043,0.1428666555198822
REGION1,PWRWNDB09,16,2043,0.4620719856590667
REGION1,PWRWNDB09,17,2043,0.7079231725958705
REGION1,PWRWNDB09,18,2043,0.6857255630336251
REGION1,PWRWNDB09,19,2043,0.6934563516096311
REGION1,PWRWNDB09,20,2043,0.7169526325671302
REGION1,PWRWNDB09,21,2043,0.1593511214641923
REGION1,PWRWNDB09,22,2043,0.1897714898158471
REGION1,PWRWNDB09,23,2043,0.2240773389464431
REGION1,PWRWNDB09,24,2043,0.1874426472693099
REGION1,PWRWNDB09,25,2043,0.216669984997751
REGION1,PWRWNDB09,26,2043,0.306027788805832
REGION1,PWRWNDB09,27,2043,0.3752062729580037
REGION1,PWRWNDB09,28,2043,0.4592267897020836
REGION1,PWRWNDB09,29,2043,0.6227440224330786
REGION1,PWRWNDB09,30,2043,0.6674802169486952
REGION1,PWRWNDB09,31,2043,0.7015360772859602
REGION1,PWRWNDB09,32,2043,0.6768688206180276
REGION1,PWRWNDB09,33,2043,0.4329562691921651
REGION1,PWRWNDB09,34,2043,0.4295879470529454
REGION1,PWRWNDB09,35,2043,0.2828045066893596
REGION1,PWRWNDB09,36,2043,0.2206383221940773
REGION1,PWRWNDB09,37,2043,0.4911008927459024
REGION1,PWRWNDB09,38,2043,0.4876993092550676
REGION1,PWRWNDB09,39,2043,0.5161326329640606
REGION1,PWRWNDB09,40,2043,0.4556815051281555
REGION1,PWRWNDB09,1,2044,0.6458663315842189
REGION1,PWRWNDB09,2,2044,0.6171372158982977
REGION1,PWRWNDB09,3,2044,0.5765422466216449
REGION1,PWRWNDB09,4,2044,0.61744212753511
REGION1,PWRWNDB09,5,2044,0.4543327362414247
REGION1,PWRWNDB09,6,2044,0.3346098640766654
REGION1,PWRWNDB09,7,2044,0.3258503803015611
REGION1,PWRWNDB09,8,2044,0.5726894827581114
REGION1,PWRWNDB09,9,2044,0.2008805984980562
REGION1,PWRWNDB09,10,2044,0.1455923260436886
REGION1,PWRWNDB09,11,2044,0.1402467814788116
REGION1,PWRWNDB09,12,2044,0.2725341641665844
REGION1,PWRWNDB09,13,2044,0.4114916592406299
REGION1,PWRWNDB09,14,2044,0.218450877124017
REGION1,PWRWNDB09,15,2044,0.1428666555198822
REGION1,PWRWNDB09,16,2044,0.4620719856590667
REGION1,PWRWNDB09,17,2044,0.7079231725958705
REGION1,PWRWNDB09,18,2044,0.6857255630336251
REGION1,PWRWNDB09,19,2044,0.6934563516096311
REGION1,PWRWNDB09,20,2044,0.7169526325671302
REGION1,PWRWNDB09,21,2044,0.1593511214641923
REGION1,PWRWNDB09,22,2044,0.1897714898158471
REGION1,PWRWNDB09,23,2044,0.2240773389464431
REGION1,PWRWNDB09,24,2044,0.1874426472693099
REGION1,PWRWNDB09,25,2044,0.216669984997751
REGION1,PWRWNDB09,26,2044,0.306027788805832
REGION1,PWRWNDB09,27,2044,0.3752062729580037
REGION1,PWRWNDB09,28,2044,0.4592267897020836
REGION1,PWRWNDB09,29,2044,0.6227440224330786
REGION1,PWRWNDB09,30,2044,0.6674802169486952
REGION1,PWRWNDB09,31,2044,0.7015360772859602
REGION1,PWRWNDB09,32,2044,0.6768688206180276
REGION1,PWRWNDB09,33,2044,0.4329562691921651
REGION1,PWRWNDB09,34,2044,0.4295879470529454
REGION1,PWRWNDB09,35,2044,0.2828045066893596
REGION1,PWRWNDB09,36,2044,0.2206383221940773
REGION1,PWRWNDB09,37,2044,0.4911008927459024
REGION1,PWRWNDB09,38,2044,0.4876993092550676
REGION1,PWRWNDB09,39,2044,0.5161326329640606
REGION1,PWRWNDB09,40,2044,0.4556815051281555
REGION1,PWRWNDB09,1,2045,0.6458663315842189
REGION1,PWRWNDB09,2,2045,0.6171372158982977
REGION1,PWRWNDB09,3,2045,0.5765422466216449
REGION1,PWRWNDB09,4,2045,0.61744212753511
REGION1,PWRWNDB09,5,2045,0.4543327362414247
REGION1,PWRWNDB09,6,2045,0.3346098640766654
REGION1,PWRWNDB09,7,2045,0.3258503803015611
REGION1,PWRWNDB09,8,2045,0.5726894827581114
REGION1,PWRWNDB09,9,2045,0.2008805984980562
REGION1,PWRWNDB09,10,2045,0.1455923260436886
REGION1,PWRWNDB09,11,2045,0.1402467814788116
REGION1,PWRWNDB09,12,2045,0.2725341641665844
REGION1,PWRWNDB09,13,2045,0.4114916592406299
REGION1,PWRWNDB09,14,2045,0.218450877124017
REGION1,PWRWNDB09,15,2045,0.1428666555198822
REGION1,PWRWNDB09,16,2045,0.4620719856590667
REGION1,PWRWNDB09,17,2045,0.7079231725958705
REGION1,PWRWNDB09,18,2045,0.6857255630336251
REGION1,PWRWNDB09,19,2045,0.6934563516096311
REGION1,PWRWNDB09,20,2045,0.7169526325671302
REGION1,PWRWNDB09,21,2045,0.1593511214641923
REGION1,PWRWNDB09,22,2045,0.1897714898158471
REGION1,PWRWNDB09,23,2045,0.2240773389464431
REGION1,PWRWNDB09,24,2045,0.1874426472693099
REGION1,PWRWNDB09,25,2045,0.216669984997751
REGION1,PWRWNDB09,26,2045,0.306027788805832
REGION1,PWRWNDB09,27,2045,0.3752062729580037
REGION1,PWRWNDB09,28,2045,0.4592267897020836
REGION1,PWRWNDB09,29,2045,0.6227440224330786
REGION1,PWRWNDB09,30,2045,0.6674802169486952
REGION1,PWRWNDB09,31,2045,0.7015360772859602
REGION1,PWRWNDB09,32,2045,0.6768688206180276
REGION1,PWRWNDB09,33,2045,0.4329562691921651
REGION1,PWRWNDB09,34,2045,0.4295879470529454
REGION1,PWRWNDB09,35,2045,0.2828045066893596
REGION1,PWRWNDB09,36,2045,0.2206383221940773
REGION1,PWRWNDB09,37,2045,0.4911008927459024
REGION1,PWRWNDB09,38,2045,0.4876993092550676
REGION1,PWRWNDB09,39,2045,0.5161326329640606
REGION1,PWRWNDB09,40,2045,0.4556815051281555
REGION1,PWRWNDB09,1,2046,0.6458663315842189
REGION1,PWRWNDB09,2,2046,0.6171372158982977
REGION1,PWRWNDB09,3,2046,0.5765422466216449
REGION1,PWRWNDB09,4,2046,0.61744212753511
REGION1,PWRWNDB09,5,2046,0.4543327362414247
REGION1,PWRWNDB09,6,2046,0.3346098640766654
REGION1,PWRWNDB09,7,2046,0.3258503803015611
REGION1,PWRWNDB09,8,2046,0.5726894827581114
REGION1,PWRWNDB09,9,2046,0.2008805984980562
REGION1,PWRWNDB09,10,2046,0.1455923260436886
REGION1,PWRWNDB09,11,2046,0.1402467814788116
REGION1,PWRWNDB09,12,2046,0.2725341641665844
REGION1,PWRWNDB09,13,2046,0.4114916592406299
REGION1,PWRWNDB09,14,2046,0.218450877124017
REGION1,PWRWNDB09,15,2046,0.1428666555198822
REGION1,PWRWNDB09,16,2046,0.4620719856590667
REGION1,PWRWNDB09,17,2046,0.7079231725958705
REGION1,PWRWNDB09,18,2046,0.6857255630336251
REGION1,PWRWNDB09,19,2046,0.6934563516096311
REGION1,PWRWNDB09,20,2046,0.7169526325671302
REGION1,PWRWNDB09,21,2046,0.1593511214641923
REGION1,PWRWNDB09,22,2046,0.1897714898158471
REGION1,PWRWNDB09,23,2046,0.2240773389464431
REGION1,PWRWNDB09,24,2046,0.1874426472693099
REGION1,PWRWNDB09,25,2046,0.216669984997751
REGION1,PWRWNDB09,26,2046,0.306027788805832
REGION1,PWRWNDB09,27,2046,0.3752062729580037
REGION1,PWRWNDB09,28,2046,0.4592267897020836
REGION1,PWRWNDB09,29,2046,0.6227440224330786
REGION1,PWRWNDB09,30,2046,0.6674802169486952
REGION1,PWRWNDB09,31,2046,0.7015360772859602
REGION1,PWRWNDB09,32,2046,0.6768688206180276
REGION1,PWRWNDB09,33,2046,0.4329562691921651
REGION1,PWRWNDB09,34,2046,0.4295879470529454
REGION1,PWRWNDB09,35,2046,0.2828045066893596
REGION1,PWRWNDB09,36,2046,0.2206383221940773
REGION1,PWRWNDB09,37,2046,0.4911008927459024
REGION1,PWRWNDB09,38,2046,0.4876993092550676
REGION1,PWRWNDB09,39,2046,0.5161326329640606
REGION1,PWRWNDB09,40,2046,0.4556815051281555
REGION1,PWRWNDB09,1,2047,0.6458663315842189
REGION1,PWRWNDB09,2,2047,0.6171372158982977
REGION1,PWRWNDB09,3,2047,0.5765422466216449
REGION1,PWRWNDB09,4,2047,0.61744212753511
REGION1,PWRWNDB09,5,2047,0.4543327362414247
REGION1,PWRWNDB09,6,2047,0.3346098640766654
REGION1,PWRWNDB09,7,2047,0.3258503803015611
REGION1,PWRWNDB09,8,2047,0.5726894827581114
REGION1,PWRWNDB09,9,2047,0.2008805984980562
REGION1,PWRWNDB09,10,2047,0.1455923260436886
REGION1,PWRWNDB09,11,2047,0.1402467814788116
REGION1,PWRWNDB09,12,2047,0.2725341641665844
REGION1,PWRWNDB09,13,2047,0.4114916592406299
REGION1,PWRWNDB09,14,2047,0.218450877124017
REGION1,PWRWNDB09,15,2047,0.1428666555198822
REGION1,PWRWNDB09,16,2047,0.4620719856590667
REGION1,PWRWNDB09,17,2047,0.7079231725958705
REGION1,PWRWNDB09,18,2047,0.6857255630336251
REGION1,PWRWNDB09,19,2047,0.6934563516096311
REGION1,PWRWNDB09,20,2047,0.7169526325671302
REGION1,PWRWNDB09,21,2047,0.1593511214641923
REGION1,PWRWNDB09,22,2047,0.1897714898158471
REGION1,PWRWNDB09,23,2047,0.2240773389464431
REGION1,PWRWNDB09,24,2047,0.1874426472693099
REGION1,PWRWNDB09,25,2047,0.216669984997751
REGION1,PWRWNDB09,26,2047,0.306027788805832
REGION1,PWRWNDB09,27,2047,0.3752062729580037
REGION1,PWRWNDB09,28,2047,0.4592267897020836
REGION1,PWRWNDB09,29,2047,0.6227440224330786
REGION1,PWRWNDB09,30,2047,0.6674802169486952
REGION1,PWRWNDB09,31,2047,0.7015360772859602
REGION1,PWRWNDB09,32,2047,0.6768688206180276
REGION1,PWRWNDB09,33,2047,0.4329562691921651
REGION1,PWRWNDB09,34,2047,0.4295879470529454
REGION1,PWRWNDB09,35,2047,0.2828045066893596
REGION1,PWRWNDB09,36,2047,0.2206383221940773
REGION1,PWRWNDB09,37,2047,0.4911008927459024
REGION1,PWRWNDB09,38,2047,0.4876993092550676
REGION1,PWRWNDB09,39,2047,0.5161326329640606
REGION1,PWRWNDB09,40,2047,0.4556815051281555
REGION1,PWRWNDB09,1,2048,0.6458663315842189
REGION1,PWRWNDB09,2,2048,0.6171372158982977
REGION1,PWRWNDB09,3,2048,0.5765422466216449
REGION1,PWRWNDB09,4,2048,0.61744212753511
REGION1,PWRWNDB09,5,2048,0.4543327362414247
REGION1,PWRWNDB09,6,2048,0.3346098640766654
REGION1,PWRWNDB09,7,2048,0.3258503803015611
REGION1,PWRWNDB09,8,2048,0.5726894827581114
REGION1,PWRWNDB09,9,2048,0.2008805984980562
REGION1,PWRWNDB09,10,2048,0.1455923260436886
REGION1,PWRWNDB09,11,2048,0.1402467814788116
REGION1,PWRWNDB09,12,2048,0.2725341641665844
REGION1,PWRWNDB09,13,2048,0.4114916592406299
REGION1,PWRWNDB09,14,2048,0.218450877124017
REGION1,PWRWNDB09,15,2048,0.1428666555198822
REGION1,PWRWNDB09,16,2048,0.4620719856590667
REGION1,PWRWNDB09,17,2048,0.7079231725958705
REGION1,PWRWNDB09,18,2048,0.6857255630336251
REGION1,PWRWNDB09,19,2048,0.6934563516096311
REGION1,PWRWNDB09,20,2048,0.7169526325671302
REGION1,PWRWNDB09,21,2048,0.1593511214641923
REGION1,PWRWNDB09,22,2048,0.1897714898158471
REGION1,PWRWNDB09,23,2048,0.2240773389464431
REGION1,PWRWNDB09,24,2048,0.1874426472693099
REGION1,PWRWNDB09,25,2048,0.216669984997751
REGION1,PWRWNDB09,26,2048,0.306027788805832
REGION1,PWRWNDB09,27,2048,0.3752062729580037
REGION1,PWRWNDB09,28,2048,0.4592267897020836
REGION1,PWRWNDB09,29,2048,0.6227440224330786
REGION1,PWRWNDB09,30,2048,0.6674802169486952
REGION1,PWRWNDB09,31,2048,0.7015360772859602
REGION1,PWRWNDB09,32,2048,0.6768688206180276
REGION1,PWRWNDB09,33,2048,0.4329562691921651
REGION1,PWRWNDB09,34,2048,0.4295879470529454
REGION1,PWRWNDB09,35,2048,0.2828045066893596
REGION1,PWRWNDB09,36,2048,0.2206383221940773
REGION1,PWRWNDB09,37,2048,0.4911008927459024
REGION1,PWRWNDB09,38,2048,0.4876993092550676
REGION1,PWRWNDB09,39,2048,0.5161326329640606
REGION1,PWRWNDB09,40,2048,0.4556815051281555
REGION1,PWRWNDB09,1,2049,0.6458663315842189
REGION1,PWRWNDB09,2,2049,0.6171372158982977
REGION1,PWRWNDB09,3,2049,0.5765422466216449
REGION1,PWRWNDB09,4,2049,0.61744212753511
REGION1,PWRWNDB09,5,2049,0.4543327362414247
REGION1,PWRWNDB09,6,2049,0.3346098640766654
REGION1,PWRWNDB09,7,2049,0.3258503803015611
REGION1,PWRWNDB09,8,2049,0.5726894827581114
REGION1,PWRWNDB09,9,2049,0.2008805984980562
REGION1,PWRWNDB09,10,2049,0.1455923260436886
REGION1,PWRWNDB09,11,2049,0.1402467814788116
REGION1,PWRWNDB09,12,2049,0.2725341641665844
REGION1,PWRWNDB09,13,2049,0.4114916592406299
REGION1,PWRWNDB09,14,2049,0.218450877124017
REGION1,PWRWNDB09,15,2049,0.1428666555198822
REGION1,PWRWNDB09,16,2049,0.4620719856590667
REGION1,PWRWNDB09,17,2049,0.7079231725958705
REGION1,PWRWNDB09,18,2049,0.6857255630336251
REGION1,PWRWNDB09,19,2049,0.6934563516096311
REGION1,PWRWNDB09,20,2049,0.7169526325671302
REGION1,PWRWNDB09,21,2049,0.1593511214641923
REGION1,PWRWNDB09,22,2049,0.1897714898158471
REGION1,PWRWNDB09,23,2049,0.2240773389464431
REGION1,PWRWNDB09,24,2049,0.1874426472693099
REGION1,PWRWNDB09,25,2049,0.216669984997751
REGION1,PWRWNDB09,26,2049,0.306027788805832
REGION1,PWRWNDB09,27,2049,0.3752062729580037
REGION1,PWRWNDB09,28,2049,0.4592267897020836
REGION1,PWRWNDB09,29,2049,0.6227440224330786
REGION1,PWRWNDB09,30,2049,0.6674802169486952
REGION1,PWRWNDB09,31,2049,0.7015360772859602
REGION1,PWRWNDB09,32,2049,0.6768688206180276
REGION1,PWRWNDB09,33,2049,0.4329562691921651
REGION1,PWRWNDB09,34,2049,0.4295879470529454
REGION1,PWRWNDB09,35,2049,0.2828045066893596
REGION1,PWRWNDB09,36,2049,0.2206383221940773
REGION1,PWRWNDB09,37,2049,0.4911008927459024
REGION1,PWRWNDB09,38,2049,0.4876993092550676
REGION1,PWRWNDB09,39,2049,0.5161326329640606
REGION1,PWRWNDB09,40,2049,0.4556815051281555
REGION1,PWRWNDB09,1,2050,0.6458663315842189
REGION1,PWRWNDB09,2,2050,0.6171372158982977
REGION1,PWRWNDB09,3,2050,0.5765422466216449
REGION1,PWRWNDB09,4,2050,0.61744212753511
REGION1,PWRWNDB09,5,2050,0.4543327362414247
REGION1,PWRWNDB09,6,2050,0.3346098640766654
REGION1,PWRWNDB09,7,2050,0.3258503803015611
REGION1,PWRWNDB09,8,2050,0.5726894827581114
REGION1,PWRWNDB09,9,2050,0.2008805984980562
REGION1,PWRWNDB09,10,2050,0.1455923260436886
REGION1,PWRWNDB09,11,2050,0.1402467814788116
REGION1,PWRWNDB09,12,2050,0.2725341641665844
REGION1,PWRWNDB09,13,2050,0.4114916592406299
REGION1,PWRWNDB09,14,2050,0.218450877124017
REGION1,PWRWNDB09,15,2050,0.1428666555198822
REGION1,PWRWNDB09,16,2050,0.4620719856590667
REGION1,PWRWNDB09,17,2050,0.7079231725958705
REGION1,PWRWNDB09,18,2050,0.6857255630336251
REGION1,PWRWNDB09,19,2050,0.6934563516096311
REGION1,PWRWNDB09,20,2050,0.7169526325671302
REGION1,PWRWNDB09,21,2050,0.1593511214641923
REGION1,PWRWNDB09,22,2050,0.1897714898158471
REGION1,PWRWNDB09,23,2050,0.2240773389464431
REGION1,PWRWNDB09,24,2050,0.1874426472693099
REGION1,PWRWNDB09,25,2050,0.216669984997751
REGION1,PWRWNDB09,26,2050,0.306027788805832
REGION1,PWRWNDB09,27,2050,0.3752062729580037
REGION1,PWRWNDB09,28,2050,0.4592267897020836
REGION1,PWRWNDB09,29,2050,0.6227440224330786
REGION1,PWRWNDB09,30,2050,0.6674802169486952
REGION1,PWRWNDB09,31,2050,0.7015360772859602
REGION1,PWRWNDB09,32,2050,0.6768688206180276
REGION1,PWRWNDB09,33,2050,0.4329562691921651
REGION1,PWRWNDB09,34,2050,0.4295879470529454
REGION1,PWRWNDB09,35,2050,0.2828045066893596
REGION1,PWRWNDB09,36,2050,0.2206383221940773
REGION1,PWRWNDB09,37,2050,0.4911008927459024
REGION1,PWRWNDB09,38,2050,0.4876993092550676
REGION1,PWRWNDB09,39,2050,0.5161326329640606
REGION1,PWRWNDB09,40,2050,0.4556815051281555
REGION1,PWRWNDB10,1,2020,0.656250152689639
REGION1,PWRWNDB10,2,2020,0.6080713741602999
REGION1,PWRWNDB10,3,2020,0.582055601977101
REGION1,PWRWNDB10,4,2020,0.6514207911767939
REGION1,PWRWNDB10,5,2020,0.4818279147839281
REGION1,PWRWNDB10,6,2020,0.3687085049479119
REGION1,PWRWNDB10,7,2020,0.3828337905926952
REGION1,PWRWNDB10,8,2020,0.627214363289092
REGION1,PWRWNDB10,9,2020,0.1917313646020045
REGION1,PWRWNDB10,10,2020,0.1711956347095242
REGION1,PWRWNDB10,11,2020,0.1794564238894067
REGION1,PWRWNDB10,12,2020,0.2790175400099618
REGION1,PWRWNDB10,13,2020,0.4814712979934885
REGION1,PWRWNDB10,14,2020,0.2626306887622391
REGION1,PWRWNDB10,15,2020,0.161316592408455
REGION1,PWRWNDB10,16,2020,0.500015706729212
REGION1,PWRWNDB10,17,2020,0.7339987659424091
REGION1,PWRWNDB10,18,2020,0.7077477853440982
REGION1,PWRWNDB10,19,2020,0.7221630497226469
REGION1,PWRWNDB10,20,2020,0.7671842753798946
REGION1,PWRWNDB10,21,2020,0.1568577710933019
REGION1,PWRWNDB10,22,2020,0.1868572814615233
REGION1,PWRWNDB10,23,2020,0.2228180419647949
REGION1,PWRWNDB10,24,2020,0.1694556788176945
REGION1,PWRWNDB10,25,2020,0.2716879021066192
REGION1,PWRWNDB10,26,2020,0.3776345561480839
REGION1,PWRWNDB10,27,2020,0.4602620402687122
REGION1,PWRWNDB10,28,2020,0.533456467455537
REGION1,PWRWNDB10,29,2020,0.6672515547306404
REGION1,PWRWNDB10,30,2020,0.7189553836350885
REGION1,PWRWNDB10,31,2020,0.7516454174835498
REGION1,PWRWNDB10,32,2020,0.7083807705729098
REGION1,PWRWNDB10,33,2020,0.4872475312041077
REGION1,PWRWNDB10,34,2020,0.47976416871135
REGION1,PWRWNDB10,35,2020,0.3173591797686694
REGION1,PWRWNDB10,36,2020,0.2508097616017353
REGION1,PWRWNDB10,37,2020,0.4839767028808951
REGION1,PWRWNDB10,38,2020,0.4834454900493239
REGION1,PWRWNDB10,39,2020,0.5182256937476538
REGION1,PWRWNDB10,40,2020,0.446460239704288
REGION1,PWRWNDB10,1,2021,0.656250152689639
REGION1,PWRWNDB10,2,2021,0.6080713741602999
REGION1,PWRWNDB10,3,2021,0.582055601977101
REGION1,PWRWNDB10,4,2021,0.6514207911767939
REGION1,PWRWNDB10,5,2021,0.4818279147839281
REGION1,PWRWNDB10,6,2021,0.3687085049479119
REGION1,PWRWNDB10,7,2021,0.3828337905926952
REGION1,PWRWNDB10,8,2021,0.627214363289092
REGION1,PWRWNDB10,9,2021,0.1917313646020045
REGION1,PWRWNDB10,10,2021,0.1711956347095242
REGION1,PWRWNDB10,11,2021,0.1794564238894067
REGION1,PWRWNDB10,12,2021,0.2790175400099618
REGION1,PWRWNDB10,13,2021,0.4814712979934885
REGION1,PWRWNDB10,14,2021,0.2626306887622391
REGION1,PWRWNDB10,15,2021,0.161316592408455
REGION1,PWRWNDB10,16,2021,0.500015706729212
REGION1,PWRWNDB10,17,2021,0.7339987659424091
REGION1,PWRWNDB10,18,2021,0.7077477853440982
REGION1,PWRWNDB10,19,2021,0.7221630497226469
REGION1,PWRWNDB10,20,2021,0.7671842753798946
REGION1,PWRWNDB10,21,2021,0.1568577710933019
REGION1,PWRWNDB10,22,2021,0.1868572814615233
REGION1,PWRWNDB10,23,2021,0.2228180419647949
REGION1,PWRWNDB10,24,2021,0.1694556788176945
REGION1,PWRWNDB10,25,2021,0.2716879021066192
REGION1,PWRWNDB10,26,2021,0.3776345561480839
REGION1,PWRWNDB10,27,2021,0.4602620402687122
REGION1,PWRWNDB10,28,2021,0.533456467455537
REGION1,PWRWNDB10,29,2021,0.6672515547306404
REGION1,PWRWNDB10,30,2021,0.7189553836350885
REGION1,PWRWNDB10,31,2021,0.7516454174835498
REGION1,PWRWNDB10,32,2021,0.7083807705729098
REGION1,PWRWNDB10,33,2021,0.4872475312041077
REGION1,PWRWNDB10,34,2021,0.47976416871135
REGION1,PWRWNDB10,35,2021,0.3173591797686694
REGION1,PWRWNDB10,36,2021,0.2508097616017353
REGION1,PWRWNDB10,37,2021,0.4839767028808951
REGION1,PWRWNDB10,38,2021,0.4834454900493239
REGION1,PWRWNDB10,39,2021,0.5182256937476538
REGION1,PWRWNDB10,40,2021,0.446460239704288
REGION1,PWRWNDB10,1,2022,0.656250152689639
REGION1,PWRWNDB10,2,2022,0.6080713741602999
REGION1,PWRWNDB10,3,2022,0.582055601977101
REGION1,PWRWNDB10,4,2022,0.6514207911767939
REGION1,PWRWNDB10,5,2022,0.4818279147839281
REGION1,PWRWNDB10,6,2022,0.3687085049479119
REGION1,PWRWNDB10,7,2022,0.3828337905926952
REGION1,PWRWNDB10,8,2022,0.627214363289092
REGION1,PWRWNDB10,9,2022,0.1917313646020045
REGION1,PWRWNDB10,10,2022,0.1711956347095242
REGION1,PWRWNDB10,11,2022,0.1794564238894067
REGION1,PWRWNDB10,12,2022,0.2790175400099618
REGION1,PWRWNDB10,13,2022,0.4814712979934885
REGION1,PWRWNDB10,14,2022,0.2626306887622391
REGION1,PWRWNDB10,15,2022,0.161316592408455
REGION1,PWRWNDB10,16,2022,0.500015706729212
REGION1,PWRWNDB10,17,2022,0.7339987659424091
REGION1,PWRWNDB10,18,2022,0.7077477853440982
REGION1,PWRWNDB10,19,2022,0.7221630497226469
REGION1,PWRWNDB10,20,2022,0.7671842753798946
REGION1,PWRWNDB10,21,2022,0.1568577710933019
REGION1,PWRWNDB10,22,2022,0.1868572814615233
REGION1,PWRWNDB10,23,2022,0.2228180419647949
REGION1,PWRWNDB10,24,2022,0.1694556788176945
REGION1,PWRWNDB10,25,2022,0.2716879021066192
REGION1,PWRWNDB10,26,2022,0.3776345561480839
REGION1,PWRWNDB10,27,2022,0.4602620402687122
REGION1,PWRWNDB10,28,2022,0.533456467455537
REGION1,PWRWNDB10,29,2022,0.6672515547306404
REGION1,PWRWNDB10,30,2022,0.7189553836350885
REGION1,PWRWNDB10,31,2022,0.7516454174835498
REGION1,PWRWNDB10,32,2022,0.7083807705729098
REGION1,PWRWNDB10,33,2022,0.4872475312041077
REGION1,PWRWNDB10,34,2022,0.47976416871135
REGION1,PWRWNDB10,35,2022,0.3173591797686694
REGION1,PWRWNDB10,36,2022,0.2508097616017353
REGION1,PWRWNDB10,37,2022,0.4839767028808951
REGION1,PWRWNDB10,38,2022,0.4834454900493239
REGION1,PWRWNDB10,39,2022,0.5182256937476538
REGION1,PWRWNDB10,40,2022,0.446460239704288
REGION1,PWRWNDB10,1,2023,0.656250152689639
REGION1,PWRWNDB10,2,2023,0.6080713741602999
REGION1,PWRWNDB10,3,2023,0.582055601977101
REGION1,PWRWNDB10,4,2023,0.6514207911767939
REGION1,PWRWNDB10,5,2023,0.4818279147839281
REGION1,PWRWNDB10,6,2023,0.3687085049479119
REGION1,PWRWNDB10,7,2023,0.3828337905926952
REGION1,PWRWNDB10,8,2023,0.627214363289092
REGION1,PWRWNDB10,9,2023,0.1917313646020045
REGION1,PWRWNDB10,10,2023,0.1711956347095242
REGION1,PWRWNDB10,11,2023,0.1794564238894067
REGION1,PWRWNDB10,12,2023,0.2790175400099618
REGION1,PWRWNDB10,13,2023,0.4814712979934885
REGION1,PWRWNDB10,14,2023,0.2626306887622391
REGION1,PWRWNDB10,15,2023,0.161316592408455
REGION1,PWRWNDB10,16,2023,0.500015706729212
REGION1,PWRWNDB10,17,2023,0.7339987659424091
REGION1,PWRWNDB10,18,2023,0.7077477853440982
REGION1,PWRWNDB10,19,2023,0.7221630497226469
REGION1,PWRWNDB10,20,2023,0.7671842753798946
REGION1,PWRWNDB10,21,2023,0.1568577710933019
REGION1,PWRWNDB10,22,2023,0.1868572814615233
REGION1,PWRWNDB10,23,2023,0.2228180419647949
REGION1,PWRWNDB10,24,2023,0.1694556788176945
REGION1,PWRWNDB10,25,2023,0.2716879021066192
REGION1,PWRWNDB10,26,2023,0.3776345561480839
REGION1,PWRWNDB10,27,2023,0.4602620402687122
REGION1,PWRWNDB10,28,2023,0.533456467455537
REGION1,PWRWNDB10,29,2023,0.6672515547306404
REGION1,PWRWNDB10,30,2023,0.7189553836350885
REGION1,PWRWNDB10,31,2023,0.7516454174835498
REGION1,PWRWNDB10,32,2023,0.7083807705729098
REGION1,PWRWNDB10,33,2023,0.4872475312041077
REGION1,PWRWNDB10,34,2023,0.47976416871135
REGION1,PWRWNDB10,35,2023,0.3173591797686694
REGION1,PWRWNDB10,36,2023,0.2508097616017353
REGION1,PWRWNDB10,37,2023,0.4839767028808951
REGION1,PWRWNDB10,38,2023,0.4834454900493239
REGION1,PWRWNDB10,39,2023,0.5182256937476538
REGION1,PWRWNDB10,40,2023,0.446460239704288
REGION1,PWRWNDB10,1,2024,0.656250152689639
REGION1,PWRWNDB10,2,2024,0.6080713741602999
REGION1,PWRWNDB10,3,2024,0.582055601977101
REGION1,PWRWNDB10,4,2024,0.6514207911767939
REGION1,PWRWNDB10,5,2024,0.4818279147839281
REGION1,PWRWNDB10,6,2024,0.3687085049479119
REGION1,PWRWNDB10,7,2024,0.3828337905926952
REGION1,PWRWNDB10,8,2024,0.627214363289092
REGION1,PWRWNDB10,9,2024,0.1917313646020045
REGION1,PWRWNDB10,10,2024,0.1711956347095242
REGION1,PWRWNDB10,11,2024,0.1794564238894067
REGION1,PWRWNDB10,12,2024,0.2790175400099618
REGION1,PWRWNDB10,13,2024,0.4814712979934885
REGION1,PWRWNDB10,14,2024,0.2626306887622391
REGION1,PWRWNDB10,15,2024,0.161316592408455
REGION1,PWRWNDB10,16,2024,0.500015706729212
REGION1,PWRWNDB10,17,2024,0.7339987659424091
REGION1,PWRWNDB10,18,2024,0.7077477853440982
REGION1,PWRWNDB10,19,2024,0.7221630497226469
REGION1,PWRWNDB10,20,2024,0.7671842753798946
REGION1,PWRWNDB10,21,2024,0.1568577710933019
REGION1,PWRWNDB10,22,2024,0.1868572814615233
REGION1,PWRWNDB10,23,2024,0.2228180419647949
REGION1,PWRWNDB10,24,2024,0.1694556788176945
REGION1,PWRWNDB10,25,2024,0.2716879021066192
REGION1,PWRWNDB10,26,2024,0.3776345561480839
REGION1,PWRWNDB10,27,2024,0.4602620402687122
REGION1,PWRWNDB10,28,2024,0.533456467455537
REGION1,PWRWNDB10,29,2024,0.6672515547306404
REGION1,PWRWNDB10,30,2024,0.7189553836350885
REGION1,PWRWNDB10,31,2024,0.7516454174835498
REGION1,PWRWNDB10,32,2024,0.7083807705729098
REGION1,PWRWNDB10,33,2024,0.4872475312041077
REGION1,PWRWNDB10,34,2024,0.47976416871135
REGION1,PWRWNDB10,35,2024,0.3173591797686694
REGION1,PWRWNDB10,36,2024,0.2508097616017353
REGION1,PWRWNDB10,37,2024,0.4839767028808951
REGION1,PWRWNDB10,38,2024,0.4834454900493239
REGION1,PWRWNDB10,39,2024,0.5182256937476538
REGION1,PWRWNDB10,40,2024,0.446460239704288
REGION1,PWRWNDB10,1,2025,0.656250152689639
REGION1,PWRWNDB10,2,2025,0.6080713741602999
REGION1,PWRWNDB10,3,2025,0.582055601977101
REGION1,PWRWNDB10,4,2025,0.6514207911767939
REGION1,PWRWNDB10,5,2025,0.4818279147839281
REGION1,PWRWNDB10,6,2025,0.3687085049479119
REGION1,PWRWNDB10,7,2025,0.3828337905926952
REGION1,PWRWNDB10,8,2025,0.627214363289092
REGION1,PWRWNDB10,9,2025,0.1917313646020045
REGION1,PWRWNDB10,10,2025,0.1711956347095242
REGION1,PWRWNDB10,11,2025,0.1794564238894067
REGION1,PWRWNDB10,12,2025,0.2790175400099618
REGION1,PWRWNDB10,13,2025,0.4814712979934885
REGION1,PWRWNDB10,14,2025,0.2626306887622391
REGION1,PWRWNDB10,15,2025,0.161316592408455
REGION1,PWRWNDB10,16,2025,0.500015706729212
REGION1,PWRWNDB10,17,2025,0.7339987659424091
REGION1,PWRWNDB10,18,2025,0.7077477853440982
REGION1,PWRWNDB10,19,2025,0.7221630497226469
REGION1,PWRWNDB10,20,2025,0.7671842753798946
REGION1,PWRWNDB10,21,2025,0.1568577710933019
REGION1,PWRWNDB10,22,2025,0.1868572814615233
REGION1,PWRWNDB10,23,2025,0.2228180419647949
REGION1,PWRWNDB10,24,2025,0.1694556788176945
REGION1,PWRWNDB10,25,2025,0.2716879021066192
REGION1,PWRWNDB10,26,2025,0.3776345561480839
REGION1,PWRWNDB10,27,2025,0.4602620402687122
REGION1,PWRWNDB10,28,2025,0.533456467455537
REGION1,PWRWNDB10,29,2025,0.6672515547306404
REGION1,PWRWNDB10,30,2025,0.7189553836350885
REGION1,PWRWNDB10,31,2025,0.7516454174835498
REGION1,PWRWNDB10,32,2025,0.7083807705729098
REGION1,PWRWNDB10,33,2025,0.4872475312041077
REGION1,PWRWNDB10,34,2025,0.47976416871135
REGION1,PWRWNDB10,35,2025,0.3173591797686694
REGION1,PWRWNDB10,36,2025,0.2508097616017353
REGION1,PWRWNDB10,37,2025,0.4839767028808951
REGION1,PWRWNDB10,38,2025,0.4834454900493239
REGION1,PWRWNDB10,39,2025,0.5182256937476538
REGION1,PWRWNDB10,40,2025,0.446460239704288
REGION1,PWRWNDB10,1,2026,0.656250152689639
REGION1,PWRWNDB10,2,2026,0.6080713741602999
REGION1,PWRWNDB10,3,2026,0.582055601977101
REGION1,PWRWNDB10,4,2026,0.6514207911767939
REGION1,PWRWNDB10,5,2026,0.4818279147839281
REGION1,PWRWNDB10,6,2026,0.3687085049479119
REGION1,PWRWNDB10,7,2026,0.3828337905926952
REGION1,PWRWNDB10,8,2026,0.627214363289092
REGION1,PWRWNDB10,9,2026,0.1917313646020045
REGION1,PWRWNDB10,10,2026,0.1711956347095242
REGION1,PWRWNDB10,11,2026,0.1794564238894067
REGION1,PWRWNDB10,12,2026,0.2790175400099618
REGION1,PWRWNDB10,13,2026,0.4814712979934885
REGION1,PWRWNDB10,14,2026,0.2626306887622391
REGION1,PWRWNDB10,15,2026,0.161316592408455
REGION1,PWRWNDB10,16,2026,0.500015706729212
REGION1,PWRWNDB10,17,2026,0.7339987659424091
REGION1,PWRWNDB10,18,2026,0.7077477853440982
REGION1,PWRWNDB10,19,2026,0.7221630497226469
REGION1,PWRWNDB10,20,2026,0.7671842753798946
REGION1,PWRWNDB10,21,2026,0.1568577710933019
REGION1,PWRWNDB10,22,2026,0.1868572814615233
REGION1,PWRWNDB10,23,2026,0.2228180419647949
REGION1,PWRWNDB10,24,2026,0.1694556788176945
REGION1,PWRWNDB10,25,2026,0.2716879021066192
REGION1,PWRWNDB10,26,2026,0.3776345561480839
REGION1,PWRWNDB10,27,2026,0.4602620402687122
REGION1,PWRWNDB10,28,2026,0.533456467455537
REGION1,PWRWNDB10,29,2026,0.6672515547306404
REGION1,PWRWNDB10,30,2026,0.7189553836350885
REGION1,PWRWNDB10,31,2026,0.7516454174835498
REGION1,PWRWNDB10,32,2026,0.7083807705729098
REGION1,PWRWNDB10,33,2026,0.4872475312041077
REGION1,PWRWNDB10,34,2026,0.47976416871135
REGION1,PWRWNDB10,35,2026,0.3173591797686694
REGION1,PWRWNDB10,36,2026,0.2508097616017353
REGION1,PWRWNDB10,37,2026,0.4839767028808951
REGION1,PWRWNDB10,38,2026,0.4834454900493239
REGION1,PWRWNDB10,39,2026,0.5182256937476538
REGION1,PWRWNDB10,40,2026,0.446460239704288
REGION1,PWRWNDB10,1,2027,0.656250152689639
REGION1,PWRWNDB10,2,2027,0.6080713741602999
REGION1,PWRWNDB10,3,2027,0.582055601977101
REGION1,PWRWNDB10,4,2027,0.6514207911767939
REGION1,PWRWNDB10,5,2027,0.4818279147839281
REGION1,PWRWNDB10,6,2027,0.3687085049479119
REGION1,PWRWNDB10,7,2027,0.3828337905926952
REGION1,PWRWNDB10,8,2027,0.627214363289092
REGION1,PWRWNDB10,9,2027,0.1917313646020045
REGION1,PWRWNDB10,10,2027,0.1711956347095242
REGION1,PWRWNDB10,11,2027,0.1794564238894067
REGION1,PWRWNDB10,12,2027,0.2790175400099618
REGION1,PWRWNDB10,13,2027,0.4814712979934885
REGION1,PWRWNDB10,14,2027,0.2626306887622391
REGION1,PWRWNDB10,15,2027,0.161316592408455
REGION1,PWRWNDB10,16,2027,0.500015706729212
REGION1,PWRWNDB10,17,2027,0.7339987659424091
REGION1,PWRWNDB10,18,2027,0.7077477853440982
REGION1,PWRWNDB10,19,2027,0.7221630497226469
REGION1,PWRWNDB10,20,2027,0.7671842753798946
REGION1,PWRWNDB10,21,2027,0.1568577710933019
REGION1,PWRWNDB10,22,2027,0.1868572814615233
REGION1,PWRWNDB10,23,2027,0.2228180419647949
REGION1,PWRWNDB10,24,2027,0.1694556788176945
REGION1,PWRWNDB10,25,2027,0.2716879021066192
REGION1,PWRWNDB10,26,2027,0.3776345561480839
REGION1,PWRWNDB10,27,2027,0.4602620402687122
REGION1,PWRWNDB10,28,2027,0.533456467455537
REGION1,PWRWNDB10,29,2027,0.6672515547306404
REGION1,PWRWNDB10,30,2027,0.7189553836350885
REGION1,PWRWNDB10,31,2027,0.7516454174835498
REGION1,PWRWNDB10,32,2027,0.7083807705729098
REGION1,PWRWNDB10,33,2027,0.4872475312041077
REGION1,PWRWNDB10,34,2027,0.47976416871135
REGION1,PWRWNDB10,35,2027,0.3173591797686694
REGION1,PWRWNDB10,36,2027,0.2508097616017353
REGION1,PWRWNDB10,37,2027,0.4839767028808951
REGION1,PWRWNDB10,38,2027,0.4834454900493239
REGION1,PWRWNDB10,39,2027,0.5182256937476538
REGION1,PWRWNDB10,40,2027,0.446460239704288
REGION1,PWRWNDB10,1,2028,0.656250152689639
REGION1,PWRWNDB10,2,2028,0.6080713741602999
REGION1,PWRWNDB10,3,2028,0.582055601977101
REGION1,PWRWNDB10,4,2028,0.6514207911767939
REGION1,PWRWNDB10,5,2028,0.4818279147839281
REGION1,PWRWNDB10,6,2028,0.3687085049479119
REGION1,PWRWNDB10,7,2028,0.3828337905926952
REGION1,PWRWNDB10,8,2028,0.627214363289092
REGION1,PWRWNDB10,9,2028,0.1917313646020045
REGION1,PWRWNDB10,10,2028,0.1711956347095242
REGION1,PWRWNDB10,11,2028,0.1794564238894067
REGION1,PWRWNDB10,12,2028,0.2790175400099618
REGION1,PWRWNDB10,13,2028,0.4814712979934885
REGION1,PWRWNDB10,14,2028,0.2626306887622391
REGION1,PWRWNDB10,15,2028,0.161316592408455
REGION1,PWRWNDB10,16,2028,0.500015706729212
REGION1,PWRWNDB10,17,2028,0.7339987659424091
REGION1,PWRWNDB10,18,2028,0.7077477853440982
REGION1,PWRWNDB10,19,2028,0.7221630497226469
REGION1,PWRWNDB10,20,2028,0.7671842753798946
REGION1,PWRWNDB10,21,2028,0.1568577710933019
REGION1,PWRWNDB10,22,2028,0.1868572814615233
REGION1,PWRWNDB10,23,2028,0.2228180419647949
REGION1,PWRWNDB10,24,2028,0.1694556788176945
REGION1,PWRWNDB10,25,2028,0.2716879021066192
REGION1,PWRWNDB10,26,2028,0.3776345561480839
REGION1,PWRWNDB10,27,2028,0.4602620402687122
REGION1,PWRWNDB10,28,2028,0.533456467455537
REGION1,PWRWNDB10,29,2028,0.6672515547306404
REGION1,PWRWNDB10,30,2028,0.7189553836350885
REGION1,PWRWNDB10,31,2028,0.7516454174835498
REGION1,PWRWNDB10,32,2028,0.7083807705729098
REGION1,PWRWNDB10,33,2028,0.4872475312041077
REGION1,PWRWNDB10,34,2028,0.47976416871135
REGION1,PWRWNDB10,35,2028,0.3173591797686694
REGION1,PWRWNDB10,36,2028,0.2508097616017353
REGION1,PWRWNDB10,37,2028,0.4839767028808951
REGION1,PWRWNDB10,38,2028,0.4834454900493239
REGION1,PWRWNDB10,39,2028,0.5182256937476538
REGION1,PWRWNDB10,40,2028,0.446460239704288
REGION1,PWRWNDB10,1,2029,0.656250152689639
REGION1,PWRWNDB10,2,2029,0.6080713741602999
REGION1,PWRWNDB10,3,2029,0.582055601977101
REGION1,PWRWNDB10,4,2029,0.6514207911767939
REGION1,PWRWNDB10,5,2029,0.4818279147839281
REGION1,PWRWNDB10,6,2029,0.3687085049479119
REGION1,PWRWNDB10,7,2029,0.3828337905926952
REGION1,PWRWNDB10,8,2029,0.627214363289092
REGION1,PWRWNDB10,9,2029,0.1917313646020045
REGION1,PWRWNDB10,10,2029,0.1711956347095242
REGION1,PWRWNDB10,11,2029,0.1794564238894067
REGION1,PWRWNDB10,12,2029,0.2790175400099618
REGION1,PWRWNDB10,13,2029,0.4814712979934885
REGION1,PWRWNDB10,14,2029,0.2626306887622391
REGION1,PWRWNDB10,15,2029,0.161316592408455
REGION1,PWRWNDB10,16,2029,0.500015706729212
REGION1,PWRWNDB10,17,2029,0.7339987659424091
REGION1,PWRWNDB10,18,2029,0.7077477853440982
REGION1,PWRWNDB10,19,2029,0.7221630497226469
REGION1,PWRWNDB10,20,2029,0.7671842753798946
REGION1,PWRWNDB10,21,2029,0.1568577710933019
REGION1,PWRWNDB10,22,2029,0.1868572814615233
REGION1,PWRWNDB10,23,2029,0.2228180419647949
REGION1,PWRWNDB10,24,2029,0.1694556788176945
REGION1,PWRWNDB10,25,2029,0.2716879021066192
REGION1,PWRWNDB10,26,2029,0.3776345561480839
REGION1,PWRWNDB10,27,2029,0.4602620402687122
REGION1,PWRWNDB10,28,2029,0.533456467455537
REGION1,PWRWNDB10,29,2029,0.6672515547306404
REGION1,PWRWNDB10,30,2029,0.7189553836350885
REGION1,PWRWNDB10,31,2029,0.7516454174835498
REGION1,PWRWNDB10,32,2029,0.7083807705729098
REGION1,PWRWNDB10,33,2029,0.4872475312041077
REGION1,PWRWNDB10,34,2029,0.47976416871135
REGION1,PWRWNDB10,35,2029,0.3173591797686694
REGION1,PWRWNDB10,36,2029,0.2508097616017353
REGION1,PWRWNDB10,37,2029,0.4839767028808951
REGION1,PWRWNDB10,38,2029,0.4834454900493239
REGION1,PWRWNDB10,39,2029,0.5182256937476538
REGION1,PWRWNDB10,40,2029,0.446460239704288
REGION1,PWRWNDB10,1,2030,0.656250152689639
REGION1,PWRWNDB10,2,2030,0.6080713741602999
REGION1,PWRWNDB10,3,2030,0.582055601977101
REGION1,PWRWNDB10,4,2030,0.6514207911767939
REGION1,PWRWNDB10,5,2030,0.4818279147839281
REGION1,PWRWNDB10,6,2030,0.3687085049479119
REGION1,PWRWNDB10,7,2030,0.3828337905926952
REGION1,PWRWNDB10,8,2030,0.627214363289092
REGION1,PWRWNDB10,9,2030,0.1917313646020045
REGION1,PWRWNDB10,10,2030,0.1711956347095242
REGION1,PWRWNDB10,11,2030,0.1794564238894067
REGION1,PWRWNDB10,12,2030,0.2790175400099618
REGION1,PWRWNDB10,13,2030,0.4814712979934885
REGION1,PWRWNDB10,14,2030,0.2626306887622391
REGION1,PWRWNDB10,15,2030,0.161316592408455
REGION1,PWRWNDB10,16,2030,0.500015706729212
REGION1,PWRWNDB10,17,2030,0.7339987659424091
REGION1,PWRWNDB10,18,2030,0.7077477853440982
REGION1,PWRWNDB10,19,2030,0.7221630497226469
REGION1,PWRWNDB10,20,2030,0.7671842753798946
REGION1,PWRWNDB10,21,2030,0.1568577710933019
REGION1,PWRWNDB10,22,2030,0.1868572814615233
REGION1,PWRWNDB10,23,2030,0.2228180419647949
REGION1,PWRWNDB10,24,2030,0.1694556788176945
REGION1,PWRWNDB10,25,2030,0.2716879021066192
REGION1,PWRWNDB10,26,2030,0.3776345561480839
REGION1,PWRWNDB10,27,2030,0.4602620402687122
REGION1,PWRWNDB10,28,2030,0.533456467455537
REGION1,PWRWNDB10,29,2030,0.6672515547306404
REGION1,PWRWNDB10,30,2030,0.7189553836350885
REGION1,PWRWNDB10,31,2030,0.7516454174835498
REGION1,PWRWNDB10,32,2030,0.7083807705729098
REGION1,PWRWNDB10,33,2030,0.4872475312041077
REGION1,PWRWNDB10,34,2030,0.47976416871135
REGION1,PWRWNDB10,35,2030,0.3173591797686694
REGION1,PWRWNDB10,36,2030,0.2508097616017353
REGION1,PWRWNDB10,37,2030,0.4839767028808951
REGION1,PWRWNDB10,38,2030,0.4834454900493239
REGION1,PWRWNDB10,39,2030,0.5182256937476538
REGION1,PWRWNDB10,40,2030,0.446460239704288
REGION1,PWRWNDB10,1,2031,0.656250152689639
REGION1,PWRWNDB10,2,2031,0.6080713741602999
REGION1,PWRWNDB10,3,2031,0.582055601977101
REGION1,PWRWNDB10,4,2031,0.6514207911767939
REGION1,PWRWNDB10,5,2031,0.4818279147839281
REGION1,PWRWNDB10,6,2031,0.3687085049479119
REGION1,PWRWNDB10,7,2031,0.3828337905926952
REGION1,PWRWNDB10,8,2031,0.627214363289092
REGION1,PWRWNDB10,9,2031,0.1917313646020045
REGION1,PWRWNDB10,10,2031,0.1711956347095242
REGION1,PWRWNDB10,11,2031,0.1794564238894067
REGION1,PWRWNDB10,12,2031,0.2790175400099618
REGION1,PWRWNDB10,13,2031,0.4814712979934885
REGION1,PWRWNDB10,14,2031,0.2626306887622391
REGION1,PWRWNDB10,15,2031,0.161316592408455
REGION1,PWRWNDB10,16,2031,0.500015706729212
REGION1,PWRWNDB10,17,2031,0.7339987659424091
REGION1,PWRWNDB10,18,2031,0.7077477853440982
REGION1,PWRWNDB10,19,2031,0.7221630497226469
REGION1,PWRWNDB10,20,2031,0.7671842753798946
REGION1,PWRWNDB10,21,2031,0.1568577710933019
REGION1,PWRWNDB10,22,2031,0.1868572814615233
REGION1,PWRWNDB10,23,2031,0.2228180419647949
REGION1,PWRWNDB10,24,2031,0.1694556788176945
REGION1,PWRWNDB10,25,2031,0.2716879021066192
REGION1,PWRWNDB10,26,2031,0.3776345561480839
REGION1,PWRWNDB10,27,2031,0.4602620402687122
REGION1,PWRWNDB10,28,2031,0.533456467455537
REGION1,PWRWNDB10,29,2031,0.6672515547306404
REGION1,PWRWNDB10,30,2031,0.7189553836350885
REGION1,PWRWNDB10,31,2031,0.7516454174835498
REGION1,PWRWNDB10,32,2031,0.7083807705729098
REGION1,PWRWNDB10,33,2031,0.4872475312041077
REGION1,PWRWNDB10,34,2031,0.47976416871135
REGION1,PWRWNDB10,35,2031,0.3173591797686694
REGION1,PWRWNDB10,36,2031,0.2508097616017353
REGION1,PWRWNDB10,37,2031,0.4839767028808951
REGION1,PWRWNDB10,38,2031,0.4834454900493239
REGION1,PWRWNDB10,39,2031,0.5182256937476538
REGION1,PWRWNDB10,40,2031,0.446460239704288
REGION1,PWRWNDB10,1,2032,0.656250152689639
REGION1,PWRWNDB10,2,2032,0.6080713741602999
REGION1,PWRWNDB10,3,2032,0.582055601977101
REGION1,PWRWNDB10,4,2032,0.6514207911767939
REGION1,PWRWNDB10,5,2032,0.4818279147839281
REGION1,PWRWNDB10,6,2032,0.3687085049479119
REGION1,PWRWNDB10,7,2032,0.3828337905926952
REGION1,PWRWNDB10,8,2032,0.627214363289092
REGION1,PWRWNDB10,9,2032,0.1917313646020045
REGION1,PWRWNDB10,10,2032,0.1711956347095242
REGION1,PWRWNDB10,11,2032,0.1794564238894067
REGION1,PWRWNDB10,12,2032,0.2790175400099618
REGION1,PWRWNDB10,13,2032,0.4814712979934885
REGION1,PWRWNDB10,14,2032,0.2626306887622391
REGION1,PWRWNDB10,15,2032,0.161316592408455
REGION1,PWRWNDB10,16,2032,0.500015706729212
REGION1,PWRWNDB10,17,2032,0.7339987659424091
REGION1,PWRWNDB10,18,2032,0.7077477853440982
REGION1,PWRWNDB10,19,2032,0.7221630497226469
REGION1,PWRWNDB10,20,2032,0.7671842753798946
REGION1,PWRWNDB10,21,2032,0.1568577710933019
REGION1,PWRWNDB10,22,2032,0.1868572814615233
REGION1,PWRWNDB10,23,2032,0.2228180419647949
REGION1,PWRWNDB10,24,2032,0.1694556788176945
REGION1,PWRWNDB10,25,2032,0.2716879021066192
REGION1,PWRWNDB10,26,2032,0.3776345561480839
REGION1,PWRWNDB10,27,2032,0.4602620402687122
REGION1,PWRWNDB10,28,2032,0.533456467455537
REGION1,PWRWNDB10,29,2032,0.6672515547306404
REGION1,PWRWNDB10,30,2032,0.7189553836350885
REGION1,PWRWNDB10,31,2032,0.7516454174835498
REGION1,PWRWNDB10,32,2032,0.7083807705729098
REGION1,PWRWNDB10,33,2032,0.4872475312041077
REGION1,PWRWNDB10,34,2032,0.47976416871135
REGION1,PWRWNDB10,35,2032,0.3173591797686694
REGION1,PWRWNDB10,36,2032,0.2508097616017353
REGION1,PWRWNDB10,37,2032,0.4839767028808951
REGION1,PWRWNDB10,38,2032,0.4834454900493239
REGION1,PWRWNDB10,39,2032,0.5182256937476538
REGION1,PWRWNDB10,40,2032,0.446460239704288
REGION1,PWRWNDB10,1,2033,0.656250152689639
REGION1,PWRWNDB10,2,2033,0.6080713741602999
REGION1,PWRWNDB10,3,2033,0.582055601977101
REGION1,PWRWNDB10,4,2033,0.6514207911767939
REGION1,PWRWNDB10,5,2033,0.4818279147839281
REGION1,PWRWNDB10,6,2033,0.3687085049479119
REGION1,PWRWNDB10,7,2033,0.3828337905926952
REGION1,PWRWNDB10,8,2033,0.627214363289092
REGION1,PWRWNDB10,9,2033,0.1917313646020045
REGION1,PWRWNDB10,10,2033,0.1711956347095242
REGION1,PWRWNDB10,11,2033,0.1794564238894067
REGION1,PWRWNDB10,12,2033,0.2790175400099618
REGION1,PWRWNDB10,13,2033,0.4814712979934885
REGION1,PWRWNDB10,14,2033,0.2626306887622391
REGION1,PWRWNDB10,15,2033,0.161316592408455
REGION1,PWRWNDB10,16,2033,0.500015706729212
REGION1,PWRWNDB10,17,2033,0.7339987659424091
REGION1,PWRWNDB10,18,2033,0.7077477853440982
REGION1,PWRWNDB10,19,2033,0.7221630497226469
REGION1,PWRWNDB10,20,2033,0.7671842753798946
REGION1,PWRWNDB10,21,2033,0.1568577710933019
REGION1,PWRWNDB10,22,2033,0.1868572814615233
REGION1,PWRWNDB10,23,2033,0.2228180419647949
REGION1,PWRWNDB10,24,2033,0.1694556788176945
REGION1,PWRWNDB10,25,2033,0.2716879021066192
REGION1,PWRWNDB10,26,2033,0.3776345561480839
REGION1,PWRWNDB10,27,2033,0.4602620402687122
REGION1,PWRWNDB10,28,2033,0.533456467455537
REGION1,PWRWNDB10,29,2033,0.6672515547306404
REGION1,PWRWNDB10,30,2033,0.7189553836350885
REGION1,PWRWNDB10,31,2033,0.7516454174835498
REGION1,PWRWNDB10,32,2033,0.7083807705729098
REGION1,PWRWNDB10,33,2033,0.4872475312041077
REGION1,PWRWNDB10,34,2033,0.47976416871135
REGION1,PWRWNDB10,35,2033,0.3173591797686694
REGION1,PWRWNDB10,36,2033,0.2508097616017353
REGION1,PWRWNDB10,37,2033,0.4839767028808951
REGION1,PWRWNDB10,38,2033,0.4834454900493239
REGION1,PWRWNDB10,39,2033,0.5182256937476538
REGION1,PWRWNDB10,40,2033,0.446460239704288
REGION1,PWRWNDB10,1,2034,0.656250152689639
REGION1,PWRWNDB10,2,2034,0.6080713741602999
REGION1,PWRWNDB10,3,2034,0.582055601977101
REGION1,PWRWNDB10,4,2034,0.6514207911767939
REGION1,PWRWNDB10,5,2034,0.4818279147839281
REGION1,PWRWNDB10,6,2034,0.3687085049479119
REGION1,PWRWNDB10,7,2034,0.3828337905926952
REGION1,PWRWNDB10,8,2034,0.627214363289092
REGION1,PWRWNDB10,9,2034,0.1917313646020045
REGION1,PWRWNDB10,10,2034,0.1711956347095242
REGION1,PWRWNDB10,11,2034,0.1794564238894067
REGION1,PWRWNDB10,12,2034,0.2790175400099618
REGION1,PWRWNDB10,13,2034,0.4814712979934885
REGION1,PWRWNDB10,14,2034,0.2626306887622391
REGION1,PWRWNDB10,15,2034,0.161316592408455
REGION1,PWRWNDB10,16,2034,0.500015706729212
REGION1,PWRWNDB10,17,2034,0.7339987659424091
REGION1,PWRWNDB10,18,2034,0.7077477853440982
REGION1,PWRWNDB10,19,2034,0.7221630497226469
REGION1,PWRWNDB10,20,2034,0.7671842753798946
REGION1,PWRWNDB10,21,2034,0.1568577710933019
REGION1,PWRWNDB10,22,2034,0.1868572814615233
REGION1,PWRWNDB10,23,2034,0.2228180419647949
REGION1,PWRWNDB10,24,2034,0.1694556788176945
REGION1,PWRWNDB10,25,2034,0.2716879021066192
REGION1,PWRWNDB10,26,2034,0.3776345561480839
REGION1,PWRWNDB10,27,2034,0.4602620402687122
REGION1,PWRWNDB10,28,2034,0.533456467455537
REGION1,PWRWNDB10,29,2034,0.6672515547306404
REGION1,PWRWNDB10,30,2034,0.7189553836350885
REGION1,PWRWNDB10,31,2034,0.7516454174835498
REGION1,PWRWNDB10,32,2034,0.7083807705729098
REGION1,PWRWNDB10,33,2034,0.4872475312041077
REGION1,PWRWNDB10,34,2034,0.47976416871135
REGION1,PWRWNDB10,35,2034,0.3173591797686694
REGION1,PWRWNDB10,36,2034,0.2508097616017353
REGION1,PWRWNDB10,37,2034,0.4839767028808951
REGION1,PWRWNDB10,38,2034,0.4834454900493239
REGION1,PWRWNDB10,39,2034,0.5182256937476538
REGION1,PWRWNDB10,40,2034,0.446460239704288
REGION1,PWRWNDB10,1,2035,0.656250152689639
REGION1,PWRWNDB10,2,2035,0.6080713741602999
REGION1,PWRWNDB10,3,2035,0.582055601977101
REGION1,PWRWNDB10,4,2035,0.6514207911767939
REGION1,PWRWNDB10,5,2035,0.4818279147839281
REGION1,PWRWNDB10,6,2035,0.3687085049479119
REGION1,PWRWNDB10,7,2035,0.3828337905926952
REGION1,PWRWNDB10,8,2035,0.627214363289092
REGION1,PWRWNDB10,9,2035,0.1917313646020045
REGION1,PWRWNDB10,10,2035,0.1711956347095242
REGION1,PWRWNDB10,11,2035,0.1794564238894067
REGION1,PWRWNDB10,12,2035,0.2790175400099618
REGION1,PWRWNDB10,13,2035,0.4814712979934885
REGION1,PWRWNDB10,14,2035,0.2626306887622391
REGION1,PWRWNDB10,15,2035,0.161316592408455
REGION1,PWRWNDB10,16,2035,0.500015706729212
REGION1,PWRWNDB10,17,2035,0.7339987659424091
REGION1,PWRWNDB10,18,2035,0.7077477853440982
REGION1,PWRWNDB10,19,2035,0.7221630497226469
REGION1,PWRWNDB10,20,2035,0.7671842753798946
REGION1,PWRWNDB10,21,2035,0.1568577710933019
REGION1,PWRWNDB10,22,2035,0.1868572814615233
REGION1,PWRWNDB10,23,2035,0.2228180419647949
REGION1,PWRWNDB10,24,2035,0.1694556788176945
REGION1,PWRWNDB10,25,2035,0.2716879021066192
REGION1,PWRWNDB10,26,2035,0.3776345561480839
REGION1,PWRWNDB10,27,2035,0.4602620402687122
REGION1,PWRWNDB10,28,2035,0.533456467455537
REGION1,PWRWNDB10,29,2035,0.6672515547306404
REGION1,PWRWNDB10,30,2035,0.7189553836350885
REGION1,PWRWNDB10,31,2035,0.7516454174835498
REGION1,PWRWNDB10,32,2035,0.7083807705729098
REGION1,PWRWNDB10,33,2035,0.4872475312041077
REGION1,PWRWNDB10,34,2035,0.47976416871135
REGION1,PWRWNDB10,35,2035,0.3173591797686694
REGION1,PWRWNDB10,36,2035,0.2508097616017353
REGION1,PWRWNDB10,37,2035,0.4839767028808951
REGION1,PWRWNDB10,38,2035,0.4834454900493239
REGION1,PWRWNDB10,39,2035,0.5182256937476538
REGION1,PWRWNDB10,40,2035,0.446460239704288
REGION1,PWRWNDB10,1,2036,0.656250152689639
REGION1,PWRWNDB10,2,2036,0.6080713741602999
REGION1,PWRWNDB10,3,2036,0.582055601977101
REGION1,PWRWNDB10,4,2036,0.6514207911767939
REGION1,PWRWNDB10,5,2036,0.4818279147839281
REGION1,PWRWNDB10,6,2036,0.3687085049479119
REGION1,PWRWNDB10,7,2036,0.3828337905926952
REGION1,PWRWNDB10,8,2036,0.627214363289092
REGION1,PWRWNDB10,9,2036,0.1917313646020045
REGION1,PWRWNDB10,10,2036,0.1711956347095242
REGION1,PWRWNDB10,11,2036,0.1794564238894067
REGION1,PWRWNDB10,12,2036,0.2790175400099618
REGION1,PWRWNDB10,13,2036,0.4814712979934885
REGION1,PWRWNDB10,14,2036,0.2626306887622391
REGION1,PWRWNDB10,15,2036,0.161316592408455
REGION1,PWRWNDB10,16,2036,0.500015706729212
REGION1,PWRWNDB10,17,2036,0.7339987659424091
REGION1,PWRWNDB10,18,2036,0.7077477853440982
REGION1,PWRWNDB10,19,2036,0.7221630497226469
REGION1,PWRWNDB10,20,2036,0.7671842753798946
REGION1,PWRWNDB10,21,2036,0.1568577710933019
REGION1,PWRWNDB10,22,2036,0.1868572814615233
REGION1,PWRWNDB10,23,2036,0.2228180419647949
REGION1,PWRWNDB10,24,2036,0.1694556788176945
REGION1,PWRWNDB10,25,2036,0.2716879021066192
REGION1,PWRWNDB10,26,2036,0.3776345561480839
REGION1,PWRWNDB10,27,2036,0.4602620402687122
REGION1,PWRWNDB10,28,2036,0.533456467455537
REGION1,PWRWNDB10,29,2036,0.6672515547306404
REGION1,PWRWNDB10,30,2036,0.7189553836350885
REGION1,PWRWNDB10,31,2036,0.7516454174835498
REGION1,PWRWNDB10,32,2036,0.7083807705729098
REGION1,PWRWNDB10,33,2036,0.4872475312041077
REGION1,PWRWNDB10,34,2036,0.47976416871135
REGION1,PWRWNDB10,35,2036,0.3173591797686694
REGION1,PWRWNDB10,36,2036,0.2508097616017353
REGION1,PWRWNDB10,37,2036,0.4839767028808951
REGION1,PWRWNDB10,38,2036,0.4834454900493239
REGION1,PWRWNDB10,39,2036,0.5182256937476538
REGION1,PWRWNDB10,40,2036,0.446460239704288
REGION1,PWRWNDB10,1,2037,0.656250152689639
REGION1,PWRWNDB10,2,2037,0.6080713741602999
REGION1,PWRWNDB10,3,2037,0.582055601977101
REGION1,PWRWNDB10,4,2037,0.6514207911767939
REGION1,PWRWNDB10,5,2037,0.4818279147839281
REGION1,PWRWNDB10,6,2037,0.3687085049479119
REGION1,PWRWNDB10,7,2037,0.3828337905926952
REGION1,PWRWNDB10,8,2037,0.627214363289092
REGION1,PWRWNDB10,9,2037,0.1917313646020045
REGION1,PWRWNDB10,10,2037,0.1711956347095242
REGION1,PWRWNDB10,11,2037,0.1794564238894067
REGION1,PWRWNDB10,12,2037,0.2790175400099618
REGION1,PWRWNDB10,13,2037,0.4814712979934885
REGION1,PWRWNDB10,14,2037,0.2626306887622391
REGION1,PWRWNDB10,15,2037,0.161316592408455
REGION1,PWRWNDB10,16,2037,0.500015706729212
REGION1,PWRWNDB10,17,2037,0.7339987659424091
REGION1,PWRWNDB10,18,2037,0.7077477853440982
REGION1,PWRWNDB10,19,2037,0.7221630497226469
REGION1,PWRWNDB10,20,2037,0.7671842753798946
REGION1,PWRWNDB10,21,2037,0.1568577710933019
REGION1,PWRWNDB10,22,2037,0.1868572814615233
REGION1,PWRWNDB10,23,2037,0.2228180419647949
REGION1,PWRWNDB10,24,2037,0.1694556788176945
REGION1,PWRWNDB10,25,2037,0.2716879021066192
REGION1,PWRWNDB10,26,2037,0.3776345561480839
REGION1,PWRWNDB10,27,2037,0.4602620402687122
REGION1,PWRWNDB10,28,2037,0.533456467455537
REGION1,PWRWNDB10,29,2037,0.6672515547306404
REGION1,PWRWNDB10,30,2037,0.7189553836350885
REGION1,PWRWNDB10,31,2037,0.7516454174835498
REGION1,PWRWNDB10,32,2037,0.7083807705729098
REGION1,PWRWNDB10,33,2037,0.4872475312041077
REGION1,PWRWNDB10,34,2037,0.47976416871135
REGION1,PWRWNDB10,35,2037,0.3173591797686694
REGION1,PWRWNDB10,36,2037,0.2508097616017353
REGION1,PWRWNDB10,37,2037,0.4839767028808951
REGION1,PWRWNDB10,38,2037,0.4834454900493239
REGION1,PWRWNDB10,39,2037,0.5182256937476538
REGION1,PWRWNDB10,40,2037,0.446460239704288
REGION1,PWRWNDB10,1,2038,0.656250152689639
REGION1,PWRWNDB10,2,2038,0.6080713741602999
REGION1,PWRWNDB10,3,2038,0.582055601977101
REGION1,PWRWNDB10,4,2038,0.6514207911767939
REGION1,PWRWNDB10,5,2038,0.4818279147839281
REGION1,PWRWNDB10,6,2038,0.3687085049479119
REGION1,PWRWNDB10,7,2038,0.3828337905926952
REGION1,PWRWNDB10,8,2038,0.627214363289092
REGION1,PWRWNDB10,9,2038,0.1917313646020045
REGION1,PWRWNDB10,10,2038,0.1711956347095242
REGION1,PWRWNDB10,11,2038,0.1794564238894067
REGION1,PWRWNDB10,12,2038,0.2790175400099618
REGION1,PWRWNDB10,13,2038,0.4814712979934885
REGION1,PWRWNDB10,14,2038,0.2626306887622391
REGION1,PWRWNDB10,15,2038,0.161316592408455
REGION1,PWRWNDB10,16,2038,0.500015706729212
REGION1,PWRWNDB10,17,2038,0.7339987659424091
REGION1,PWRWNDB10,18,2038,0.7077477853440982
REGION1,PWRWNDB10,19,2038,0.7221630497226469
REGION1,PWRWNDB10,20,2038,0.7671842753798946
REGION1,PWRWNDB10,21,2038,0.1568577710933019
REGION1,PWRWNDB10,22,2038,0.1868572814615233
REGION1,PWRWNDB10,23,2038,0.2228180419647949
REGION1,PWRWNDB10,24,2038,0.1694556788176945
REGION1,PWRWNDB10,25,2038,0.2716879021066192
REGION1,PWRWNDB10,26,2038,0.3776345561480839
REGION1,PWRWNDB10,27,2038,0.4602620402687122
REGION1,PWRWNDB10,28,2038,0.533456467455537
REGION1,PWRWNDB10,29,2038,0.6672515547306404
REGION1,PWRWNDB10,30,2038,0.7189553836350885
REGION1,PWRWNDB10,31,2038,0.7516454174835498
REGION1,PWRWNDB10,32,2038,0.7083807705729098
REGION1,PWRWNDB10,33,2038,0.4872475312041077
REGION1,PWRWNDB10,34,2038,0.47976416871135
REGION1,PWRWNDB10,35,2038,0.3173591797686694
REGION1,PWRWNDB10,36,2038,0.2508097616017353
REGION1,PWRWNDB10,37,2038,0.4839767028808951
REGION1,PWRWNDB10,38,2038,0.4834454900493239
REGION1,PWRWNDB10,39,2038,0.5182256937476538
REGION1,PWRWNDB10,40,2038,0.446460239704288
REGION1,PWRWNDB10,1,2039,0.656250152689639
REGION1,PWRWNDB10,2,2039,0.6080713741602999
REGION1,PWRWNDB10,3,2039,0.582055601977101
REGION1,PWRWNDB10,4,2039,0.6514207911767939
REGION1,PWRWNDB10,5,2039,0.4818279147839281
REGION1,PWRWNDB10,6,2039,0.3687085049479119
REGION1,PWRWNDB10,7,2039,0.3828337905926952
REGION1,PWRWNDB10,8,2039,0.627214363289092
REGION1,PWRWNDB10,9,2039,0.1917313646020045
REGION1,PWRWNDB10,10,2039,0.1711956347095242
REGION1,PWRWNDB10,11,2039,0.1794564238894067
REGION1,PWRWNDB10,12,2039,0.2790175400099618
REGION1,PWRWNDB10,13,2039,0.4814712979934885
REGION1,PWRWNDB10,14,2039,0.2626306887622391
REGION1,PWRWNDB10,15,2039,0.161316592408455
REGION1,PWRWNDB10,16,2039,0.500015706729212
REGION1,PWRWNDB10,17,2039,0.7339987659424091
REGION1,PWRWNDB10,18,2039,0.7077477853440982
REGION1,PWRWNDB10,19,2039,0.7221630497226469
REGION1,PWRWNDB10,20,2039,0.7671842753798946
REGION1,PWRWNDB10,21,2039,0.1568577710933019
REGION1,PWRWNDB10,22,2039,0.1868572814615233
REGION1,PWRWNDB10,23,2039,0.2228180419647949
REGION1,PWRWNDB10,24,2039,0.1694556788176945
REGION1,PWRWNDB10,25,2039,0.2716879021066192
REGION1,PWRWNDB10,26,2039,0.3776345561480839
REGION1,PWRWNDB10,27,2039,0.4602620402687122
REGION1,PWRWNDB10,28,2039,0.533456467455537
REGION1,PWRWNDB10,29,2039,0.6672515547306404
REGION1,PWRWNDB10,30,2039,0.7189553836350885
REGION1,PWRWNDB10,31,2039,0.7516454174835498
REGION1,PWRWNDB10,32,2039,0.7083807705729098
REGION1,PWRWNDB10,33,2039,0.4872475312041077
REGION1,PWRWNDB10,34,2039,0.47976416871135
REGION1,PWRWNDB10,35,2039,0.3173591797686694
REGION1,PWRWNDB10,36,2039,0.2508097616017353
REGION1,PWRWNDB10,37,2039,0.4839767028808951
REGION1,PWRWNDB10,38,2039,0.4834454900493239
REGION1,PWRWNDB10,39,2039,0.5182256937476538
REGION1,PWRWNDB10,40,2039,0.446460239704288
REGION1,PWRWNDB10,1,2040,0.656250152689639
REGION1,PWRWNDB10,2,2040,0.6080713741602999
REGION1,PWRWNDB10,3,2040,0.582055601977101
REGION1,PWRWNDB10,4,2040,0.6514207911767939
REGION1,PWRWNDB10,5,2040,0.4818279147839281
REGION1,PWRWNDB10,6,2040,0.3687085049479119
REGION1,PWRWNDB10,7,2040,0.3828337905926952
REGION1,PWRWNDB10,8,2040,0.627214363289092
REGION1,PWRWNDB10,9,2040,0.1917313646020045
REGION1,PWRWNDB10,10,2040,0.1711956347095242
REGION1,PWRWNDB10,11,2040,0.1794564238894067
REGION1,PWRWNDB10,12,2040,0.2790175400099618
REGION1,PWRWNDB10,13,2040,0.4814712979934885
REGION1,PWRWNDB10,14,2040,0.2626306887622391
REGION1,PWRWNDB10,15,2040,0.161316592408455
REGION1,PWRWNDB10,16,2040,0.500015706729212
REGION1,PWRWNDB10,17,2040,0.7339987659424091
REGION1,PWRWNDB10,18,2040,0.7077477853440982
REGION1,PWRWNDB10,19,2040,0.7221630497226469
REGION1,PWRWNDB10,20,2040,0.7671842753798946
REGION1,PWRWNDB10,21,2040,0.1568577710933019
REGION1,PWRWNDB10,22,2040,0.1868572814615233
REGION1,PWRWNDB10,23,2040,0.2228180419647949
REGION1,PWRWNDB10,24,2040,0.1694556788176945
REGION1,PWRWNDB10,25,2040,0.2716879021066192
REGION1,PWRWNDB10,26,2040,0.3776345561480839
REGION1,PWRWNDB10,27,2040,0.4602620402687122
REGION1,PWRWNDB10,28,2040,0.533456467455537
REGION1,PWRWNDB10,29,2040,0.6672515547306404
REGION1,PWRWNDB10,30,2040,0.7189553836350885
REGION1,PWRWNDB10,31,2040,0.7516454174835498
REGION1,PWRWNDB10,32,2040,0.7083807705729098
REGION1,PWRWNDB10,33,2040,0.4872475312041077
REGION1,PWRWNDB10,34,2040,0.47976416871135
REGION1,PWRWNDB10,35,2040,0.3173591797686694
REGION1,PWRWNDB10,36,2040,0.2508097616017353
REGION1,PWRWNDB10,37,2040,0.4839767028808951
REGION1,PWRWNDB10,38,2040,0.4834454900493239
REGION1,PWRWNDB10,39,2040,0.5182256937476538
REGION1,PWRWNDB10,40,2040,0.446460239704288
REGION1,PWRWNDB10,1,2041,0.656250152689639
REGION1,PWRWNDB10,2,2041,0.6080713741602999
REGION1,PWRWNDB10,3,2041,0.582055601977101
REGION1,PWRWNDB10,4,2041,0.6514207911767939
REGION1,PWRWNDB10,5,2041,0.4818279147839281
REGION1,PWRWNDB10,6,2041,0.3687085049479119
REGION1,PWRWNDB10,7,2041,0.3828337905926952
REGION1,PWRWNDB10,8,2041,0.627214363289092
REGION1,PWRWNDB10,9,2041,0.1917313646020045
REGION1,PWRWNDB10,10,2041,0.1711956347095242
REGION1,PWRWNDB10,11,2041,0.1794564238894067
REGION1,PWRWNDB10,12,2041,0.2790175400099618
REGION1,PWRWNDB10,13,2041,0.4814712979934885
REGION1,PWRWNDB10,14,2041,0.2626306887622391
REGION1,PWRWNDB10,15,2041,0.161316592408455
REGION1,PWRWNDB10,16,2041,0.500015706729212
REGION1,PWRWNDB10,17,2041,0.7339987659424091
REGION1,PWRWNDB10,18,2041,0.7077477853440982
REGION1,PWRWNDB10,19,2041,0.7221630497226469
REGION1,PWRWNDB10,20,2041,0.7671842753798946
REGION1,PWRWNDB10,21,2041,0.1568577710933019
REGION1,PWRWNDB10,22,2041,0.1868572814615233
REGION1,PWRWNDB10,23,2041,0.2228180419647949
REGION1,PWRWNDB10,24,2041,0.1694556788176945
REGION1,PWRWNDB10,25,2041,0.2716879021066192
REGION1,PWRWNDB10,26,2041,0.3776345561480839
REGION1,PWRWNDB10,27,2041,0.4602620402687122
REGION1,PWRWNDB10,28,2041,0.533456467455537
REGION1,PWRWNDB10,29,2041,0.6672515547306404
REGION1,PWRWNDB10,30,2041,0.7189553836350885
REGION1,PWRWNDB10,31,2041,0.7516454174835498
REGION1,PWRWNDB10,32,2041,0.7083807705729098
REGION1,PWRWNDB10,33,2041,0.4872475312041077
REGION1,PWRWNDB10,34,2041,0.47976416871135
REGION1,PWRWNDB10,35,2041,0.3173591797686694
REGION1,PWRWNDB10,36,2041,0.2508097616017353
REGION1,PWRWNDB10,37,2041,0.4839767028808951
REGION1,PWRWNDB10,38,2041,0.4834454900493239
REGION1,PWRWNDB10,39,2041,0.5182256937476538
REGION1,PWRWNDB10,40,2041,0.446460239704288
REGION1,PWRWNDB10,1,2042,0.656250152689639
REGION1,PWRWNDB10,2,2042,0.6080713741602999
REGION1,PWRWNDB10,3,2042,0.582055601977101
REGION1,PWRWNDB10,4,2042,0.6514207911767939
REGION1,PWRWNDB10,5,2042,0.4818279147839281
REGION1,PWRWNDB10,6,2042,0.3687085049479119
REGION1,PWRWNDB10,7,2042,0.3828337905926952
REGION1,PWRWNDB10,8,2042,0.627214363289092
REGION1,PWRWNDB10,9,2042,0.1917313646020045
REGION1,PWRWNDB10,10,2042,0.1711956347095242
REGION1,PWRWNDB10,11,2042,0.1794564238894067
REGION1,PWRWNDB10,12,2042,0.2790175400099618
REGION1,PWRWNDB10,13,2042,0.4814712979934885
REGION1,PWRWNDB10,14,2042,0.2626306887622391
REGION1,PWRWNDB10,15,2042,0.161316592408455
REGION1,PWRWNDB10,16,2042,0.500015706729212
REGION1,PWRWNDB10,17,2042,0.7339987659424091
REGION1,PWRWNDB10,18,2042,0.7077477853440982
REGION1,PWRWNDB10,19,2042,0.7221630497226469
REGION1,PWRWNDB10,20,2042,0.7671842753798946
REGION1,PWRWNDB10,21,2042,0.1568577710933019
REGION1,PWRWNDB10,22,2042,0.1868572814615233
REGION1,PWRWNDB10,23,2042,0.2228180419647949
REGION1,PWRWNDB10,24,2042,0.1694556788176945
REGION1,PWRWNDB10,25,2042,0.2716879021066192
REGION1,PWRWNDB10,26,2042,0.3776345561480839
REGION1,PWRWNDB10,27,2042,0.4602620402687122
REGION1,PWRWNDB10,28,2042,0.533456467455537
REGION1,PWRWNDB10,29,2042,0.6672515547306404
REGION1,PWRWNDB10,30,2042,0.7189553836350885
REGION1,PWRWNDB10,31,2042,0.7516454174835498
REGION1,PWRWNDB10,32,2042,0.7083807705729098
REGION1,PWRWNDB10,33,2042,0.4872475312041077
REGION1,PWRWNDB10,34,2042,0.47976416871135
REGION1,PWRWNDB10,35,2042,0.3173591797686694
REGION1,PWRWNDB10,36,2042,0.2508097616017353
REGION1,PWRWNDB10,37,2042,0.4839767028808951
REGION1,PWRWNDB10,38,2042,0.4834454900493239
REGION1,PWRWNDB10,39,2042,0.5182256937476538
REGION1,PWRWNDB10,40,2042,0.446460239704288
REGION1,PWRWNDB10,1,2043,0.656250152689639
REGION1,PWRWNDB10,2,2043,0.6080713741602999
REGION1,PWRWNDB10,3,2043,0.582055601977101
REGION1,PWRWNDB10,4,2043,0.6514207911767939
REGION1,PWRWNDB10,5,2043,0.4818279147839281
REGION1,PWRWNDB10,6,2043,0.3687085049479119
REGION1,PWRWNDB10,7,2043,0.3828337905926952
REGION1,PWRWNDB10,8,2043,0.627214363289092
REGION1,PWRWNDB10,9,2043,0.1917313646020045
REGION1,PWRWNDB10,10,2043,0.1711956347095242
REGION1,PWRWNDB10,11,2043,0.1794564238894067
REGION1,PWRWNDB10,12,2043,0.2790175400099618
REGION1,PWRWNDB10,13,2043,0.4814712979934885
REGION1,PWRWNDB10,14,2043,0.2626306887622391
REGION1,PWRWNDB10,15,2043,0.161316592408455
REGION1,PWRWNDB10,16,2043,0.500015706729212
REGION1,PWRWNDB10,17,2043,0.7339987659424091
REGION1,PWRWNDB10,18,2043,0.7077477853440982
REGION1,PWRWNDB10,19,2043,0.7221630497226469
REGION1,PWRWNDB10,20,2043,0.7671842753798946
REGION1,PWRWNDB10,21,2043,0.1568577710933019
REGION1,PWRWNDB10,22,2043,0.1868572814615233
REGION1,PWRWNDB10,23,2043,0.2228180419647949
REGION1,PWRWNDB10,24,2043,0.1694556788176945
REGION1,PWRWNDB10,25,2043,0.2716879021066192
REGION1,PWRWNDB10,26,2043,0.3776345561480839
REGION1,PWRWNDB10,27,2043,0.4602620402687122
REGION1,PWRWNDB10,28,2043,0.533456467455537
REGION1,PWRWNDB10,29,2043,0.6672515547306404
REGION1,PWRWNDB10,30,2043,0.7189553836350885
REGION1,PWRWNDB10,31,2043,0.7516454174835498
REGION1,PWRWNDB10,32,2043,0.7083807705729098
REGION1,PWRWNDB10,33,2043,0.4872475312041077
REGION1,PWRWNDB10,34,2043,0.47976416871135
REGION1,PWRWNDB10,35,2043,0.3173591797686694
REGION1,PWRWNDB10,36,2043,0.2508097616017353
REGION1,PWRWNDB10,37,2043,0.4839767028808951
REGION1,PWRWNDB10,38,2043,0.4834454900493239
REGION1,PWRWNDB10,39,2043,0.5182256937476538
REGION1,PWRWNDB10,40,2043,0.446460239704288
REGION1,PWRWNDB10,1,2044,0.656250152689639
REGION1,PWRWNDB10,2,2044,0.6080713741602999
REGION1,PWRWNDB10,3,2044,0.582055601977101
REGION1,PWRWNDB10,4,2044,0.6514207911767939
REGION1,PWRWNDB10,5,2044,0.4818279147839281
REGION1,PWRWNDB10,6,2044,0.3687085049479119
REGION1,PWRWNDB10,7,2044,0.3828337905926952
REGION1,PWRWNDB10,8,2044,0.627214363289092
REGION1,PWRWNDB10,9,2044,0.1917313646020045
REGION1,PWRWNDB10,10,2044,0.1711956347095242
REGION1,PWRWNDB10,11,2044,0.1794564238894067
REGION1,PWRWNDB10,12,2044,0.2790175400099618
REGION1,PWRWNDB10,13,2044,0.4814712979934885
REGION1,PWRWNDB10,14,2044,0.2626306887622391
REGION1,PWRWNDB10,15,2044,0.161316592408455
REGION1,PWRWNDB10,16,2044,0.500015706729212
REGION1,PWRWNDB10,17,2044,0.7339987659424091
REGION1,PWRWNDB10,18,2044,0.7077477853440982
REGION1,PWRWNDB10,19,2044,0.7221630497226469
REGION1,PWRWNDB10,20,2044,0.7671842753798946
REGION1,PWRWNDB10,21,2044,0.1568577710933019
REGION1,PWRWNDB10,22,2044,0.1868572814615233
REGION1,PWRWNDB10,23,2044,0.2228180419647949
REGION1,PWRWNDB10,24,2044,0.1694556788176945
REGION1,PWRWNDB10,25,2044,0.2716879021066192
REGION1,PWRWNDB10,26,2044,0.3776345561480839
REGION1,PWRWNDB10,27,2044,0.4602620402687122
REGION1,PWRWNDB10,28,2044,0.533456467455537
REGION1,PWRWNDB10,29,2044,0.6672515547306404
REGION1,PWRWNDB10,30,2044,0.7189553836350885
REGION1,PWRWNDB10,31,2044,0.7516454174835498
REGION1,PWRWNDB10,32,2044,0.7083807705729098
REGION1,PWRWNDB10,33,2044,0.4872475312041077
REGION1,PWRWNDB10,34,2044,0.47976416871135
REGION1,PWRWNDB10,35,2044,0.3173591797686694
REGION1,PWRWNDB10,36,2044,0.2508097616017353
REGION1,PWRWNDB10,37,2044,0.4839767028808951
REGION1,PWRWNDB10,38,2044,0.4834454900493239
REGION1,PWRWNDB10,39,2044,0.5182256937476538
REGION1,PWRWNDB10,40,2044,0.446460239704288
REGION1,PWRWNDB10,1,2045,0.656250152689639
REGION1,PWRWNDB10,2,2045,0.6080713741602999
REGION1,PWRWNDB10,3,2045,0.582055601977101
REGION1,PWRWNDB10,4,2045,0.6514207911767939
REGION1,PWRWNDB10,5,2045,0.4818279147839281
REGION1,PWRWNDB10,6,2045,0.3687085049479119
REGION1,PWRWNDB10,7,2045,0.3828337905926952
REGION1,PWRWNDB10,8,2045,0.627214363289092
REGION1,PWRWNDB10,9,2045,0.1917313646020045
REGION1,PWRWNDB10,10,2045,0.1711956347095242
REGION1,PWRWNDB10,11,2045,0.1794564238894067
REGION1,PWRWNDB10,12,2045,0.2790175400099618
REGION1,PWRWNDB10,13,2045,0.4814712979934885
REGION1,PWRWNDB10,14,2045,0.2626306887622391
REGION1,PWRWNDB10,15,2045,0.161316592408455
REGION1,PWRWNDB10,16,2045,0.500015706729212
REGION1,PWRWNDB10,17,2045,0.7339987659424091
REGION1,PWRWNDB10,18,2045,0.7077477853440982
REGION1,PWRWNDB10,19,2045,0.7221630497226469
REGION1,PWRWNDB10,20,2045,0.7671842753798946
REGION1,PWRWNDB10,21,2045,0.1568577710933019
REGION1,PWRWNDB10,22,2045,0.1868572814615233
REGION1,PWRWNDB10,23,2045,0.2228180419647949
REGION1,PWRWNDB10,24,2045,0.1694556788176945
REGION1,PWRWNDB10,25,2045,0.2716879021066192
REGION1,PWRWNDB10,26,2045,0.3776345561480839
REGION1,PWRWNDB10,27,2045,0.4602620402687122
REGION1,PWRWNDB10,28,2045,0.533456467455537
REGION1,PWRWNDB10,29,2045,0.6672515547306404
REGION1,PWRWNDB10,30,2045,0.7189553836350885
REGION1,PWRWNDB10,31,2045,0.7516454174835498
REGION1,PWRWNDB10,32,2045,0.7083807705729098
REGION1,PWRWNDB10,33,2045,0.4872475312041077
REGION1,PWRWNDB10,34,2045,0.47976416871135
REGION1,PWRWNDB10,35,2045,0.3173591797686694
REGION1,PWRWNDB10,36,2045,0.2508097616017353
REGION1,PWRWNDB10,37,2045,0.4839767028808951
REGION1,PWRWNDB10,38,2045,0.4834454900493239
REGION1,PWRWNDB10,39,2045,0.5182256937476538
REGION1,PWRWNDB10,40,2045,0.446460239704288
REGION1,PWRWNDB10,1,2046,0.656250152689639
REGION1,PWRWNDB10,2,2046,0.6080713741602999
REGION1,PWRWNDB10,3,2046,0.582055601977101
REGION1,PWRWNDB10,4,2046,0.6514207911767939
REGION1,PWRWNDB10,5,2046,0.4818279147839281
REGION1,PWRWNDB10,6,2046,0.3687085049479119
REGION1,PWRWNDB10,7,2046,0.3828337905926952
REGION1,PWRWNDB10,8,2046,0.627214363289092
REGION1,PWRWNDB10,9,2046,0.1917313646020045
REGION1,PWRWNDB10,10,2046,0.1711956347095242
REGION1,PWRWNDB10,11,2046,0.1794564238894067
REGION1,PWRWNDB10,12,2046,0.2790175400099618
REGION1,PWRWNDB10,13,2046,0.4814712979934885
REGION1,PWRWNDB10,14,2046,0.2626306887622391
REGION1,PWRWNDB10,15,2046,0.161316592408455
REGION1,PWRWNDB10,16,2046,0.500015706729212
REGION1,PWRWNDB10,17,2046,0.7339987659424091
REGION1,PWRWNDB10,18,2046,0.7077477853440982
REGION1,PWRWNDB10,19,2046,0.7221630497226469
REGION1,PWRWNDB10,20,2046,0.7671842753798946
REGION1,PWRWNDB10,21,2046,0.1568577710933019
REGION1,PWRWNDB10,22,2046,0.1868572814615233
REGION1,PWRWNDB10,23,2046,0.2228180419647949
REGION1,PWRWNDB10,24,2046,0.1694556788176945
REGION1,PWRWNDB10,25,2046,0.2716879021066192
REGION1,PWRWNDB10,26,2046,0.3776345561480839
REGION1,PWRWNDB10,27,2046,0.4602620402687122
REGION1,PWRWNDB10,28,2046,0.533456467455537
REGION1,PWRWNDB10,29,2046,0.6672515547306404
REGION1,PWRWNDB10,30,2046,0.7189553836350885
REGION1,PWRWNDB10,31,2046,0.7516454174835498
REGION1,PWRWNDB10,32,2046,0.7083807705729098
REGION1,PWRWNDB10,33,2046,0.4872475312041077
REGION1,PWRWNDB10,34,2046,0.47976416871135
REGION1,PWRWNDB10,35,2046,0.3173591797686694
REGION1,PWRWNDB10,36,2046,0.2508097616017353
REGION1,PWRWNDB10,37,2046,0.4839767028808951
REGION1,PWRWNDB10,38,2046,0.4834454900493239
REGION1,PWRWNDB10,39,2046,0.5182256937476538
REGION1,PWRWNDB10,40,2046,0.446460239704288
REGION1,PWRWNDB10,1,2047,0.656250152689639
REGION1,PWRWNDB10,2,2047,0.6080713741602999
REGION1,PWRWNDB10,3,2047,0.582055601977101
REGION1,PWRWNDB10,4,2047,0.6514207911767939
REGION1,PWRWNDB10,5,2047,0.4818279147839281
REGION1,PWRWNDB10,6,2047,0.3687085049479119
REGION1,PWRWNDB10,7,2047,0.3828337905926952
REGION1,PWRWNDB10,8,2047,0.627214363289092
REGION1,PWRWNDB10,9,2047,0.1917313646020045
REGION1,PWRWNDB10,10,2047,0.1711956347095242
REGION1,PWRWNDB10,11,2047,0.1794564238894067
REGION1,PWRWNDB10,12,2047,0.2790175400099618
REGION1,PWRWNDB10,13,2047,0.4814712979934885
REGION1,PWRWNDB10,14,2047,0.2626306887622391
REGION1,PWRWNDB10,15,2047,0.161316592408455
REGION1,PWRWNDB10,16,2047,0.500015706729212
REGION1,PWRWNDB10,17,2047,0.7339987659424091
REGION1,PWRWNDB10,18,2047,0.7077477853440982
REGION1,PWRWNDB10,19,2047,0.7221630497226469
REGION1,PWRWNDB10,20,2047,0.7671842753798946
REGION1,PWRWNDB10,21,2047,0.1568577710933019
REGION1,PWRWNDB10,22,2047,0.1868572814615233
REGION1,PWRWNDB10,23,2047,0.2228180419647949
REGION1,PWRWNDB10,24,2047,0.1694556788176945
REGION1,PWRWNDB10,25,2047,0.2716879021066192
REGION1,PWRWNDB10,26,2047,0.3776345561480839
REGION1,PWRWNDB10,27,2047,0.4602620402687122
REGION1,PWRWNDB10,28,2047,0.533456467455537
REGION1,PWRWNDB10,29,2047,0.6672515547306404
REGION1,PWRWNDB10,30,2047,0.7189553836350885
REGION1,PWRWNDB10,31,2047,0.7516454174835498
REGION1,PWRWNDB10,32,2047,0.7083807705729098
REGION1,PWRWNDB10,33,2047,0.4872475312041077
REGION1,PWRWNDB10,34,2047,0.47976416871135
REGION1,PWRWNDB10,35,2047,0.3173591797686694
REGION1,PWRWNDB10,36,2047,0.2508097616017353
REGION1,PWRWNDB10,37,2047,0.4839767028808951
REGION1,PWRWNDB10,38,2047,0.4834454900493239
REGION1,PWRWNDB10,39,2047,0.5182256937476538
REGION1,PWRWNDB10,40,2047,0.446460239704288
REGION1,PWRWNDB10,1,2048,0.656250152689639
REGION1,PWRWNDB10,2,2048,0.6080713741602999
REGION1,PWRWNDB10,3,2048,0.582055601977101
REGION1,PWRWNDB10,4,2048,0.6514207911767939
REGION1,PWRWNDB10,5,2048,0.4818279147839281
REGION1,PWRWNDB10,6,2048,0.3687085049479119
REGION1,PWRWNDB10,7,2048,0.3828337905926952
REGION1,PWRWNDB10,8,2048,0.627214363289092
REGION1,PWRWNDB10,9,2048,0.1917313646020045
REGION1,PWRWNDB10,10,2048,0.1711956347095242
REGION1,PWRWNDB10,11,2048,0.1794564238894067
REGION1,PWRWNDB10,12,2048,0.2790175400099618
REGION1,PWRWNDB10,13,2048,0.4814712979934885
REGION1,PWRWNDB10,14,2048,0.2626306887622391
REGION1,PWRWNDB10,15,2048,0.161316592408455
REGION1,PWRWNDB10,16,2048,0.500015706729212
REGION1,PWRWNDB10,17,2048,0.7339987659424091
REGION1,PWRWNDB10,18,2048,0.7077477853440982
REGION1,PWRWNDB10,19,2048,0.7221630497226469
REGION1,PWRWNDB10,20,2048,0.7671842753798946
REGION1,PWRWNDB10,21,2048,0.1568577710933019
REGION1,PWRWNDB10,22,2048,0.1868572814615233
REGION1,PWRWNDB10,23,2048,0.2228180419647949
REGION1,PWRWNDB10,24,2048,0.1694556788176945
REGION1,PWRWNDB10,25,2048,0.2716879021066192
REGION1,PWRWNDB10,26,2048,0.3776345561480839
REGION1,PWRWNDB10,27,2048,0.4602620402687122
REGION1,PWRWNDB10,28,2048,0.533456467455537
REGION1,PWRWNDB10,29,2048,0.6672515547306404
REGION1,PWRWNDB10,30,2048,0.7189553836350885
REGION1,PWRWNDB10,31,2048,0.7516454174835498
REGION1,PWRWNDB10,32,2048,0.7083807705729098
REGION1,PWRWNDB10,33,2048,0.4872475312041077
REGION1,PWRWNDB10,34,2048,0.47976416871135
REGION1,PWRWNDB10,35,2048,0.3173591797686694
REGION1,PWRWNDB10,36,2048,0.2508097616017353
REGION1,PWRWNDB10,37,2048,0.4839767028808951
REGION1,PWRWNDB10,38,2048,0.4834454900493239
REGION1,PWRWNDB10,39,2048,0.5182256937476538
REGION1,PWRWNDB10,40,2048,0.446460239704288
REGION1,PWRWNDB10,1,2049,0.656250152689639
REGION1,PWRWNDB10,2,2049,0.6080713741602999
REGION1,PWRWNDB10,3,2049,0.582055601977101
REGION1,PWRWNDB10,4,2049,0.6514207911767939
REGION1,PWRWNDB10,5,2049,0.4818279147839281
REGION1,PWRWNDB10,6,2049,0.3687085049479119
REGION1,PWRWNDB10,7,2049,0.3828337905926952
REGION1,PWRWNDB10,8,2049,0.627214363289092
REGION1,PWRWNDB10,9,2049,0.1917313646020045
REGION1,PWRWNDB10,10,2049,0.1711956347095242
REGION1,PWRWNDB10,11,2049,0.1794564238894067
REGION1,PWRWNDB10,12,2049,0.2790175400099618
REGION1,PWRWNDB10,13,2049,0.4814712979934885
REGION1,PWRWNDB10,14,2049,0.2626306887622391
REGION1,PWRWNDB10,15,2049,0.161316592408455
REGION1,PWRWNDB10,16,2049,0.500015706729212
REGION1,PWRWNDB10,17,2049,0.7339987659424091
REGION1,PWRWNDB10,18,2049,0.7077477853440982
REGION1,PWRWNDB10,19,2049,0.7221630497226469
REGION1,PWRWNDB10,20,2049,0.7671842753798946
REGION1,PWRWNDB10,21,2049,0.1568577710933019
REGION1,PWRWNDB10,22,2049,0.1868572814615233
REGION1,PWRWNDB10,23,2049,0.2228180419647949
REGION1,PWRWNDB10,24,2049,0.1694556788176945
REGION1,PWRWNDB10,25,2049,0.2716879021066192
REGION1,PWRWNDB10,26,2049,0.3776345561480839
REGION1,PWRWNDB10,27,2049,0.4602620402687122
REGION1,PWRWNDB10,28,2049,0.533456467455537
REGION1,PWRWNDB10,29,2049,0.6672515547306404
REGION1,PWRWNDB10,30,2049,0.7189553836350885
REGION1,PWRWNDB10,31,2049,0.7516454174835498
REGION1,PWRWNDB10,32,2049,0.7083807705729098
REGION1,PWRWNDB10,33,2049,0.4872475312041077
REGION1,PWRWNDB10,34,2049,0.47976416871135
REGION1,PWRWNDB10,35,2049,0.3173591797686694
REGION1,PWRWNDB10,36,2049,0.2508097616017353
REGION1,PWRWNDB10,37,2049,0.4839767028808951
REGION1,PWRWNDB10,38,2049,0.4834454900493239
REGION1,PWRWNDB10,39,2049,0.5182256937476538
REGION1,PWRWNDB10,40,2049,0.446460239704288
REGION1,PWRWNDB10,1,2050,0.656250152689639
REGION1,PWRWNDB10,2,2050,0.6080713741602999
REGION1,PWRWNDB10,3,2050,0.582055601977101
REGION1,PWRWNDB10,4,2050,0.6514207911767939
REGION1,PWRWNDB10,5,2050,0.4818279147839281
REGION1,PWRWNDB10,6,2050,0.3687085049479119
REGION1,PWRWNDB10,7,2050,0.3828337905926952
REGION1,PWRWNDB10,8,2050,0.627214363289092
REGION1,PWRWNDB10,9,2050,0.1917313646020045
REGION1,PWRWNDB10,10,2050,0.1711956347095242
REGION1,PWRWNDB10,11,2050,0.1794564238894067
REGION1,PWRWNDB10,12,2050,0.2790175400099618
REGION1,PWRWNDB10,13,2050,0.4814712979934885
REGION1,PWRWNDB10,14,2050,0.2626306887622391
REGION1,PWRWNDB10,15,2050,0.161316592408455
REGION1,PWRWNDB10,16,2050,0.500015706729212
REGION1,PWRWNDB10,17,2050,0.7339987659424091
REGION1,PWRWNDB10,18,2050,0.7077477853440982
REGION1,PWRWNDB10,19,2050,0.7221630497226469
REGION1,PWRWNDB10,20,2050,0.7671842753798946
REGION1,PWRWNDB10,21,2050,0.1568577710933019
REGION1,PWRWNDB10,22,2050,0.1868572814615233
REGION1,PWRWNDB10,23,2050,0.2228180419647949
REGION1,PWRWNDB10,24,2050,0.1694556788176945
REGION1,PWRWNDB10,25,2050,0.2716879021066192
REGION1,PWRWNDB10,26,2050,0.3776345561480839
REGION1,PWRWNDB10,27,2050,0.4602620402687122
REGION1,PWRWNDB10,28,2050,0.533456467455537
REGION1,PWRWNDB10,29,2050,0.6672515547306404
REGION1,PWRWNDB10,30,2050,0.7189553836350885
REGION1,PWRWNDB10,31,2050,0.7516454174835498
REGION1,PWRWNDB10,32,2050,0.7083807705729098
REGION1,PWRWNDB10,33,2050,0.4872475312041077
REGION1,PWRWNDB10,34,2050,0.47976416871135
REGION1,PWRWNDB10,35,2050,0.3173591797686694
REGION1,PWRWNDB10,36,2050,0.2508097616017353
REGION1,PWRWNDB10,37,2050,0.4839767028808951
REGION1,PWRWNDB10,38,2050,0.4834454900493239
REGION1,PWRWNDB10,39,2050,0.5182256937476538
REGION1,PWRWNDB10,40,2050,0.446460239704288
REGION1,PWRWNDB11,1,2020,0.6252158868162924
REGION1,PWRWNDB11,2,2020,0.6077333254969138
REGION1,PWRWNDB11,3,2020,0.5562060268878348
REGION1,PWRWNDB11,4,2020,0.5835270714153711
REGION1,PWRWNDB11,5,2020,0.4411060613157949
REGION1,PWRWNDB11,6,2020,0.3176886303446433
REGION1,PWRWNDB11,7,2020,0.2819817176920533
REGION1,PWRWNDB11,8,2020,0.5211533188123117
REGION1,PWRWNDB11,9,2020,0.2047558080431717
REGION1,PWRWNDB11,10,2020,0.1344587941739744
REGION1,PWRWNDB11,11,2020,0.1261888410691636
REGION1,PWRWNDB11,12,2020,0.2804111023406413
REGION1,PWRWNDB11,13,2020,0.3543526347455439
REGION1,PWRWNDB11,14,2020,0.1803907909550139
REGION1,PWRWNDB11,15,2020,0.128203382761301
REGION1,PWRWNDB11,16,2020,0.4201198173047309
REGION1,PWRWNDB11,17,2020,0.6900212247954322
REGION1,PWRWNDB11,18,2020,0.6686451363331383
REGION1,PWRWNDB11,19,2020,0.670524849204746
REGION1,PWRWNDB11,20,2020,0.6879668355883602
REGION1,PWRWNDB11,21,2020,0.1698990301584953
REGION1,PWRWNDB11,22,2020,0.205619548382571
REGION1,PWRWNDB11,23,2020,0.2380454655403995
REGION1,PWRWNDB11,24,2020,0.2078510014353503
REGION1,PWRWNDB11,25,2020,0.1773013126833227
REGION1,PWRWNDB11,26,2020,0.2577677602338302
REGION1,PWRWNDB11,27,2020,0.3196082889214968
REGION1,PWRWNDB11,28,2020,0.3922229490824633
REGION1,PWRWNDB11,29,2020,0.5967290998535177
REGION1,PWRWNDB11,30,2020,0.6309854335358414
REGION1,PWRWNDB11,31,2020,0.6660304524999752
REGION1,PWRWNDB11,32,2020,0.6508565901926856
REGION1,PWRWNDB11,33,2020,0.4015428851384794
REGION1,PWRWNDB11,34,2020,0.3866355311960576
REGION1,PWRWNDB11,35,2020,0.2558336919974182
REGION1,PWRWNDB11,36,2020,0.2122374844646722
REGION1,PWRWNDB11,37,2020,0.4665795823285914
REGION1,PWRWNDB11,38,2020,0.4634740312819452
REGION1,PWRWNDB11,39,2020,0.4891990347893797
REGION1,PWRWNDB11,40,2020,0.4356532559101522
REGION1,PWRWNDB11,1,2021,0.6252158868162924
REGION1,PWRWNDB11,2,2021,0.6077333254969138
REGION1,PWRWNDB11,3,2021,0.5562060268878348
REGION1,PWRWNDB11,4,2021,0.5835270714153711
REGION1,PWRWNDB11,5,2021,0.4411060613157949
REGION1,PWRWNDB11,6,2021,0.3176886303446433
REGION1,PWRWNDB11,7,2021,0.2819817176920533
REGION1,PWRWNDB11,8,2021,0.5211533188123117
REGION1,PWRWNDB11,9,2021,0.2047558080431717
REGION1,PWRWNDB11,10,2021,0.1344587941739744
REGION1,PWRWNDB11,11,2021,0.1261888410691636
REGION1,PWRWNDB11,12,2021,0.2804111023406413
REGION1,PWRWNDB11,13,2021,0.3543526347455439
REGION1,PWRWNDB11,14,2021,0.1803907909550139
REGION1,PWRWNDB11,15,2021,0.128203382761301
REGION1,PWRWNDB11,16,2021,0.4201198173047309
REGION1,PWRWNDB11,17,2021,0.6900212247954322
REGION1,PWRWNDB11,18,2021,0.6686451363331383
REGION1,PWRWNDB11,19,2021,0.670524849204746
REGION1,PWRWNDB11,20,2021,0.6879668355883602
REGION1,PWRWNDB11,21,2021,0.1698990301584953
REGION1,PWRWNDB11,22,2021,0.205619548382571
REGION1,PWRWNDB11,23,2021,0.2380454655403995
REGION1,PWRWNDB11,24,2021,0.2078510014353503
REGION1,PWRWNDB11,25,2021,0.1773013126833227
REGION1,PWRWNDB11,26,2021,0.2577677602338302
REGION1,PWRWNDB11,27,2021,0.3196082889214968
REGION1,PWRWNDB11,28,2021,0.3922229490824633
REGION1,PWRWNDB11,29,2021,0.5967290998535177
REGION1,PWRWNDB11,30,2021,0.6309854335358414
REGION1,PWRWNDB11,31,2021,0.6660304524999752
REGION1,PWRWNDB11,32,2021,0.6508565901926856
REGION1,PWRWNDB11,33,2021,0.4015428851384794
REGION1,PWRWNDB11,34,2021,0.3866355311960576
REGION1,PWRWNDB11,35,2021,0.2558336919974182
REGION1,PWRWNDB11,36,2021,0.2122374844646722
REGION1,PWRWNDB11,37,2021,0.4665795823285914
REGION1,PWRWNDB11,38,2021,0.4634740312819452
REGION1,PWRWNDB11,39,2021,0.4891990347893797
REGION1,PWRWNDB11,40,2021,0.4356532559101522
REGION1,PWRWNDB11,1,2022,0.6252158868162924
REGION1,PWRWNDB11,2,2022,0.6077333254969138
REGION1,PWRWNDB11,3,2022,0.5562060268878348
REGION1,PWRWNDB11,4,2022,0.5835270714153711
REGION1,PWRWNDB11,5,2022,0.4411060613157949
REGION1,PWRWNDB11,6,2022,0.3176886303446433
REGION1,PWRWNDB11,7,2022,0.2819817176920533
REGION1,PWRWNDB11,8,2022,0.5211533188123117
REGION1,PWRWNDB11,9,2022,0.2047558080431717
REGION1,PWRWNDB11,10,2022,0.1344587941739744
REGION1,PWRWNDB11,11,2022,0.1261888410691636
REGION1,PWRWNDB11,12,2022,0.2804111023406413
REGION1,PWRWNDB11,13,2022,0.3543526347455439
REGION1,PWRWNDB11,14,2022,0.1803907909550139
REGION1,PWRWNDB11,15,2022,0.128203382761301
REGION1,PWRWNDB11,16,2022,0.4201198173047309
REGION1,PWRWNDB11,17,2022,0.6900212247954322
REGION1,PWRWNDB11,18,2022,0.6686451363331383
REGION1,PWRWNDB11,19,2022,0.670524849204746
REGION1,PWRWNDB11,20,2022,0.6879668355883602
REGION1,PWRWNDB11,21,2022,0.1698990301584953
REGION1,PWRWNDB11,22,2022,0.205619548382571
REGION1,PWRWNDB11,23,2022,0.2380454655403995
REGION1,PWRWNDB11,24,2022,0.2078510014353503
REGION1,PWRWNDB11,25,2022,0.1773013126833227
REGION1,PWRWNDB11,26,2022,0.2577677602338302
REGION1,PWRWNDB11,27,2022,0.3196082889214968
REGION1,PWRWNDB11,28,2022,0.3922229490824633
REGION1,PWRWNDB11,29,2022,0.5967290998535177
REGION1,PWRWNDB11,30,2022,0.6309854335358414
REGION1,PWRWNDB11,31,2022,0.6660304524999752
REGION1,PWRWNDB11,32,2022,0.6508565901926856
REGION1,PWRWNDB11,33,2022,0.4015428851384794
REGION1,PWRWNDB11,34,2022,0.3866355311960576
REGION1,PWRWNDB11,35,2022,0.2558336919974182
REGION1,PWRWNDB11,36,2022,0.2122374844646722
REGION1,PWRWNDB11,37,2022,0.4665795823285914
REGION1,PWRWNDB11,38,2022,0.4634740312819452
REGION1,PWRWNDB11,39,2022,0.4891990347893797
REGION1,PWRWNDB11,40,2022,0.4356532559101522
REGION1,PWRWNDB11,1,2023,0.6252158868162924
REGION1,PWRWNDB11,2,2023,0.6077333254969138
REGION1,PWRWNDB11,3,2023,0.5562060268878348
REGION1,PWRWNDB11,4,2023,0.5835270714153711
REGION1,PWRWNDB11,5,2023,0.4411060613157949
REGION1,PWRWNDB11,6,2023,0.3176886303446433
REGION1,PWRWNDB11,7,2023,0.2819817176920533
REGION1,PWRWNDB11,8,2023,0.5211533188123117
REGION1,PWRWNDB11,9,2023,0.2047558080431717
REGION1,PWRWNDB11,10,2023,0.1344587941739744
REGION1,PWRWNDB11,11,2023,0.1261888410691636
REGION1,PWRWNDB11,12,2023,0.2804111023406413
REGION1,PWRWNDB11,13,2023,0.3543526347455439
REGION1,PWRWNDB11,14,2023,0.1803907909550139
REGION1,PWRWNDB11,15,2023,0.128203382761301
REGION1,PWRWNDB11,16,2023,0.4201198173047309
REGION1,PWRWNDB11,17,2023,0.6900212247954322
REGION1,PWRWNDB11,18,2023,0.6686451363331383
REGION1,PWRWNDB11,19,2023,0.670524849204746
REGION1,PWRWNDB11,20,2023,0.6879668355883602
REGION1,PWRWNDB11,21,2023,0.1698990301584953
REGION1,PWRWNDB11,22,2023,0.205619548382571
REGION1,PWRWNDB11,23,2023,0.2380454655403995
REGION1,PWRWNDB11,24,2023,0.2078510014353503
REGION1,PWRWNDB11,25,2023,0.1773013126833227
REGION1,PWRWNDB11,26,2023,0.2577677602338302
REGION1,PWRWNDB11,27,2023,0.3196082889214968
REGION1,PWRWNDB11,28,2023,0.3922229490824633
REGION1,PWRWNDB11,29,2023,0.5967290998535177
REGION1,PWRWNDB11,30,2023,0.6309854335358414
REGION1,PWRWNDB11,31,2023,0.6660304524999752
REGION1,PWRWNDB11,32,2023,0.6508565901926856
REGION1,PWRWNDB11,33,2023,0.4015428851384794
REGION1,PWRWNDB11,34,2023,0.3866355311960576
REGION1,PWRWNDB11,35,2023,0.2558336919974182
REGION1,PWRWNDB11,36,2023,0.2122374844646722
REGION1,PWRWNDB11,37,2023,0.4665795823285914
REGION1,PWRWNDB11,38,2023,0.4634740312819452
REGION1,PWRWNDB11,39,2023,0.4891990347893797
REGION1,PWRWNDB11,40,2023,0.4356532559101522
REGION1,PWRWNDB11,1,2024,0.6252158868162924
REGION1,PWRWNDB11,2,2024,0.6077333254969138
REGION1,PWRWNDB11,3,2024,0.5562060268878348
REGION1,PWRWNDB11,4,2024,0.5835270714153711
REGION1,PWRWNDB11,5,2024,0.4411060613157949
REGION1,PWRWNDB11,6,2024,0.3176886303446433
REGION1,PWRWNDB11,7,2024,0.2819817176920533
REGION1,PWRWNDB11,8,2024,0.5211533188123117
REGION1,PWRWNDB11,9,2024,0.2047558080431717
REGION1,PWRWNDB11,10,2024,0.1344587941739744
REGION1,PWRWNDB11,11,2024,0.1261888410691636
REGION1,PWRWNDB11,12,2024,0.2804111023406413
REGION1,PWRWNDB11,13,2024,0.3543526347455439
REGION1,PWRWNDB11,14,2024,0.1803907909550139
REGION1,PWRWNDB11,15,2024,0.128203382761301
REGION1,PWRWNDB11,16,2024,0.4201198173047309
REGION1,PWRWNDB11,17,2024,0.6900212247954322
REGION1,PWRWNDB11,18,2024,0.6686451363331383
REGION1,PWRWNDB11,19,2024,0.670524849204746
REGION1,PWRWNDB11,20,2024,0.6879668355883602
REGION1,PWRWNDB11,21,2024,0.1698990301584953
REGION1,PWRWNDB11,22,2024,0.205619548382571
REGION1,PWRWNDB11,23,2024,0.2380454655403995
REGION1,PWRWNDB11,24,2024,0.2078510014353503
REGION1,PWRWNDB11,25,2024,0.1773013126833227
REGION1,PWRWNDB11,26,2024,0.2577677602338302
REGION1,PWRWNDB11,27,2024,0.3196082889214968
REGION1,PWRWNDB11,28,2024,0.3922229490824633
REGION1,PWRWNDB11,29,2024,0.5967290998535177
REGION1,PWRWNDB11,30,2024,0.6309854335358414
REGION1,PWRWNDB11,31,2024,0.6660304524999752
REGION1,PWRWNDB11,32,2024,0.6508565901926856
REGION1,PWRWNDB11,33,2024,0.4015428851384794
REGION1,PWRWNDB11,34,2024,0.3866355311960576
REGION1,PWRWNDB11,35,2024,0.2558336919974182
REGION1,PWRWNDB11,36,2024,0.2122374844646722
REGION1,PWRWNDB11,37,2024,0.4665795823285914
REGION1,PWRWNDB11,38,2024,0.4634740312819452
REGION1,PWRWNDB11,39,2024,0.4891990347893797
REGION1,PWRWNDB11,40,2024,0.4356532559101522
REGION1,PWRWNDB11,1,2025,0.6252158868162924
REGION1,PWRWNDB11,2,2025,0.6077333254969138
REGION1,PWRWNDB11,3,2025,0.5562060268878348
REGION1,PWRWNDB11,4,2025,0.5835270714153711
REGION1,PWRWNDB11,5,2025,0.4411060613157949
REGION1,PWRWNDB11,6,2025,0.3176886303446433
REGION1,PWRWNDB11,7,2025,0.2819817176920533
REGION1,PWRWNDB11,8,2025,0.5211533188123117
REGION1,PWRWNDB11,9,2025,0.2047558080431717
REGION1,PWRWNDB11,10,2025,0.1344587941739744
REGION1,PWRWNDB11,11,2025,0.1261888410691636
REGION1,PWRWNDB11,12,2025,0.2804111023406413
REGION1,PWRWNDB11,13,2025,0.3543526347455439
REGION1,PWRWNDB11,14,2025,0.1803907909550139
REGION1,PWRWNDB11,15,2025,0.128203382761301
REGION1,PWRWNDB11,16,2025,0.4201198173047309
REGION1,PWRWNDB11,17,2025,0.6900212247954322
REGION1,PWRWNDB11,18,2025,0.6686451363331383
REGION1,PWRWNDB11,19,2025,0.670524849204746
REGION1,PWRWNDB11,20,2025,0.6879668355883602
REGION1,PWRWNDB11,21,2025,0.1698990301584953
REGION1,PWRWNDB11,22,2025,0.205619548382571
REGION1,PWRWNDB11,23,2025,0.2380454655403995
REGION1,PWRWNDB11,24,2025,0.2078510014353503
REGION1,PWRWNDB11,25,2025,0.1773013126833227
REGION1,PWRWNDB11,26,2025,0.2577677602338302
REGION1,PWRWNDB11,27,2025,0.3196082889214968
REGION1,PWRWNDB11,28,2025,0.3922229490824633
REGION1,PWRWNDB11,29,2025,0.5967290998535177
REGION1,PWRWNDB11,30,2025,0.6309854335358414
REGION1,PWRWNDB11,31,2025,0.6660304524999752
REGION1,PWRWNDB11,32,2025,0.6508565901926856
REGION1,PWRWNDB11,33,2025,0.4015428851384794
REGION1,PWRWNDB11,34,2025,0.3866355311960576
REGION1,PWRWNDB11,35,2025,0.2558336919974182
REGION1,PWRWNDB11,36,2025,0.2122374844646722
REGION1,PWRWNDB11,37,2025,0.4665795823285914
REGION1,PWRWNDB11,38,2025,0.4634740312819452
REGION1,PWRWNDB11,39,2025,0.4891990347893797
REGION1,PWRWNDB11,40,2025,0.4356532559101522
REGION1,PWRWNDB11,1,2026,0.6252158868162924
REGION1,PWRWNDB11,2,2026,0.6077333254969138
REGION1,PWRWNDB11,3,2026,0.5562060268878348
REGION1,PWRWNDB11,4,2026,0.5835270714153711
REGION1,PWRWNDB11,5,2026,0.4411060613157949
REGION1,PWRWNDB11,6,2026,0.3176886303446433
REGION1,PWRWNDB11,7,2026,0.2819817176920533
REGION1,PWRWNDB11,8,2026,0.5211533188123117
REGION1,PWRWNDB11,9,2026,0.2047558080431717
REGION1,PWRWNDB11,10,2026,0.1344587941739744
REGION1,PWRWNDB11,11,2026,0.1261888410691636
REGION1,PWRWNDB11,12,2026,0.2804111023406413
REGION1,PWRWNDB11,13,2026,0.3543526347455439
REGION1,PWRWNDB11,14,2026,0.1803907909550139
REGION1,PWRWNDB11,15,2026,0.128203382761301
REGION1,PWRWNDB11,16,2026,0.4201198173047309
REGION1,PWRWNDB11,17,2026,0.6900212247954322
REGION1,PWRWNDB11,18,2026,0.6686451363331383
REGION1,PWRWNDB11,19,2026,0.670524849204746
REGION1,PWRWNDB11,20,2026,0.6879668355883602
REGION1,PWRWNDB11,21,2026,0.1698990301584953
REGION1,PWRWNDB11,22,2026,0.205619548382571
REGION1,PWRWNDB11,23,2026,0.2380454655403995
REGION1,PWRWNDB11,24,2026,0.2078510014353503
REGION1,PWRWNDB11,25,2026,0.1773013126833227
REGION1,PWRWNDB11,26,2026,0.2577677602338302
REGION1,PWRWNDB11,27,2026,0.3196082889214968
REGION1,PWRWNDB11,28,2026,0.3922229490824633
REGION1,PWRWNDB11,29,2026,0.5967290998535177
REGION1,PWRWNDB11,30,2026,0.6309854335358414
REGION1,PWRWNDB11,31,2026,0.6660304524999752
REGION1,PWRWNDB11,32,2026,0.6508565901926856
REGION1,PWRWNDB11,33,2026,0.4015428851384794
REGION1,PWRWNDB11,34,2026,0.3866355311960576
REGION1,PWRWNDB11,35,2026,0.2558336919974182
REGION1,PWRWNDB11,36,2026,0.2122374844646722
REGION1,PWRWNDB11,37,2026,0.4665795823285914
REGION1,PWRWNDB11,38,2026,0.4634740312819452
REGION1,PWRWNDB11,39,2026,0.4891990347893797
REGION1,PWRWNDB11,40,2026,0.4356532559101522
REGION1,PWRWNDB11,1,2027,0.6252158868162924
REGION1,PWRWNDB11,2,2027,0.6077333254969138
REGION1,PWRWNDB11,3,2027,0.5562060268878348
REGION1,PWRWNDB11,4,2027,0.5835270714153711
REGION1,PWRWNDB11,5,2027,0.4411060613157949
REGION1,PWRWNDB11,6,2027,0.3176886303446433
REGION1,PWRWNDB11,7,2027,0.2819817176920533
REGION1,PWRWNDB11,8,2027,0.5211533188123117
REGION1,PWRWNDB11,9,2027,0.2047558080431717
REGION1,PWRWNDB11,10,2027,0.1344587941739744
REGION1,PWRWNDB11,11,2027,0.1261888410691636
REGION1,PWRWNDB11,12,2027,0.2804111023406413
REGION1,PWRWNDB11,13,2027,0.3543526347455439
REGION1,PWRWNDB11,14,2027,0.1803907909550139
REGION1,PWRWNDB11,15,2027,0.128203382761301
REGION1,PWRWNDB11,16,2027,0.4201198173047309
REGION1,PWRWNDB11,17,2027,0.6900212247954322
REGION1,PWRWNDB11,18,2027,0.6686451363331383
REGION1,PWRWNDB11,19,2027,0.670524849204746
REGION1,PWRWNDB11,20,2027,0.6879668355883602
REGION1,PWRWNDB11,21,2027,0.1698990301584953
REGION1,PWRWNDB11,22,2027,0.205619548382571
REGION1,PWRWNDB11,23,2027,0.2380454655403995
REGION1,PWRWNDB11,24,2027,0.2078510014353503
REGION1,PWRWNDB11,25,2027,0.1773013126833227
REGION1,PWRWNDB11,26,2027,0.2577677602338302
REGION1,PWRWNDB11,27,2027,0.3196082889214968
REGION1,PWRWNDB11,28,2027,0.3922229490824633
REGION1,PWRWNDB11,29,2027,0.5967290998535177
REGION1,PWRWNDB11,30,2027,0.6309854335358414
REGION1,PWRWNDB11,31,2027,0.6660304524999752
REGION1,PWRWNDB11,32,2027,0.6508565901926856
REGION1,PWRWNDB11,33,2027,0.4015428851384794
REGION1,PWRWNDB11,34,2027,0.3866355311960576
REGION1,PWRWNDB11,35,2027,0.2558336919974182
REGION1,PWRWNDB11,36,2027,0.2122374844646722
REGION1,PWRWNDB11,37,2027,0.4665795823285914
REGION1,PWRWNDB11,38,2027,0.4634740312819452
REGION1,PWRWNDB11,39,2027,0.4891990347893797
REGION1,PWRWNDB11,40,2027,0.4356532559101522
REGION1,PWRWNDB11,1,2028,0.6252158868162924
REGION1,PWRWNDB11,2,2028,0.6077333254969138
REGION1,PWRWNDB11,3,2028,0.5562060268878348
REGION1,PWRWNDB11,4,2028,0.5835270714153711
REGION1,PWRWNDB11,5,2028,0.4411060613157949
REGION1,PWRWNDB11,6,2028,0.3176886303446433
REGION1,PWRWNDB11,7,2028,0.2819817176920533
REGION1,PWRWNDB11,8,2028,0.5211533188123117
REGION1,PWRWNDB11,9,2028,0.2047558080431717
REGION1,PWRWNDB11,10,2028,0.1344587941739744
REGION1,PWRWNDB11,11,2028,0.1261888410691636
REGION1,PWRWNDB11,12,2028,0.2804111023406413
REGION1,PWRWNDB11,13,2028,0.3543526347455439
REGION1,PWRWNDB11,14,2028,0.1803907909550139
REGION1,PWRWNDB11,15,2028,0.128203382761301
REGION1,PWRWNDB11,16,2028,0.4201198173047309
REGION1,PWRWNDB11,17,2028,0.6900212247954322
REGION1,PWRWNDB11,18,2028,0.6686451363331383
REGION1,PWRWNDB11,19,2028,0.670524849204746
REGION1,PWRWNDB11,20,2028,0.6879668355883602
REGION1,PWRWNDB11,21,2028,0.1698990301584953
REGION1,PWRWNDB11,22,2028,0.205619548382571
REGION1,PWRWNDB11,23,2028,0.2380454655403995
REGION1,PWRWNDB11,24,2028,0.2078510014353503
REGION1,PWRWNDB11,25,2028,0.1773013126833227
REGION1,PWRWNDB11,26,2028,0.2577677602338302
REGION1,PWRWNDB11,27,2028,0.3196082889214968
REGION1,PWRWNDB11,28,2028,0.3922229490824633
REGION1,PWRWNDB11,29,2028,0.5967290998535177
REGION1,PWRWNDB11,30,2028,0.6309854335358414
REGION1,PWRWNDB11,31,2028,0.6660304524999752
REGION1,PWRWNDB11,32,2028,0.6508565901926856
REGION1,PWRWNDB11,33,2028,0.4015428851384794
REGION1,PWRWNDB11,34,2028,0.3866355311960576
REGION1,PWRWNDB11,35,2028,0.2558336919974182
REGION1,PWRWNDB11,36,2028,0.2122374844646722
REGION1,PWRWNDB11,37,2028,0.4665795823285914
REGION1,PWRWNDB11,38,2028,0.4634740312819452
REGION1,PWRWNDB11,39,2028,0.4891990347893797
REGION1,PWRWNDB11,40,2028,0.4356532559101522
REGION1,PWRWNDB11,1,2029,0.6252158868162924
REGION1,PWRWNDB11,2,2029,0.6077333254969138
REGION1,PWRWNDB11,3,2029,0.5562060268878348
REGION1,PWRWNDB11,4,2029,0.5835270714153711
REGION1,PWRWNDB11,5,2029,0.4411060613157949
REGION1,PWRWNDB11,6,2029,0.3176886303446433
REGION1,PWRWNDB11,7,2029,0.2819817176920533
REGION1,PWRWNDB11,8,2029,0.5211533188123117
REGION1,PWRWNDB11,9,2029,0.2047558080431717
REGION1,PWRWNDB11,10,2029,0.1344587941739744
REGION1,PWRWNDB11,11,2029,0.1261888410691636
REGION1,PWRWNDB11,12,2029,0.2804111023406413
REGION1,PWRWNDB11,13,2029,0.3543526347455439
REGION1,PWRWNDB11,14,2029,0.1803907909550139
REGION1,PWRWNDB11,15,2029,0.128203382761301
REGION1,PWRWNDB11,16,2029,0.4201198173047309
REGION1,PWRWNDB11,17,2029,0.6900212247954322
REGION1,PWRWNDB11,18,2029,0.6686451363331383
REGION1,PWRWNDB11,19,2029,0.670524849204746
REGION1,PWRWNDB11,20,2029,0.6879668355883602
REGION1,PWRWNDB11,21,2029,0.1698990301584953
REGION1,PWRWNDB11,22,2029,0.205619548382571
REGION1,PWRWNDB11,23,2029,0.2380454655403995
REGION1,PWRWNDB11,24,2029,0.2078510014353503
REGION1,PWRWNDB11,25,2029,0.1773013126833227
REGION1,PWRWNDB11,26,2029,0.2577677602338302
REGION1,PWRWNDB11,27,2029,0.3196082889214968
REGION1,PWRWNDB11,28,2029,0.3922229490824633
REGION1,PWRWNDB11,29,2029,0.5967290998535177
REGION1,PWRWNDB11,30,2029,0.6309854335358414
REGION1,PWRWNDB11,31,2029,0.6660304524999752
REGION1,PWRWNDB11,32,2029,0.6508565901926856
REGION1,PWRWNDB11,33,2029,0.4015428851384794
REGION1,PWRWNDB11,34,2029,0.3866355311960576
REGION1,PWRWNDB11,35,2029,0.2558336919974182
REGION1,PWRWNDB11,36,2029,0.2122374844646722
REGION1,PWRWNDB11,37,2029,0.4665795823285914
REGION1,PWRWNDB11,38,2029,0.4634740312819452
REGION1,PWRWNDB11,39,2029,0.4891990347893797
REGION1,PWRWNDB11,40,2029,0.4356532559101522
REGION1,PWRWNDB11,1,2030,0.6252158868162924
REGION1,PWRWNDB11,2,2030,0.6077333254969138
REGION1,PWRWNDB11,3,2030,0.5562060268878348
REGION1,PWRWNDB11,4,2030,0.5835270714153711
REGION1,PWRWNDB11,5,2030,0.4411060613157949
REGION1,PWRWNDB11,6,2030,0.3176886303446433
REGION1,PWRWNDB11,7,2030,0.2819817176920533
REGION1,PWRWNDB11,8,2030,0.5211533188123117
REGION1,PWRWNDB11,9,2030,0.2047558080431717
REGION1,PWRWNDB11,10,2030,0.1344587941739744
REGION1,PWRWNDB11,11,2030,0.1261888410691636
REGION1,PWRWNDB11,12,2030,0.2804111023406413
REGION1,PWRWNDB11,13,2030,0.3543526347455439
REGION1,PWRWNDB11,14,2030,0.1803907909550139
REGION1,PWRWNDB11,15,2030,0.128203382761301
REGION1,PWRWNDB11,16,2030,0.4201198173047309
REGION1,PWRWNDB11,17,2030,0.6900212247954322
REGION1,PWRWNDB11,18,2030,0.6686451363331383
REGION1,PWRWNDB11,19,2030,0.670524849204746
REGION1,PWRWNDB11,20,2030,0.6879668355883602
REGION1,PWRWNDB11,21,2030,0.1698990301584953
REGION1,PWRWNDB11,22,2030,0.205619548382571
REGION1,PWRWNDB11,23,2030,0.2380454655403995
REGION1,PWRWNDB11,24,2030,0.2078510014353503
REGION1,PWRWNDB11,25,2030,0.1773013126833227
REGION1,PWRWNDB11,26,2030,0.2577677602338302
REGION1,PWRWNDB11,27,2030,0.3196082889214968
REGION1,PWRWNDB11,28,2030,0.3922229490824633
REGION1,PWRWNDB11,29,2030,0.5967290998535177
REGION1,PWRWNDB11,30,2030,0.6309854335358414
REGION1,PWRWNDB11,31,2030,0.6660304524999752
REGION1,PWRWNDB11,32,2030,0.6508565901926856
REGION1,PWRWNDB11,33,2030,0.4015428851384794
REGION1,PWRWNDB11,34,2030,0.3866355311960576
REGION1,PWRWNDB11,35,2030,0.2558336919974182
REGION1,PWRWNDB11,36,2030,0.2122374844646722
REGION1,PWRWNDB11,37,2030,0.4665795823285914
REGION1,PWRWNDB11,38,2030,0.4634740312819452
REGION1,PWRWNDB11,39,2030,0.4891990347893797
REGION1,PWRWNDB11,40,2030,0.4356532559101522
REGION1,PWRWNDB11,1,2031,0.6252158868162924
REGION1,PWRWNDB11,2,2031,0.6077333254969138
REGION1,PWRWNDB11,3,2031,0.5562060268878348
REGION1,PWRWNDB11,4,2031,0.5835270714153711
REGION1,PWRWNDB11,5,2031,0.4411060613157949
REGION1,PWRWNDB11,6,2031,0.3176886303446433
REGION1,PWRWNDB11,7,2031,0.2819817176920533
REGION1,PWRWNDB11,8,2031,0.5211533188123117
REGION1,PWRWNDB11,9,2031,0.2047558080431717
REGION1,PWRWNDB11,10,2031,0.1344587941739744
REGION1,PWRWNDB11,11,2031,0.1261888410691636
REGION1,PWRWNDB11,12,2031,0.2804111023406413
REGION1,PWRWNDB11,13,2031,0.3543526347455439
REGION1,PWRWNDB11,14,2031,0.1803907909550139
REGION1,PWRWNDB11,15,2031,0.128203382761301
REGION1,PWRWNDB11,16,2031,0.4201198173047309
REGION1,PWRWNDB11,17,2031,0.6900212247954322
REGION1,PWRWNDB11,18,2031,0.6686451363331383
REGION1,PWRWNDB11,19,2031,0.670524849204746
REGION1,PWRWNDB11,20,2031,0.6879668355883602
REGION1,PWRWNDB11,21,2031,0.1698990301584953
REGION1,PWRWNDB11,22,2031,0.205619548382571
REGION1,PWRWNDB11,23,2031,0.2380454655403995
REGION1,PWRWNDB11,24,2031,0.2078510014353503
REGION1,PWRWNDB11,25,2031,0.1773013126833227
REGION1,PWRWNDB11,26,2031,0.2577677602338302
REGION1,PWRWNDB11,27,2031,0.3196082889214968
REGION1,PWRWNDB11,28,2031,0.3922229490824633
REGION1,PWRWNDB11,29,2031,0.5967290998535177
REGION1,PWRWNDB11,30,2031,0.6309854335358414
REGION1,PWRWNDB11,31,2031,0.6660304524999752
REGION1,PWRWNDB11,32,2031,0.6508565901926856
REGION1,PWRWNDB11,33,2031,0.4015428851384794
REGION1,PWRWNDB11,34,2031,0.3866355311960576
REGION1,PWRWNDB11,35,2031,0.2558336919974182
REGION1,PWRWNDB11,36,2031,0.2122374844646722
REGION1,PWRWNDB11,37,2031,0.4665795823285914
REGION1,PWRWNDB11,38,2031,0.4634740312819452
REGION1,PWRWNDB11,39,2031,0.4891990347893797
REGION1,PWRWNDB11,40,2031,0.4356532559101522
REGION1,PWRWNDB11,1,2032,0.6252158868162924
REGION1,PWRWNDB11,2,2032,0.6077333254969138
REGION1,PWRWNDB11,3,2032,0.5562060268878348
REGION1,PWRWNDB11,4,2032,0.5835270714153711
REGION1,PWRWNDB11,5,2032,0.4411060613157949
REGION1,PWRWNDB11,6,2032,0.3176886303446433
REGION1,PWRWNDB11,7,2032,0.2819817176920533
REGION1,PWRWNDB11,8,2032,0.5211533188123117
REGION1,PWRWNDB11,9,2032,0.2047558080431717
REGION1,PWRWNDB11,10,2032,0.1344587941739744
REGION1,PWRWNDB11,11,2032,0.1261888410691636
REGION1,PWRWNDB11,12,2032,0.2804111023406413
REGION1,PWRWNDB11,13,2032,0.3543526347455439
REGION1,PWRWNDB11,14,2032,0.1803907909550139
REGION1,PWRWNDB11,15,2032,0.128203382761301
REGION1,PWRWNDB11,16,2032,0.4201198173047309
REGION1,PWRWNDB11,17,2032,0.6900212247954322
REGION1,PWRWNDB11,18,2032,0.6686451363331383
REGION1,PWRWNDB11,19,2032,0.670524849204746
REGION1,PWRWNDB11,20,2032,0.6879668355883602
REGION1,PWRWNDB11,21,2032,0.1698990301584953
REGION1,PWRWNDB11,22,2032,0.205619548382571
REGION1,PWRWNDB11,23,2032,0.2380454655403995
REGION1,PWRWNDB11,24,2032,0.2078510014353503
REGION1,PWRWNDB11,25,2032,0.1773013126833227
REGION1,PWRWNDB11,26,2032,0.2577677602338302
REGION1,PWRWNDB11,27,2032,0.3196082889214968
REGION1,PWRWNDB11,28,2032,0.3922229490824633
REGION1,PWRWNDB11,29,2032,0.5967290998535177
REGION1,PWRWNDB11,30,2032,0.6309854335358414
REGION1,PWRWNDB11,31,2032,0.6660304524999752
REGION1,PWRWNDB11,32,2032,0.6508565901926856
REGION1,PWRWNDB11,33,2032,0.4015428851384794
REGION1,PWRWNDB11,34,2032,0.3866355311960576
REGION1,PWRWNDB11,35,2032,0.2558336919974182
REGION1,PWRWNDB11,36,2032,0.2122374844646722
REGION1,PWRWNDB11,37,2032,0.4665795823285914
REGION1,PWRWNDB11,38,2032,0.4634740312819452
REGION1,PWRWNDB11,39,2032,0.4891990347893797
REGION1,PWRWNDB11,40,2032,0.4356532559101522
REGION1,PWRWNDB11,1,2033,0.6252158868162924
REGION1,PWRWNDB11,2,2033,0.6077333254969138
REGION1,PWRWNDB11,3,2033,0.5562060268878348
REGION1,PWRWNDB11,4,2033,0.5835270714153711
REGION1,PWRWNDB11,5,2033,0.4411060613157949
REGION1,PWRWNDB11,6,2033,0.3176886303446433
REGION1,PWRWNDB11,7,2033,0.2819817176920533
REGION1,PWRWNDB11,8,2033,0.5211533188123117
REGION1,PWRWNDB11,9,2033,0.2047558080431717
REGION1,PWRWNDB11,10,2033,0.1344587941739744
REGION1,PWRWNDB11,11,2033,0.1261888410691636
REGION1,PWRWNDB11,12,2033,0.2804111023406413
REGION1,PWRWNDB11,13,2033,0.3543526347455439
REGION1,PWRWNDB11,14,2033,0.1803907909550139
REGION1,PWRWNDB11,15,2033,0.128203382761301
REGION1,PWRWNDB11,16,2033,0.4201198173047309
REGION1,PWRWNDB11,17,2033,0.6900212247954322
REGION1,PWRWNDB11,18,2033,0.6686451363331383
REGION1,PWRWNDB11,19,2033,0.670524849204746
REGION1,PWRWNDB11,20,2033,0.6879668355883602
REGION1,PWRWNDB11,21,2033,0.1698990301584953
REGION1,PWRWNDB11,22,2033,0.205619548382571
REGION1,PWRWNDB11,23,2033,0.2380454655403995
REGION1,PWRWNDB11,24,2033,0.2078510014353503
REGION1,PWRWNDB11,25,2033,0.1773013126833227
REGION1,PWRWNDB11,26,2033,0.2577677602338302
REGION1,PWRWNDB11,27,2033,0.3196082889214968
REGION1,PWRWNDB11,28,2033,0.3922229490824633
REGION1,PWRWNDB11,29,2033,0.5967290998535177
REGION1,PWRWNDB11,30,2033,0.6309854335358414
REGION1,PWRWNDB11,31,2033,0.6660304524999752
REGION1,PWRWNDB11,32,2033,0.6508565901926856
REGION1,PWRWNDB11,33,2033,0.4015428851384794
REGION1,PWRWNDB11,34,2033,0.3866355311960576
REGION1,PWRWNDB11,35,2033,0.2558336919974182
REGION1,PWRWNDB11,36,2033,0.2122374844646722
REGION1,PWRWNDB11,37,2033,0.4665795823285914
REGION1,PWRWNDB11,38,2033,0.4634740312819452
REGION1,PWRWNDB11,39,2033,0.4891990347893797
REGION1,PWRWNDB11,40,2033,0.4356532559101522
REGION1,PWRWNDB11,1,2034,0.6252158868162924
REGION1,PWRWNDB11,2,2034,0.6077333254969138
REGION1,PWRWNDB11,3,2034,0.5562060268878348
REGION1,PWRWNDB11,4,2034,0.5835270714153711
REGION1,PWRWNDB11,5,2034,0.4411060613157949
REGION1,PWRWNDB11,6,2034,0.3176886303446433
REGION1,PWRWNDB11,7,2034,0.2819817176920533
REGION1,PWRWNDB11,8,2034,0.5211533188123117
REGION1,PWRWNDB11,9,2034,0.2047558080431717
REGION1,PWRWNDB11,10,2034,0.1344587941739744
REGION1,PWRWNDB11,11,2034,0.1261888410691636
REGION1,PWRWNDB11,12,2034,0.2804111023406413
REGION1,PWRWNDB11,13,2034,0.3543526347455439
REGION1,PWRWNDB11,14,2034,0.1803907909550139
REGION1,PWRWNDB11,15,2034,0.128203382761301
REGION1,PWRWNDB11,16,2034,0.4201198173047309
REGION1,PWRWNDB11,17,2034,0.6900212247954322
REGION1,PWRWNDB11,18,2034,0.6686451363331383
REGION1,PWRWNDB11,19,2034,0.670524849204746
REGION1,PWRWNDB11,20,2034,0.6879668355883602
REGION1,PWRWNDB11,21,2034,0.1698990301584953
REGION1,PWRWNDB11,22,2034,0.205619548382571
REGION1,PWRWNDB11,23,2034,0.2380454655403995
REGION1,PWRWNDB11,24,2034,0.2078510014353503
REGION1,PWRWNDB11,25,2034,0.1773013126833227
REGION1,PWRWNDB11,26,2034,0.2577677602338302
REGION1,PWRWNDB11,27,2034,0.3196082889214968
REGION1,PWRWNDB11,28,2034,0.3922229490824633
REGION1,PWRWNDB11,29,2034,0.5967290998535177
REGION1,PWRWNDB11,30,2034,0.6309854335358414
REGION1,PWRWNDB11,31,2034,0.6660304524999752
REGION1,PWRWNDB11,32,2034,0.6508565901926856
REGION1,PWRWNDB11,33,2034,0.4015428851384794
REGION1,PWRWNDB11,34,2034,0.3866355311960576
REGION1,PWRWNDB11,35,2034,0.2558336919974182
REGION1,PWRWNDB11,36,2034,0.2122374844646722
REGION1,PWRWNDB11,37,2034,0.4665795823285914
REGION1,PWRWNDB11,38,2034,0.4634740312819452
REGION1,PWRWNDB11,39,2034,0.4891990347893797
REGION1,PWRWNDB11,40,2034,0.4356532559101522
REGION1,PWRWNDB11,1,2035,0.6252158868162924
REGION1,PWRWNDB11,2,2035,0.6077333254969138
REGION1,PWRWNDB11,3,2035,0.5562060268878348
REGION1,PWRWNDB11,4,2035,0.5835270714153711
REGION1,PWRWNDB11,5,2035,0.4411060613157949
REGION1,PWRWNDB11,6,2035,0.3176886303446433
REGION1,PWRWNDB11,7,2035,0.2819817176920533
REGION1,PWRWNDB11,8,2035,0.5211533188123117
REGION1,PWRWNDB11,9,2035,0.2047558080431717
REGION1,PWRWNDB11,10,2035,0.1344587941739744
REGION1,PWRWNDB11,11,2035,0.1261888410691636
REGION1,PWRWNDB11,12,2035,0.2804111023406413
REGION1,PWRWNDB11,13,2035,0.3543526347455439
REGION1,PWRWNDB11,14,2035,0.1803907909550139
REGION1,PWRWNDB11,15,2035,0.128203382761301
REGION1,PWRWNDB11,16,2035,0.4201198173047309
REGION1,PWRWNDB11,17,2035,0.6900212247954322
REGION1,PWRWNDB11,18,2035,0.6686451363331383
REGION1,PWRWNDB11,19,2035,0.670524849204746
REGION1,PWRWNDB11,20,2035,0.6879668355883602
REGION1,PWRWNDB11,21,2035,0.1698990301584953
REGION1,PWRWNDB11,22,2035,0.205619548382571
REGION1,PWRWNDB11,23,2035,0.2380454655403995
REGION1,PWRWNDB11,24,2035,0.2078510014353503
REGION1,PWRWNDB11,25,2035,0.1773013126833227
REGION1,PWRWNDB11,26,2035,0.2577677602338302
REGION1,PWRWNDB11,27,2035,0.3196082889214968
REGION1,PWRWNDB11,28,2035,0.3922229490824633
REGION1,PWRWNDB11,29,2035,0.5967290998535177
REGION1,PWRWNDB11,30,2035,0.6309854335358414
REGION1,PWRWNDB11,31,2035,0.6660304524999752
REGION1,PWRWNDB11,32,2035,0.6508565901926856
REGION1,PWRWNDB11,33,2035,0.4015428851384794
REGION1,PWRWNDB11,34,2035,0.3866355311960576
REGION1,PWRWNDB11,35,2035,0.2558336919974182
REGION1,PWRWNDB11,36,2035,0.2122374844646722
REGION1,PWRWNDB11,37,2035,0.4665795823285914
REGION1,PWRWNDB11,38,2035,0.4634740312819452
REGION1,PWRWNDB11,39,2035,0.4891990347893797
REGION1,PWRWNDB11,40,2035,0.4356532559101522
REGION1,PWRWNDB11,1,2036,0.6252158868162924
REGION1,PWRWNDB11,2,2036,0.6077333254969138
REGION1,PWRWNDB11,3,2036,0.5562060268878348
REGION1,PWRWNDB11,4,2036,0.5835270714153711
REGION1,PWRWNDB11,5,2036,0.4411060613157949
REGION1,PWRWNDB11,6,2036,0.3176886303446433
REGION1,PWRWNDB11,7,2036,0.2819817176920533
REGION1,PWRWNDB11,8,2036,0.5211533188123117
REGION1,PWRWNDB11,9,2036,0.2047558080431717
REGION1,PWRWNDB11,10,2036,0.1344587941739744
REGION1,PWRWNDB11,11,2036,0.1261888410691636
REGION1,PWRWNDB11,12,2036,0.2804111023406413
REGION1,PWRWNDB11,13,2036,0.3543526347455439
REGION1,PWRWNDB11,14,2036,0.1803907909550139
REGION1,PWRWNDB11,15,2036,0.128203382761301
REGION1,PWRWNDB11,16,2036,0.4201198173047309
REGION1,PWRWNDB11,17,2036,0.6900212247954322
REGION1,PWRWNDB11,18,2036,0.6686451363331383
REGION1,PWRWNDB11,19,2036,0.670524849204746
REGION1,PWRWNDB11,20,2036,0.6879668355883602
REGION1,PWRWNDB11,21,2036,0.1698990301584953
REGION1,PWRWNDB11,22,2036,0.205619548382571
REGION1,PWRWNDB11,23,2036,0.2380454655403995
REGION1,PWRWNDB11,24,2036,0.2078510014353503
REGION1,PWRWNDB11,25,2036,0.1773013126833227
REGION1,PWRWNDB11,26,2036,0.2577677602338302
REGION1,PWRWNDB11,27,2036,0.3196082889214968
REGION1,PWRWNDB11,28,2036,0.3922229490824633
REGION1,PWRWNDB11,29,2036,0.5967290998535177
REGION1,PWRWNDB11,30,2036,0.6309854335358414
REGION1,PWRWNDB11,31,2036,0.6660304524999752
REGION1,PWRWNDB11,32,2036,0.6508565901926856
REGION1,PWRWNDB11,33,2036,0.4015428851384794
REGION1,PWRWNDB11,34,2036,0.3866355311960576
REGION1,PWRWNDB11,35,2036,0.2558336919974182
REGION1,PWRWNDB11,36,2036,0.2122374844646722
REGION1,PWRWNDB11,37,2036,0.4665795823285914
REGION1,PWRWNDB11,38,2036,0.4634740312819452
REGION1,PWRWNDB11,39,2036,0.4891990347893797
REGION1,PWRWNDB11,40,2036,0.4356532559101522
REGION1,PWRWNDB11,1,2037,0.6252158868162924
REGION1,PWRWNDB11,2,2037,0.6077333254969138
REGION1,PWRWNDB11,3,2037,0.5562060268878348
REGION1,PWRWNDB11,4,2037,0.5835270714153711
REGION1,PWRWNDB11,5,2037,0.4411060613157949
REGION1,PWRWNDB11,6,2037,0.3176886303446433
REGION1,PWRWNDB11,7,2037,0.2819817176920533
REGION1,PWRWNDB11,8,2037,0.5211533188123117
REGION1,PWRWNDB11,9,2037,0.2047558080431717
REGION1,PWRWNDB11,10,2037,0.1344587941739744
REGION1,PWRWNDB11,11,2037,0.1261888410691636
REGION1,PWRWNDB11,12,2037,0.2804111023406413
REGION1,PWRWNDB11,13,2037,0.3543526347455439
REGION1,PWRWNDB11,14,2037,0.1803907909550139
REGION1,PWRWNDB11,15,2037,0.128203382761301
REGION1,PWRWNDB11,16,2037,0.4201198173047309
REGION1,PWRWNDB11,17,2037,0.6900212247954322
REGION1,PWRWNDB11,18,2037,0.6686451363331383
REGION1,PWRWNDB11,19,2037,0.670524849204746
REGION1,PWRWNDB11,20,2037,0.6879668355883602
REGION1,PWRWNDB11,21,2037,0.1698990301584953
REGION1,PWRWNDB11,22,2037,0.205619548382571
REGION1,PWRWNDB11,23,2037,0.2380454655403995
REGION1,PWRWNDB11,24,2037,0.2078510014353503
REGION1,PWRWNDB11,25,2037,0.1773013126833227
REGION1,PWRWNDB11,26,2037,0.2577677602338302
REGION1,PWRWNDB11,27,2037,0.3196082889214968
REGION1,PWRWNDB11,28,2037,0.3922229490824633
REGION1,PWRWNDB11,29,2037,0.5967290998535177
REGION1,PWRWNDB11,30,2037,0.6309854335358414
REGION1,PWRWNDB11,31,2037,0.6660304524999752
REGION1,PWRWNDB11,32,2037,0.6508565901926856
REGION1,PWRWNDB11,33,2037,0.4015428851384794
REGION1,PWRWNDB11,34,2037,0.3866355311960576
REGION1,PWRWNDB11,35,2037,0.2558336919974182
REGION1,PWRWNDB11,36,2037,0.2122374844646722
REGION1,PWRWNDB11,37,2037,0.4665795823285914
REGION1,PWRWNDB11,38,2037,0.4634740312819452
REGION1,PWRWNDB11,39,2037,0.4891990347893797
REGION1,PWRWNDB11,40,2037,0.4356532559101522
REGION1,PWRWNDB11,1,2038,0.6252158868162924
REGION1,PWRWNDB11,2,2038,0.6077333254969138
REGION1,PWRWNDB11,3,2038,0.5562060268878348
REGION1,PWRWNDB11,4,2038,0.5835270714153711
REGION1,PWRWNDB11,5,2038,0.4411060613157949
REGION1,PWRWNDB11,6,2038,0.3176886303446433
REGION1,PWRWNDB11,7,2038,0.2819817176920533
REGION1,PWRWNDB11,8,2038,0.5211533188123117
REGION1,PWRWNDB11,9,2038,0.2047558080431717
REGION1,PWRWNDB11,10,2038,0.1344587941739744
REGION1,PWRWNDB11,11,2038,0.1261888410691636
REGION1,PWRWNDB11,12,2038,0.2804111023406413
REGION1,PWRWNDB11,13,2038,0.3543526347455439
REGION1,PWRWNDB11,14,2038,0.1803907909550139
REGION1,PWRWNDB11,15,2038,0.128203382761301
REGION1,PWRWNDB11,16,2038,0.4201198173047309
REGION1,PWRWNDB11,17,2038,0.6900212247954322
REGION1,PWRWNDB11,18,2038,0.6686451363331383
REGION1,PWRWNDB11,19,2038,0.670524849204746
REGION1,PWRWNDB11,20,2038,0.6879668355883602
REGION1,PWRWNDB11,21,2038,0.1698990301584953
REGION1,PWRWNDB11,22,2038,0.205619548382571
REGION1,PWRWNDB11,23,2038,0.2380454655403995
REGION1,PWRWNDB11,24,2038,0.2078510014353503
REGION1,PWRWNDB11,25,2038,0.1773013126833227
REGION1,PWRWNDB11,26,2038,0.2577677602338302
REGION1,PWRWNDB11,27,2038,0.3196082889214968
REGION1,PWRWNDB11,28,2038,0.3922229490824633
REGION1,PWRWNDB11,29,2038,0.5967290998535177
REGION1,PWRWNDB11,30,2038,0.6309854335358414
REGION1,PWRWNDB11,31,2038,0.6660304524999752
REGION1,PWRWNDB11,32,2038,0.6508565901926856
REGION1,PWRWNDB11,33,2038,0.4015428851384794
REGION1,PWRWNDB11,34,2038,0.3866355311960576
REGION1,PWRWNDB11,35,2038,0.2558336919974182
REGION1,PWRWNDB11,36,2038,0.2122374844646722
REGION1,PWRWNDB11,37,2038,0.4665795823285914
REGION1,PWRWNDB11,38,2038,0.4634740312819452
REGION1,PWRWNDB11,39,2038,0.4891990347893797
REGION1,PWRWNDB11,40,2038,0.4356532559101522
REGION1,PWRWNDB11,1,2039,0.6252158868162924
REGION1,PWRWNDB11,2,2039,0.6077333254969138
REGION1,PWRWNDB11,3,2039,0.5562060268878348
REGION1,PWRWNDB11,4,2039,0.5835270714153711
REGION1,PWRWNDB11,5,2039,0.4411060613157949
REGION1,PWRWNDB11,6,2039,0.3176886303446433
REGION1,PWRWNDB11,7,2039,0.2819817176920533
REGION1,PWRWNDB11,8,2039,0.5211533188123117
REGION1,PWRWNDB11,9,2039,0.2047558080431717
REGION1,PWRWNDB11,10,2039,0.1344587941739744
REGION1,PWRWNDB11,11,2039,0.1261888410691636
REGION1,PWRWNDB11,12,2039,0.2804111023406413
REGION1,PWRWNDB11,13,2039,0.3543526347455439
REGION1,PWRWNDB11,14,2039,0.1803907909550139
REGION1,PWRWNDB11,15,2039,0.128203382761301
REGION1,PWRWNDB11,16,2039,0.4201198173047309
REGION1,PWRWNDB11,17,2039,0.6900212247954322
REGION1,PWRWNDB11,18,2039,0.6686451363331383
REGION1,PWRWNDB11,19,2039,0.670524849204746
REGION1,PWRWNDB11,20,2039,0.6879668355883602
REGION1,PWRWNDB11,21,2039,0.1698990301584953
REGION1,PWRWNDB11,22,2039,0.205619548382571
REGION1,PWRWNDB11,23,2039,0.2380454655403995
REGION1,PWRWNDB11,24,2039,0.2078510014353503
REGION1,PWRWNDB11,25,2039,0.1773013126833227
REGION1,PWRWNDB11,26,2039,0.2577677602338302
REGION1,PWRWNDB11,27,2039,0.3196082889214968
REGION1,PWRWNDB11,28,2039,0.3922229490824633
REGION1,PWRWNDB11,29,2039,0.5967290998535177
REGION1,PWRWNDB11,30,2039,0.6309854335358414
REGION1,PWRWNDB11,31,2039,0.6660304524999752
REGION1,PWRWNDB11,32,2039,0.6508565901926856
REGION1,PWRWNDB11,33,2039,0.4015428851384794
REGION1,PWRWNDB11,34,2039,0.3866355311960576
REGION1,PWRWNDB11,35,2039,0.2558336919974182
REGION1,PWRWNDB11,36,2039,0.2122374844646722
REGION1,PWRWNDB11,37,2039,0.4665795823285914
REGION1,PWRWNDB11,38,2039,0.4634740312819452
REGION1,PWRWNDB11,39,2039,0.4891990347893797
REGION1,PWRWNDB11,40,2039,0.4356532559101522
REGION1,PWRWNDB11,1,2040,0.6252158868162924
REGION1,PWRWNDB11,2,2040,0.6077333254969138
REGION1,PWRWNDB11,3,2040,0.5562060268878348
REGION1,PWRWNDB11,4,2040,0.5835270714153711
REGION1,PWRWNDB11,5,2040,0.4411060613157949
REGION1,PWRWNDB11,6,2040,0.3176886303446433
REGION1,PWRWNDB11,7,2040,0.2819817176920533
REGION1,PWRWNDB11,8,2040,0.5211533188123117
REGION1,PWRWNDB11,9,2040,0.2047558080431717
REGION1,PWRWNDB11,10,2040,0.1344587941739744
REGION1,PWRWNDB11,11,2040,0.1261888410691636
REGION1,PWRWNDB11,12,2040,0.2804111023406413
REGION1,PWRWNDB11,13,2040,0.3543526347455439
REGION1,PWRWNDB11,14,2040,0.1803907909550139
REGION1,PWRWNDB11,15,2040,0.128203382761301
REGION1,PWRWNDB11,16,2040,0.4201198173047309
REGION1,PWRWNDB11,17,2040,0.6900212247954322
REGION1,PWRWNDB11,18,2040,0.6686451363331383
REGION1,PWRWNDB11,19,2040,0.670524849204746
REGION1,PWRWNDB11,20,2040,0.6879668355883602
REGION1,PWRWNDB11,21,2040,0.1698990301584953
REGION1,PWRWNDB11,22,2040,0.205619548382571
REGION1,PWRWNDB11,23,2040,0.2380454655403995
REGION1,PWRWNDB11,24,2040,0.2078510014353503
REGION1,PWRWNDB11,25,2040,0.1773013126833227
REGION1,PWRWNDB11,26,2040,0.2577677602338302
REGION1,PWRWNDB11,27,2040,0.3196082889214968
REGION1,PWRWNDB11,28,2040,0.3922229490824633
REGION1,PWRWNDB11,29,2040,0.5967290998535177
REGION1,PWRWNDB11,30,2040,0.6309854335358414
REGION1,PWRWNDB11,31,2040,0.6660304524999752
REGION1,PWRWNDB11,32,2040,0.6508565901926856
REGION1,PWRWNDB11,33,2040,0.4015428851384794
REGION1,PWRWNDB11,34,2040,0.3866355311960576
REGION1,PWRWNDB11,35,2040,0.2558336919974182
REGION1,PWRWNDB11,36,2040,0.2122374844646722
REGION1,PWRWNDB11,37,2040,0.4665795823285914
REGION1,PWRWNDB11,38,2040,0.4634740312819452
REGION1,PWRWNDB11,39,2040,0.4891990347893797
REGION1,PWRWNDB11,40,2040,0.4356532559101522
REGION1,PWRWNDB11,1,2041,0.6252158868162924
REGION1,PWRWNDB11,2,2041,0.6077333254969138
REGION1,PWRWNDB11,3,2041,0.5562060268878348
REGION1,PWRWNDB11,4,2041,0.5835270714153711
REGION1,PWRWNDB11,5,2041,0.4411060613157949
REGION1,PWRWNDB11,6,2041,0.3176886303446433
REGION1,PWRWNDB11,7,2041,0.2819817176920533
REGION1,PWRWNDB11,8,2041,0.5211533188123117
REGION1,PWRWNDB11,9,2041,0.2047558080431717
REGION1,PWRWNDB11,10,2041,0.1344587941739744
REGION1,PWRWNDB11,11,2041,0.1261888410691636
REGION1,PWRWNDB11,12,2041,0.2804111023406413
REGION1,PWRWNDB11,13,2041,0.3543526347455439
REGION1,PWRWNDB11,14,2041,0.1803907909550139
REGION1,PWRWNDB11,15,2041,0.128203382761301
REGION1,PWRWNDB11,16,2041,0.4201198173047309
REGION1,PWRWNDB11,17,2041,0.6900212247954322
REGION1,PWRWNDB11,18,2041,0.6686451363331383
REGION1,PWRWNDB11,19,2041,0.670524849204746
REGION1,PWRWNDB11,20,2041,0.6879668355883602
REGION1,PWRWNDB11,21,2041,0.1698990301584953
REGION1,PWRWNDB11,22,2041,0.205619548382571
REGION1,PWRWNDB11,23,2041,0.2380454655403995
REGION1,PWRWNDB11,24,2041,0.2078510014353503
REGION1,PWRWNDB11,25,2041,0.1773013126833227
REGION1,PWRWNDB11,26,2041,0.2577677602338302
REGION1,PWRWNDB11,27,2041,0.3196082889214968
REGION1,PWRWNDB11,28,2041,0.3922229490824633
REGION1,PWRWNDB11,29,2041,0.5967290998535177
REGION1,PWRWNDB11,30,2041,0.6309854335358414
REGION1,PWRWNDB11,31,2041,0.6660304524999752
REGION1,PWRWNDB11,32,2041,0.6508565901926856
REGION1,PWRWNDB11,33,2041,0.4015428851384794
REGION1,PWRWNDB11,34,2041,0.3866355311960576
REGION1,PWRWNDB11,35,2041,0.2558336919974182
REGION1,PWRWNDB11,36,2041,0.2122374844646722
REGION1,PWRWNDB11,37,2041,0.4665795823285914
REGION1,PWRWNDB11,38,2041,0.4634740312819452
REGION1,PWRWNDB11,39,2041,0.4891990347893797
REGION1,PWRWNDB11,40,2041,0.4356532559101522
REGION1,PWRWNDB11,1,2042,0.6252158868162924
REGION1,PWRWNDB11,2,2042,0.6077333254969138
REGION1,PWRWNDB11,3,2042,0.5562060268878348
REGION1,PWRWNDB11,4,2042,0.5835270714153711
REGION1,PWRWNDB11,5,2042,0.4411060613157949
REGION1,PWRWNDB11,6,2042,0.3176886303446433
REGION1,PWRWNDB11,7,2042,0.2819817176920533
REGION1,PWRWNDB11,8,2042,0.5211533188123117
REGION1,PWRWNDB11,9,2042,0.2047558080431717
REGION1,PWRWNDB11,10,2042,0.1344587941739744
REGION1,PWRWNDB11,11,2042,0.1261888410691636
REGION1,PWRWNDB11,12,2042,0.2804111023406413
REGION1,PWRWNDB11,13,2042,0.3543526347455439
REGION1,PWRWNDB11,14,2042,0.1803907909550139
REGION1,PWRWNDB11,15,2042,0.128203382761301
REGION1,PWRWNDB11,16,2042,0.4201198173047309
REGION1,PWRWNDB11,17,2042,0.6900212247954322
REGION1,PWRWNDB11,18,2042,0.6686451363331383
REGION1,PWRWNDB11,19,2042,0.670524849204746
REGION1,PWRWNDB11,20,2042,0.6879668355883602
REGION1,PWRWNDB11,21,2042,0.1698990301584953
REGION1,PWRWNDB11,22,2042,0.205619548382571
REGION1,PWRWNDB11,23,2042,0.2380454655403995
REGION1,PWRWNDB11,24,2042,0.2078510014353503
REGION1,PWRWNDB11,25,2042,0.1773013126833227
REGION1,PWRWNDB11,26,2042,0.2577677602338302
REGION1,PWRWNDB11,27,2042,0.3196082889214968
REGION1,PWRWNDB11,28,2042,0.3922229490824633
REGION1,PWRWNDB11,29,2042,0.5967290998535177
REGION1,PWRWNDB11,30,2042,0.6309854335358414
REGION1,PWRWNDB11,31,2042,0.6660304524999752
REGION1,PWRWNDB11,32,2042,0.6508565901926856
REGION1,PWRWNDB11,33,2042,0.4015428851384794
REGION1,PWRWNDB11,34,2042,0.3866355311960576
REGION1,PWRWNDB11,35,2042,0.2558336919974182
REGION1,PWRWNDB11,36,2042,0.2122374844646722
REGION1,PWRWNDB11,37,2042,0.4665795823285914
REGION1,PWRWNDB11,38,2042,0.4634740312819452
REGION1,PWRWNDB11,39,2042,0.4891990347893797
REGION1,PWRWNDB11,40,2042,0.4356532559101522
REGION1,PWRWNDB11,1,2043,0.6252158868162924
REGION1,PWRWNDB11,2,2043,0.6077333254969138
REGION1,PWRWNDB11,3,2043,0.5562060268878348
REGION1,PWRWNDB11,4,2043,0.5835270714153711
REGION1,PWRWNDB11,5,2043,0.4411060613157949
REGION1,PWRWNDB11,6,2043,0.3176886303446433
REGION1,PWRWNDB11,7,2043,0.2819817176920533
REGION1,PWRWNDB11,8,2043,0.5211533188123117
REGION1,PWRWNDB11,9,2043,0.2047558080431717
REGION1,PWRWNDB11,10,2043,0.1344587941739744
REGION1,PWRWNDB11,11,2043,0.1261888410691636
REGION1,PWRWNDB11,12,2043,0.2804111023406413
REGION1,PWRWNDB11,13,2043,0.3543526347455439
REGION1,PWRWNDB11,14,2043,0.1803907909550139
REGION1,PWRWNDB11,15,2043,0.128203382761301
REGION1,PWRWNDB11,16,2043,0.4201198173047309
REGION1,PWRWNDB11,17,2043,0.6900212247954322
REGION1,PWRWNDB11,18,2043,0.6686451363331383
REGION1,PWRWNDB11,19,2043,0.670524849204746
REGION1,PWRWNDB11,20,2043,0.6879668355883602
REGION1,PWRWNDB11,21,2043,0.1698990301584953
REGION1,PWRWNDB11,22,2043,0.205619548382571
REGION1,PWRWNDB11,23,2043,0.2380454655403995
REGION1,PWRWNDB11,24,2043,0.2078510014353503
REGION1,PWRWNDB11,25,2043,0.1773013126833227
REGION1,PWRWNDB11,26,2043,0.2577677602338302
REGION1,PWRWNDB11,27,2043,0.3196082889214968
REGION1,PWRWNDB11,28,2043,0.3922229490824633
REGION1,PWRWNDB11,29,2043,0.5967290998535177
REGION1,PWRWNDB11,30,2043,0.6309854335358414
REGION1,PWRWNDB11,31,2043,0.6660304524999752
REGION1,PWRWNDB11,32,2043,0.6508565901926856
REGION1,PWRWNDB11,33,2043,0.4015428851384794
REGION1,PWRWNDB11,34,2043,0.3866355311960576
REGION1,PWRWNDB11,35,2043,0.2558336919974182
REGION1,PWRWNDB11,36,2043,0.2122374844646722
REGION1,PWRWNDB11,37,2043,0.4665795823285914
REGION1,PWRWNDB11,38,2043,0.4634740312819452
REGION1,PWRWNDB11,39,2043,0.4891990347893797
REGION1,PWRWNDB11,40,2043,0.4356532559101522
REGION1,PWRWNDB11,1,2044,0.6252158868162924
REGION1,PWRWNDB11,2,2044,0.6077333254969138
REGION1,PWRWNDB11,3,2044,0.5562060268878348
REGION1,PWRWNDB11,4,2044,0.5835270714153711
REGION1,PWRWNDB11,5,2044,0.4411060613157949
REGION1,PWRWNDB11,6,2044,0.3176886303446433
REGION1,PWRWNDB11,7,2044,0.2819817176920533
REGION1,PWRWNDB11,8,2044,0.5211533188123117
REGION1,PWRWNDB11,9,2044,0.2047558080431717
REGION1,PWRWNDB11,10,2044,0.1344587941739744
REGION1,PWRWNDB11,11,2044,0.1261888410691636
REGION1,PWRWNDB11,12,2044,0.2804111023406413
REGION1,PWRWNDB11,13,2044,0.3543526347455439
REGION1,PWRWNDB11,14,2044,0.1803907909550139
REGION1,PWRWNDB11,15,2044,0.128203382761301
REGION1,PWRWNDB11,16,2044,0.4201198173047309
REGION1,PWRWNDB11,17,2044,0.6900212247954322
REGION1,PWRWNDB11,18,2044,0.6686451363331383
REGION1,PWRWNDB11,19,2044,0.670524849204746
REGION1,PWRWNDB11,20,2044,0.6879668355883602
REGION1,PWRWNDB11,21,2044,0.1698990301584953
REGION1,PWRWNDB11,22,2044,0.205619548382571
REGION1,PWRWNDB11,23,2044,0.2380454655403995
REGION1,PWRWNDB11,24,2044,0.2078510014353503
REGION1,PWRWNDB11,25,2044,0.1773013126833227
REGION1,PWRWNDB11,26,2044,0.2577677602338302
REGION1,PWRWNDB11,27,2044,0.3196082889214968
REGION1,PWRWNDB11,28,2044,0.3922229490824633
REGION1,PWRWNDB11,29,2044,0.5967290998535177
REGION1,PWRWNDB11,30,2044,0.6309854335358414
REGION1,PWRWNDB11,31,2044,0.6660304524999752
REGION1,PWRWNDB11,32,2044,0.6508565901926856
REGION1,PWRWNDB11,33,2044,0.4015428851384794
REGION1,PWRWNDB11,34,2044,0.3866355311960576
REGION1,PWRWNDB11,35,2044,0.2558336919974182
REGION1,PWRWNDB11,36,2044,0.2122374844646722
REGION1,PWRWNDB11,37,2044,0.4665795823285914
REGION1,PWRWNDB11,38,2044,0.4634740312819452
REGION1,PWRWNDB11,39,2044,0.4891990347893797
REGION1,PWRWNDB11,40,2044,0.4356532559101522
REGION1,PWRWNDB11,1,2045,0.6252158868162924
REGION1,PWRWNDB11,2,2045,0.6077333254969138
REGION1,PWRWNDB11,3,2045,0.5562060268878348
REGION1,PWRWNDB11,4,2045,0.5835270714153711
REGION1,PWRWNDB11,5,2045,0.4411060613157949
REGION1,PWRWNDB11,6,2045,0.3176886303446433
REGION1,PWRWNDB11,7,2045,0.2819817176920533
REGION1,PWRWNDB11,8,2045,0.5211533188123117
REGION1,PWRWNDB11,9,2045,0.2047558080431717
REGION1,PWRWNDB11,10,2045,0.1344587941739744
REGION1,PWRWNDB11,11,2045,0.1261888410691636
REGION1,PWRWNDB11,12,2045,0.2804111023406413
REGION1,PWRWNDB11,13,2045,0.3543526347455439
REGION1,PWRWNDB11,14,2045,0.1803907909550139
REGION1,PWRWNDB11,15,2045,0.128203382761301
REGION1,PWRWNDB11,16,2045,0.4201198173047309
REGION1,PWRWNDB11,17,2045,0.6900212247954322
REGION1,PWRWNDB11,18,2045,0.6686451363331383
REGION1,PWRWNDB11,19,2045,0.670524849204746
REGION1,PWRWNDB11,20,2045,0.6879668355883602
REGION1,PWRWNDB11,21,2045,0.1698990301584953
REGION1,PWRWNDB11,22,2045,0.205619548382571
REGION1,PWRWNDB11,23,2045,0.2380454655403995
REGION1,PWRWNDB11,24,2045,0.2078510014353503
REGION1,PWRWNDB11,25,2045,0.1773013126833227
REGION1,PWRWNDB11,26,2045,0.2577677602338302
REGION1,PWRWNDB11,27,2045,0.3196082889214968
REGION1,PWRWNDB11,28,2045,0.3922229490824633
REGION1,PWRWNDB11,29,2045,0.5967290998535177
REGION1,PWRWNDB11,30,2045,0.6309854335358414
REGION1,PWRWNDB11,31,2045,0.6660304524999752
REGION1,PWRWNDB11,32,2045,0.6508565901926856
REGION1,PWRWNDB11,33,2045,0.4015428851384794
REGION1,PWRWNDB11,34,2045,0.3866355311960576
REGION1,PWRWNDB11,35,2045,0.2558336919974182
REGION1,PWRWNDB11,36,2045,0.2122374844646722
REGION1,PWRWNDB11,37,2045,0.4665795823285914
REGION1,PWRWNDB11,38,2045,0.4634740312819452
REGION1,PWRWNDB11,39,2045,0.4891990347893797
REGION1,PWRWNDB11,40,2045,0.4356532559101522
REGION1,PWRWNDB11,1,2046,0.6252158868162924
REGION1,PWRWNDB11,2,2046,0.6077333254969138
REGION1,PWRWNDB11,3,2046,0.5562060268878348
REGION1,PWRWNDB11,4,2046,0.5835270714153711
REGION1,PWRWNDB11,5,2046,0.4411060613157949
REGION1,PWRWNDB11,6,2046,0.3176886303446433
REGION1,PWRWNDB11,7,2046,0.2819817176920533
REGION1,PWRWNDB11,8,2046,0.5211533188123117
REGION1,PWRWNDB11,9,2046,0.2047558080431717
REGION1,PWRWNDB11,10,2046,0.1344587941739744
REGION1,PWRWNDB11,11,2046,0.1261888410691636
REGION1,PWRWNDB11,12,2046,0.2804111023406413
REGION1,PWRWNDB11,13,2046,0.3543526347455439
REGION1,PWRWNDB11,14,2046,0.1803907909550139
REGION1,PWRWNDB11,15,2046,0.128203382761301
REGION1,PWRWNDB11,16,2046,0.4201198173047309
REGION1,PWRWNDB11,17,2046,0.6900212247954322
REGION1,PWRWNDB11,18,2046,0.6686451363331383
REGION1,PWRWNDB11,19,2046,0.670524849204746
REGION1,PWRWNDB11,20,2046,0.6879668355883602
REGION1,PWRWNDB11,21,2046,0.1698990301584953
REGION1,PWRWNDB11,22,2046,0.205619548382571
REGION1,PWRWNDB11,23,2046,0.2380454655403995
REGION1,PWRWNDB11,24,2046,0.2078510014353503
REGION1,PWRWNDB11,25,2046,0.1773013126833227
REGION1,PWRWNDB11,26,2046,0.2577677602338302
REGION1,PWRWNDB11,27,2046,0.3196082889214968
REGION1,PWRWNDB11,28,2046,0.3922229490824633
REGION1,PWRWNDB11,29,2046,0.5967290998535177
REGION1,PWRWNDB11,30,2046,0.6309854335358414
REGION1,PWRWNDB11,31,2046,0.6660304524999752
REGION1,PWRWNDB11,32,2046,0.6508565901926856
REGION1,PWRWNDB11,33,2046,0.4015428851384794
REGION1,PWRWNDB11,34,2046,0.3866355311960576
REGION1,PWRWNDB11,35,2046,0.2558336919974182
REGION1,PWRWNDB11,36,2046,0.2122374844646722
REGION1,PWRWNDB11,37,2046,0.4665795823285914
REGION1,PWRWNDB11,38,2046,0.4634740312819452
REGION1,PWRWNDB11,39,2046,0.4891990347893797
REGION1,PWRWNDB11,40,2046,0.4356532559101522
REGION1,PWRWNDB11,1,2047,0.6252158868162924
REGION1,PWRWNDB11,2,2047,0.6077333254969138
REGION1,PWRWNDB11,3,2047,0.5562060268878348
REGION1,PWRWNDB11,4,2047,0.5835270714153711
REGION1,PWRWNDB11,5,2047,0.4411060613157949
REGION1,PWRWNDB11,6,2047,0.3176886303446433
REGION1,PWRWNDB11,7,2047,0.2819817176920533
REGION1,PWRWNDB11,8,2047,0.5211533188123117
REGION1,PWRWNDB11,9,2047,0.2047558080431717
REGION1,PWRWNDB11,10,2047,0.1344587941739744
REGION1,PWRWNDB11,11,2047,0.1261888410691636
REGION1,PWRWNDB11,12,2047,0.2804111023406413
REGION1,PWRWNDB11,13,2047,0.3543526347455439
REGION1,PWRWNDB11,14,2047,0.1803907909550139
REGION1,PWRWNDB11,15,2047,0.128203382761301
REGION1,PWRWNDB11,16,2047,0.4201198173047309
REGION1,PWRWNDB11,17,2047,0.6900212247954322
REGION1,PWRWNDB11,18,2047,0.6686451363331383
REGION1,PWRWNDB11,19,2047,0.670524849204746
REGION1,PWRWNDB11,20,2047,0.6879668355883602
REGION1,PWRWNDB11,21,2047,0.1698990301584953
REGION1,PWRWNDB11,22,2047,0.205619548382571
REGION1,PWRWNDB11,23,2047,0.2380454655403995
REGION1,PWRWNDB11,24,2047,0.2078510014353503
REGION1,PWRWNDB11,25,2047,0.1773013126833227
REGION1,PWRWNDB11,26,2047,0.2577677602338302
REGION1,PWRWNDB11,27,2047,0.3196082889214968
REGION1,PWRWNDB11,28,2047,0.3922229490824633
REGION1,PWRWNDB11,29,2047,0.5967290998535177
REGION1,PWRWNDB11,30,2047,0.6309854335358414
REGION1,PWRWNDB11,31,2047,0.6660304524999752
REGION1,PWRWNDB11,32,2047,0.6508565901926856
REGION1,PWRWNDB11,33,2047,0.4015428851384794
REGION1,PWRWNDB11,34,2047,0.3866355311960576
REGION1,PWRWNDB11,35,2047,0.2558336919974182
REGION1,PWRWNDB11,36,2047,0.2122374844646722
REGION1,PWRWNDB11,37,2047,0.4665795823285914
REGION1,PWRWNDB11,38,2047,0.4634740312819452
REGION1,PWRWNDB11,39,2047,0.4891990347893797
REGION1,PWRWNDB11,40,2047,0.4356532559101522
REGION1,PWRWNDB11,1,2048,0.6252158868162924
REGION1,PWRWNDB11,2,2048,0.6077333254969138
REGION1,PWRWNDB11,3,2048,0.5562060268878348
REGION1,PWRWNDB11,4,2048,0.5835270714153711
REGION1,PWRWNDB11,5,2048,0.4411060613157949
REGION1,PWRWNDB11,6,2048,0.3176886303446433
REGION1,PWRWNDB11,7,2048,0.2819817176920533
REGION1,PWRWNDB11,8,2048,0.5211533188123117
REGION1,PWRWNDB11,9,2048,0.2047558080431717
REGION1,PWRWNDB11,10,2048,0.1344587941739744
REGION1,PWRWNDB11,11,2048,0.1261888410691636
REGION1,PWRWNDB11,12,2048,0.2804111023406413
REGION1,PWRWNDB11,13,2048,0.3543526347455439
REGION1,PWRWNDB11,14,2048,0.1803907909550139
REGION1,PWRWNDB11,15,2048,0.128203382761301
REGION1,PWRWNDB11,16,2048,0.4201198173047309
REGION1,PWRWNDB11,17,2048,0.6900212247954322
REGION1,PWRWNDB11,18,2048,0.6686451363331383
REGION1,PWRWNDB11,19,2048,0.670524849204746
REGION1,PWRWNDB11,20,2048,0.6879668355883602
REGION1,PWRWNDB11,21,2048,0.1698990301584953
REGION1,PWRWNDB11,22,2048,0.205619548382571
REGION1,PWRWNDB11,23,2048,0.2380454655403995
REGION1,PWRWNDB11,24,2048,0.2078510014353503
REGION1,PWRWNDB11,25,2048,0.1773013126833227
REGION1,PWRWNDB11,26,2048,0.2577677602338302
REGION1,PWRWNDB11,27,2048,0.3196082889214968
REGION1,PWRWNDB11,28,2048,0.3922229490824633
REGION1,PWRWNDB11,29,2048,0.5967290998535177
REGION1,PWRWNDB11,30,2048,0.6309854335358414
REGION1,PWRWNDB11,31,2048,0.6660304524999752
REGION1,PWRWNDB11,32,2048,0.6508565901926856
REGION1,PWRWNDB11,33,2048,0.4015428851384794
REGION1,PWRWNDB11,34,2048,0.3866355311960576
REGION1,PWRWNDB11,35,2048,0.2558336919974182
REGION1,PWRWNDB11,36,2048,0.2122374844646722
REGION1,PWRWNDB11,37,2048,0.4665795823285914
REGION1,PWRWNDB11,38,2048,0.4634740312819452
REGION1,PWRWNDB11,39,2048,0.4891990347893797
REGION1,PWRWNDB11,40,2048,0.4356532559101522
REGION1,PWRWNDB11,1,2049,0.6252158868162924
REGION1,PWRWNDB11,2,2049,0.6077333254969138
REGION1,PWRWNDB11,3,2049,0.5562060268878348
REGION1,PWRWNDB11,4,2049,0.5835270714153711
REGION1,PWRWNDB11,5,2049,0.4411060613157949
REGION1,PWRWNDB11,6,2049,0.3176886303446433
REGION1,PWRWNDB11,7,2049,0.2819817176920533
REGION1,PWRWNDB11,8,2049,0.5211533188123117
REGION1,PWRWNDB11,9,2049,0.2047558080431717
REGION1,PWRWNDB11,10,2049,0.1344587941739744
REGION1,PWRWNDB11,11,2049,0.1261888410691636
REGION1,PWRWNDB11,12,2049,0.2804111023406413
REGION1,PWRWNDB11,13,2049,0.3543526347455439
REGION1,PWRWNDB11,14,2049,0.1803907909550139
REGION1,PWRWNDB11,15,2049,0.128203382761301
REGION1,PWRWNDB11,16,2049,0.4201198173047309
REGION1,PWRWNDB11,17,2049,0.6900212247954322
REGION1,PWRWNDB11,18,2049,0.6686451363331383
REGION1,PWRWNDB11,19,2049,0.670524849204746
REGION1,PWRWNDB11,20,2049,0.6879668355883602
REGION1,PWRWNDB11,21,2049,0.1698990301584953
REGION1,PWRWNDB11,22,2049,0.205619548382571
REGION1,PWRWNDB11,23,2049,0.2380454655403995
REGION1,PWRWNDB11,24,2049,0.2078510014353503
REGION1,PWRWNDB11,25,2049,0.1773013126833227
REGION1,PWRWNDB11,26,2049,0.2577677602338302
REGION1,PWRWNDB11,27,2049,0.3196082889214968
REGION1,PWRWNDB11,28,2049,0.3922229490824633
REGION1,PWRWNDB11,29,2049,0.5967290998535177
REGION1,PWRWNDB11,30,2049,0.6309854335358414
REGION1,PWRWNDB11,31,2049,0.6660304524999752
REGION1,PWRWNDB11,32,2049,0.6508565901926856
REGION1,PWRWNDB11,33,2049,0.4015428851384794
REGION1,PWRWNDB11,34,2049,0.3866355311960576
REGION1,PWRWNDB11,35,2049,0.2558336919974182
REGION1,PWRWNDB11,36,2049,0.2122374844646722
REGION1,PWRWNDB11,37,2049,0.4665795823285914
REGION1,PWRWNDB11,38,2049,0.4634740312819452
REGION1,PWRWNDB11,39,2049,0.4891990347893797
REGION1,PWRWNDB11,40,2049,0.4356532559101522
REGION1,PWRWNDB11,1,2050,0.6252158868162924
REGION1,PWRWNDB11,2,2050,0.6077333254969138
REGION1,PWRWNDB11,3,2050,0.5562060268878348
REGION1,PWRWNDB11,4,2050,0.5835270714153711
REGION1,PWRWNDB11,5,2050,0.4411060613157949
REGION1,PWRWNDB11,6,2050,0.3176886303446433
REGION1,PWRWNDB11,7,2050,0.2819817176920533
REGION1,PWRWNDB11,8,2050,0.5211533188123117
REGION1,PWRWNDB11,9,2050,0.2047558080431717
REGION1,PWRWNDB11,10,2050,0.1344587941739744
REGION1,PWRWNDB11,11,2050,0.1261888410691636
REGION1,PWRWNDB11,12,2050,0.2804111023406413
REGION1,PWRWNDB11,13,2050,0.3543526347455439
REGION1,PWRWNDB11,14,2050,0.1803907909550139
REGION1,PWRWNDB11,15,2050,0.128203382761301
REGION1,PWRWNDB11,16,2050,0.4201198173047309
REGION1,PWRWNDB11,17,2050,0.6900212247954322
REGION1,PWRWNDB11,18,2050,0.6686451363331383
REGION1,PWRWNDB11,19,2050,0.670524849204746
REGION1,PWRWNDB11,20,2050,0.6879668355883602
REGION1,PWRWNDB11,21,2050,0.1698990301584953
REGION1,PWRWNDB11,22,2050,0.205619548382571
REGION1,PWRWNDB11,23,2050,0.2380454655403995
REGION1,PWRWNDB11,24,2050,0.2078510014353503
REGION1,PWRWNDB11,25,2050,0.1773013126833227
REGION1,PWRWNDB11,26,2050,0.2577677602338302
REGION1,PWRWNDB11,27,2050,0.3196082889214968
REGION1,PWRWNDB11,28,2050,0.3922229490824633
REGION1,PWRWNDB11,29,2050,0.5967290998535177
REGION1,PWRWNDB11,30,2050,0.6309854335358414
REGION1,PWRWNDB11,31,2050,0.6660304524999752
REGION1,PWRWNDB11,32,2050,0.6508565901926856
REGION1,PWRWNDB11,33,2050,0.4015428851384794
REGION1,PWRWNDB11,34,2050,0.3866355311960576
REGION1,PWRWNDB11,35,2050,0.2558336919974182
REGION1,PWRWNDB11,36,2050,0.2122374844646722
REGION1,PWRWNDB11,37,2050,0.4665795823285914
REGION1,PWRWNDB11,38,2050,0.4634740312819452
REGION1,PWRWNDB11,39,2050,0.4891990347893797
REGION1,PWRWNDB11,40,2050,0.4356532559101522
REGION1,PWRWNDB12,1,2020,0.6559398822911479
REGION1,PWRWNDB12,2,2020,0.6134997474050391
REGION1,PWRWNDB12,3,2020,0.5826072761599707
REGION1,PWRWNDB12,4,2020,0.6421510941453531
REGION1,PWRWNDB12,5,2020,0.4672063400813515
REGION1,PWRWNDB12,6,2020,0.3538406037215225
REGION1,PWRWNDB12,7,2020,0.3656250329549531
REGION1,PWRWNDB12,8,2020,0.6099490335546794
REGION1,PWRWNDB12,9,2020,0.1941152049218597
REGION1,PWRWNDB12,10,2020,0.1622965775385391
REGION1,PWRWNDB12,11,2020,0.1632361808760986
REGION1,PWRWNDB12,12,2020,0.2687929177079536
REGION1,PWRWNDB12,13,2020,0.4617561758712869
REGION1,PWRWNDB12,14,2020,0.2532269221093557
REGION1,PWRWNDB12,15,2020,0.1588938388937806
REGION1,PWRWNDB12,16,2020,0.493081801286025
REGION1,PWRWNDB12,17,2020,0.7269732642474174
REGION1,PWRWNDB12,18,2020,0.70067924106548
REGION1,PWRWNDB12,19,2020,0.7119495244503596
REGION1,PWRWNDB12,20,2020,0.7481298172990335
REGION1,PWRWNDB12,21,2020,0.156024998654972
REGION1,PWRWNDB12,22,2020,0.1835985738717517
REGION1,PWRWNDB12,23,2020,0.2188296852547115
REGION1,PWRWNDB12,24,2020,0.1716619447222183
REGION1,PWRWNDB12,25,2020,0.2537845114745541
REGION1,PWRWNDB12,26,2020,0.3561724163501381
REGION1,PWRWNDB12,27,2020,0.4360695836770401
REGION1,PWRWNDB12,28,2020,0.516563487147592
REGION1,PWRWNDB12,29,2020,0.6526729051451788
REGION1,PWRWNDB12,30,2020,0.7029910423502711
REGION1,PWRWNDB12,31,2020,0.7345642534327449
REGION1,PWRWNDB12,32,2020,0.7013349431052016
REGION1,PWRWNDB12,33,2020,0.4719899714445814
REGION1,PWRWNDB12,34,2020,0.4677738179178471
REGION1,PWRWNDB12,35,2020,0.306820882804423
REGION1,PWRWNDB12,36,2020,0.2394749752937374
REGION1,PWRWNDB12,37,2020,0.4938496168305344
REGION1,PWRWNDB12,38,2020,0.4918901235790102
REGION1,PWRWNDB12,39,2020,0.524357119108818
REGION1,PWRWNDB12,40,2020,0.4566316993173532
REGION1,PWRWNDB12,1,2021,0.6559398822911479
REGION1,PWRWNDB12,2,2021,0.6134997474050391
REGION1,PWRWNDB12,3,2021,0.5826072761599707
REGION1,PWRWNDB12,4,2021,0.6421510941453531
REGION1,PWRWNDB12,5,2021,0.4672063400813515
REGION1,PWRWNDB12,6,2021,0.3538406037215225
REGION1,PWRWNDB12,7,2021,0.3656250329549531
REGION1,PWRWNDB12,8,2021,0.6099490335546794
REGION1,PWRWNDB12,9,2021,0.1941152049218597
REGION1,PWRWNDB12,10,2021,0.1622965775385391
REGION1,PWRWNDB12,11,2021,0.1632361808760986
REGION1,PWRWNDB12,12,2021,0.2687929177079536
REGION1,PWRWNDB12,13,2021,0.4617561758712869
REGION1,PWRWNDB12,14,2021,0.2532269221093557
REGION1,PWRWNDB12,15,2021,0.1588938388937806
REGION1,PWRWNDB12,16,2021,0.493081801286025
REGION1,PWRWNDB12,17,2021,0.7269732642474174
REGION1,PWRWNDB12,18,2021,0.70067924106548
REGION1,PWRWNDB12,19,2021,0.7119495244503596
REGION1,PWRWNDB12,20,2021,0.7481298172990335
REGION1,PWRWNDB12,21,2021,0.156024998654972
REGION1,PWRWNDB12,22,2021,0.1835985738717517
REGION1,PWRWNDB12,23,2021,0.2188296852547115
REGION1,PWRWNDB12,24,2021,0.1716619447222183
REGION1,PWRWNDB12,25,2021,0.2537845114745541
REGION1,PWRWNDB12,26,2021,0.3561724163501381
REGION1,PWRWNDB12,27,2021,0.4360695836770401
REGION1,PWRWNDB12,28,2021,0.516563487147592
REGION1,PWRWNDB12,29,2021,0.6526729051451788
REGION1,PWRWNDB12,30,2021,0.7029910423502711
REGION1,PWRWNDB12,31,2021,0.7345642534327449
REGION1,PWRWNDB12,32,2021,0.7013349431052016
REGION1,PWRWNDB12,33,2021,0.4719899714445814
REGION1,PWRWNDB12,34,2021,0.4677738179178471
REGION1,PWRWNDB12,35,2021,0.306820882804423
REGION1,PWRWNDB12,36,2021,0.2394749752937374
REGION1,PWRWNDB12,37,2021,0.4938496168305344
REGION1,PWRWNDB12,38,2021,0.4918901235790102
REGION1,PWRWNDB12,39,2021,0.524357119108818
REGION1,PWRWNDB12,40,2021,0.4566316993173532
REGION1,PWRWNDB12,1,2022,0.6559398822911479
REGION1,PWRWNDB12,2,2022,0.6134997474050391
REGION1,PWRWNDB12,3,2022,0.5826072761599707
REGION1,PWRWNDB12,4,2022,0.6421510941453531
REGION1,PWRWNDB12,5,2022,0.4672063400813515
REGION1,PWRWNDB12,6,2022,0.3538406037215225
REGION1,PWRWNDB12,7,2022,0.3656250329549531
REGION1,PWRWNDB12,8,2022,0.6099490335546794
REGION1,PWRWNDB12,9,2022,0.1941152049218597
REGION1,PWRWNDB12,10,2022,0.1622965775385391
REGION1,PWRWNDB12,11,2022,0.1632361808760986
REGION1,PWRWNDB12,12,2022,0.2687929177079536
REGION1,PWRWNDB12,13,2022,0.4617561758712869
REGION1,PWRWNDB12,14,2022,0.2532269221093557
REGION1,PWRWNDB12,15,2022,0.1588938388937806
REGION1,PWRWNDB12,16,2022,0.493081801286025
REGION1,PWRWNDB12,17,2022,0.7269732642474174
REGION1,PWRWNDB12,18,2022,0.70067924106548
REGION1,PWRWNDB12,19,2022,0.7119495244503596
REGION1,PWRWNDB12,20,2022,0.7481298172990335
REGION1,PWRWNDB12,21,2022,0.156024998654972
REGION1,PWRWNDB12,22,2022,0.1835985738717517
REGION1,PWRWNDB12,23,2022,0.2188296852547115
REGION1,PWRWNDB12,24,2022,0.1716619447222183
REGION1,PWRWNDB12,25,2022,0.2537845114745541
REGION1,PWRWNDB12,26,2022,0.3561724163501381
REGION1,PWRWNDB12,27,2022,0.4360695836770401
REGION1,PWRWNDB12,28,2022,0.516563487147592
REGION1,PWRWNDB12,29,2022,0.6526729051451788
REGION1,PWRWNDB12,30,2022,0.7029910423502711
REGION1,PWRWNDB12,31,2022,0.7345642534327449
REGION1,PWRWNDB12,32,2022,0.7013349431052016
REGION1,PWRWNDB12,33,2022,0.4719899714445814
REGION1,PWRWNDB12,34,2022,0.4677738179178471
REGION1,PWRWNDB12,35,2022,0.306820882804423
REGION1,PWRWNDB12,36,2022,0.2394749752937374
REGION1,PWRWNDB12,37,2022,0.4938496168305344
REGION1,PWRWNDB12,38,2022,0.4918901235790102
REGION1,PWRWNDB12,39,2022,0.524357119108818
REGION1,PWRWNDB12,40,2022,0.4566316993173532
REGION1,PWRWNDB12,1,2023,0.6559398822911479
REGION1,PWRWNDB12,2,2023,0.6134997474050391
REGION1,PWRWNDB12,3,2023,0.5826072761599707
REGION1,PWRWNDB12,4,2023,0.6421510941453531
REGION1,PWRWNDB12,5,2023,0.4672063400813515
REGION1,PWRWNDB12,6,2023,0.3538406037215225
REGION1,PWRWNDB12,7,2023,0.3656250329549531
REGION1,PWRWNDB12,8,2023,0.6099490335546794
REGION1,PWRWNDB12,9,2023,0.1941152049218597
REGION1,PWRWNDB12,10,2023,0.1622965775385391
REGION1,PWRWNDB12,11,2023,0.1632361808760986
REGION1,PWRWNDB12,12,2023,0.2687929177079536
REGION1,PWRWNDB12,13,2023,0.4617561758712869
REGION1,PWRWNDB12,14,2023,0.2532269221093557
REGION1,PWRWNDB12,15,2023,0.1588938388937806
REGION1,PWRWNDB12,16,2023,0.493081801286025
REGION1,PWRWNDB12,17,2023,0.7269732642474174
REGION1,PWRWNDB12,18,2023,0.70067924106548
REGION1,PWRWNDB12,19,2023,0.7119495244503596
REGION1,PWRWNDB12,20,2023,0.7481298172990335
REGION1,PWRWNDB12,21,2023,0.156024998654972
REGION1,PWRWNDB12,22,2023,0.1835985738717517
REGION1,PWRWNDB12,23,2023,0.2188296852547115
REGION1,PWRWNDB12,24,2023,0.1716619447222183
REGION1,PWRWNDB12,25,2023,0.2537845114745541
REGION1,PWRWNDB12,26,2023,0.3561724163501381
REGION1,PWRWNDB12,27,2023,0.4360695836770401
REGION1,PWRWNDB12,28,2023,0.516563487147592
REGION1,PWRWNDB12,29,2023,0.6526729051451788
REGION1,PWRWNDB12,30,2023,0.7029910423502711
REGION1,PWRWNDB12,31,2023,0.7345642534327449
REGION1,PWRWNDB12,32,2023,0.7013349431052016
REGION1,PWRWNDB12,33,2023,0.4719899714445814
REGION1,PWRWNDB12,34,2023,0.4677738179178471
REGION1,PWRWNDB12,35,2023,0.306820882804423
REGION1,PWRWNDB12,36,2023,0.2394749752937374
REGION1,PWRWNDB12,37,2023,0.4938496168305344
REGION1,PWRWNDB12,38,2023,0.4918901235790102
REGION1,PWRWNDB12,39,2023,0.524357119108818
REGION1,PWRWNDB12,40,2023,0.4566316993173532
REGION1,PWRWNDB12,1,2024,0.6559398822911479
REGION1,PWRWNDB12,2,2024,0.6134997474050391
REGION1,PWRWNDB12,3,2024,0.5826072761599707
REGION1,PWRWNDB12,4,2024,0.6421510941453531
REGION1,PWRWNDB12,5,2024,0.4672063400813515
REGION1,PWRWNDB12,6,2024,0.3538406037215225
REGION1,PWRWNDB12,7,2024,0.3656250329549531
REGION1,PWRWNDB12,8,2024,0.6099490335546794
REGION1,PWRWNDB12,9,2024,0.1941152049218597
REGION1,PWRWNDB12,10,2024,0.1622965775385391
REGION1,PWRWNDB12,11,2024,0.1632361808760986
REGION1,PWRWNDB12,12,2024,0.2687929177079536
REGION1,PWRWNDB12,13,2024,0.4617561758712869
REGION1,PWRWNDB12,14,2024,0.2532269221093557
REGION1,PWRWNDB12,15,2024,0.1588938388937806
REGION1,PWRWNDB12,16,2024,0.493081801286025
REGION1,PWRWNDB12,17,2024,0.7269732642474174
REGION1,PWRWNDB12,18,2024,0.70067924106548
REGION1,PWRWNDB12,19,2024,0.7119495244503596
REGION1,PWRWNDB12,20,2024,0.7481298172990335
REGION1,PWRWNDB12,21,2024,0.156024998654972
REGION1,PWRWNDB12,22,2024,0.1835985738717517
REGION1,PWRWNDB12,23,2024,0.2188296852547115
REGION1,PWRWNDB12,24,2024,0.1716619447222183
REGION1,PWRWNDB12,25,2024,0.2537845114745541
REGION1,PWRWNDB12,26,2024,0.3561724163501381
REGION1,PWRWNDB12,27,2024,0.4360695836770401
REGION1,PWRWNDB12,28,2024,0.516563487147592
REGION1,PWRWNDB12,29,2024,0.6526729051451788
REGION1,PWRWNDB12,30,2024,0.7029910423502711
REGION1,PWRWNDB12,31,2024,0.7345642534327449
REGION1,PWRWNDB12,32,2024,0.7013349431052016
REGION1,PWRWNDB12,33,2024,0.4719899714445814
REGION1,PWRWNDB12,34,2024,0.4677738179178471
REGION1,PWRWNDB12,35,2024,0.306820882804423
REGION1,PWRWNDB12,36,2024,0.2394749752937374
REGION1,PWRWNDB12,37,2024,0.4938496168305344
REGION1,PWRWNDB12,38,2024,0.4918901235790102
REGION1,PWRWNDB12,39,2024,0.524357119108818
REGION1,PWRWNDB12,40,2024,0.4566316993173532
REGION1,PWRWNDB12,1,2025,0.6559398822911479
REGION1,PWRWNDB12,2,2025,0.6134997474050391
REGION1,PWRWNDB12,3,2025,0.5826072761599707
REGION1,PWRWNDB12,4,2025,0.6421510941453531
REGION1,PWRWNDB12,5,2025,0.4672063400813515
REGION1,PWRWNDB12,6,2025,0.3538406037215225
REGION1,PWRWNDB12,7,2025,0.3656250329549531
REGION1,PWRWNDB12,8,2025,0.6099490335546794
REGION1,PWRWNDB12,9,2025,0.1941152049218597
REGION1,PWRWNDB12,10,2025,0.1622965775385391
REGION1,PWRWNDB12,11,2025,0.1632361808760986
REGION1,PWRWNDB12,12,2025,0.2687929177079536
REGION1,PWRWNDB12,13,2025,0.4617561758712869
REGION1,PWRWNDB12,14,2025,0.2532269221093557
REGION1,PWRWNDB12,15,2025,0.1588938388937806
REGION1,PWRWNDB12,16,2025,0.493081801286025
REGION1,PWRWNDB12,17,2025,0.7269732642474174
REGION1,PWRWNDB12,18,2025,0.70067924106548
REGION1,PWRWNDB12,19,2025,0.7119495244503596
REGION1,PWRWNDB12,20,2025,0.7481298172990335
REGION1,PWRWNDB12,21,2025,0.156024998654972
REGION1,PWRWNDB12,22,2025,0.1835985738717517
REGION1,PWRWNDB12,23,2025,0.2188296852547115
REGION1,PWRWNDB12,24,2025,0.1716619447222183
REGION1,PWRWNDB12,25,2025,0.2537845114745541
REGION1,PWRWNDB12,26,2025,0.3561724163501381
REGION1,PWRWNDB12,27,2025,0.4360695836770401
REGION1,PWRWNDB12,28,2025,0.516563487147592
REGION1,PWRWNDB12,29,2025,0.6526729051451788
REGION1,PWRWNDB12,30,2025,0.7029910423502711
REGION1,PWRWNDB12,31,2025,0.7345642534327449
REGION1,PWRWNDB12,32,2025,0.7013349431052016
REGION1,PWRWNDB12,33,2025,0.4719899714445814
REGION1,PWRWNDB12,34,2025,0.4677738179178471
REGION1,PWRWNDB12,35,2025,0.306820882804423
REGION1,PWRWNDB12,36,2025,0.2394749752937374
REGION1,PWRWNDB12,37,2025,0.4938496168305344
REGION1,PWRWNDB12,38,2025,0.4918901235790102
REGION1,PWRWNDB12,39,2025,0.524357119108818
REGION1,PWRWNDB12,40,2025,0.4566316993173532
REGION1,PWRWNDB12,1,2026,0.6559398822911479
REGION1,PWRWNDB12,2,2026,0.6134997474050391
REGION1,PWRWNDB12,3,2026,0.5826072761599707
REGION1,PWRWNDB12,4,2026,0.6421510941453531
REGION1,PWRWNDB12,5,2026,0.4672063400813515
REGION1,PWRWNDB12,6,2026,0.3538406037215225
REGION1,PWRWNDB12,7,2026,0.3656250329549531
REGION1,PWRWNDB12,8,2026,0.6099490335546794
REGION1,PWRWNDB12,9,2026,0.1941152049218597
REGION1,PWRWNDB12,10,2026,0.1622965775385391
REGION1,PWRWNDB12,11,2026,0.1632361808760986
REGION1,PWRWNDB12,12,2026,0.2687929177079536
REGION1,PWRWNDB12,13,2026,0.4617561758712869
REGION1,PWRWNDB12,14,2026,0.2532269221093557
REGION1,PWRWNDB12,15,2026,0.1588938388937806
REGION1,PWRWNDB12,16,2026,0.493081801286025
REGION1,PWRWNDB12,17,2026,0.7269732642474174
REGION1,PWRWNDB12,18,2026,0.70067924106548
REGION1,PWRWNDB12,19,2026,0.7119495244503596
REGION1,PWRWNDB12,20,2026,0.7481298172990335
REGION1,PWRWNDB12,21,2026,0.156024998654972
REGION1,PWRWNDB12,22,2026,0.1835985738717517
REGION1,PWRWNDB12,23,2026,0.2188296852547115
REGION1,PWRWNDB12,24,2026,0.1716619447222183
REGION1,PWRWNDB12,25,2026,0.2537845114745541
REGION1,PWRWNDB12,26,2026,0.3561724163501381
REGION1,PWRWNDB12,27,2026,0.4360695836770401
REGION1,PWRWNDB12,28,2026,0.516563487147592
REGION1,PWRWNDB12,29,2026,0.6526729051451788
REGION1,PWRWNDB12,30,2026,0.7029910423502711
REGION1,PWRWNDB12,31,2026,0.7345642534327449
REGION1,PWRWNDB12,32,2026,0.7013349431052016
REGION1,PWRWNDB12,33,2026,0.4719899714445814
REGION1,PWRWNDB12,34,2026,0.4677738179178471
REGION1,PWRWNDB12,35,2026,0.306820882804423
REGION1,PWRWNDB12,36,2026,0.2394749752937374
REGION1,PWRWNDB12,37,2026,0.4938496168305344
REGION1,PWRWNDB12,38,2026,0.4918901235790102
REGION1,PWRWNDB12,39,2026,0.524357119108818
REGION1,PWRWNDB12,40,2026,0.4566316993173532
REGION1,PWRWNDB12,1,2027,0.6559398822911479
REGION1,PWRWNDB12,2,2027,0.6134997474050391
REGION1,PWRWNDB12,3,2027,0.5826072761599707
REGION1,PWRWNDB12,4,2027,0.6421510941453531
REGION1,PWRWNDB12,5,2027,0.4672063400813515
REGION1,PWRWNDB12,6,2027,0.3538406037215225
REGION1,PWRWNDB12,7,2027,0.3656250329549531
REGION1,PWRWNDB12,8,2027,0.6099490335546794
REGION1,PWRWNDB12,9,2027,0.1941152049218597
REGION1,PWRWNDB12,10,2027,0.1622965775385391
REGION1,PWRWNDB12,11,2027,0.1632361808760986
REGION1,PWRWNDB12,12,2027,0.2687929177079536
REGION1,PWRWNDB12,13,2027,0.4617561758712869
REGION1,PWRWNDB12,14,2027,0.2532269221093557
REGION1,PWRWNDB12,15,2027,0.1588938388937806
REGION1,PWRWNDB12,16,2027,0.493081801286025
REGION1,PWRWNDB12,17,2027,0.7269732642474174
REGION1,PWRWNDB12,18,2027,0.70067924106548
REGION1,PWRWNDB12,19,2027,0.7119495244503596
REGION1,PWRWNDB12,20,2027,0.7481298172990335
REGION1,PWRWNDB12,21,2027,0.156024998654972
REGION1,PWRWNDB12,22,2027,0.1835985738717517
REGION1,PWRWNDB12,23,2027,0.2188296852547115
REGION1,PWRWNDB12,24,2027,0.1716619447222183
REGION1,PWRWNDB12,25,2027,0.2537845114745541
REGION1,PWRWNDB12,26,2027,0.3561724163501381
REGION1,PWRWNDB12,27,2027,0.4360695836770401
REGION1,PWRWNDB12,28,2027,0.516563487147592
REGION1,PWRWNDB12,29,2027,0.6526729051451788
REGION1,PWRWNDB12,30,2027,0.7029910423502711
REGION1,PWRWNDB12,31,2027,0.7345642534327449
REGION1,PWRWNDB12,32,2027,0.7013349431052016
REGION1,PWRWNDB12,33,2027,0.4719899714445814
REGION1,PWRWNDB12,34,2027,0.4677738179178471
REGION1,PWRWNDB12,35,2027,0.306820882804423
REGION1,PWRWNDB12,36,2027,0.2394749752937374
REGION1,PWRWNDB12,37,2027,0.4938496168305344
REGION1,PWRWNDB12,38,2027,0.4918901235790102
REGION1,PWRWNDB12,39,2027,0.524357119108818
REGION1,PWRWNDB12,40,2027,0.4566316993173532
REGION1,PWRWNDB12,1,2028,0.6559398822911479
REGION1,PWRWNDB12,2,2028,0.6134997474050391
REGION1,PWRWNDB12,3,2028,0.5826072761599707
REGION1,PWRWNDB12,4,2028,0.6421510941453531
REGION1,PWRWNDB12,5,2028,0.4672063400813515
REGION1,PWRWNDB12,6,2028,0.3538406037215225
REGION1,PWRWNDB12,7,2028,0.3656250329549531
REGION1,PWRWNDB12,8,2028,0.6099490335546794
REGION1,PWRWNDB12,9,2028,0.1941152049218597
REGION1,PWRWNDB12,10,2028,0.1622965775385391
REGION1,PWRWNDB12,11,2028,0.1632361808760986
REGION1,PWRWNDB12,12,2028,0.2687929177079536
REGION1,PWRWNDB12,13,2028,0.4617561758712869
REGION1,PWRWNDB12,14,2028,0.2532269221093557
REGION1,PWRWNDB12,15,2028,0.1588938388937806
REGION1,PWRWNDB12,16,2028,0.493081801286025
REGION1,PWRWNDB12,17,2028,0.7269732642474174
REGION1,PWRWNDB12,18,2028,0.70067924106548
REGION1,PWRWNDB12,19,2028,0.7119495244503596
REGION1,PWRWNDB12,20,2028,0.7481298172990335
REGION1,PWRWNDB12,21,2028,0.156024998654972
REGION1,PWRWNDB12,22,2028,0.1835985738717517
REGION1,PWRWNDB12,23,2028,0.2188296852547115
REGION1,PWRWNDB12,24,2028,0.1716619447222183
REGION1,PWRWNDB12,25,2028,0.2537845114745541
REGION1,PWRWNDB12,26,2028,0.3561724163501381
REGION1,PWRWNDB12,27,2028,0.4360695836770401
REGION1,PWRWNDB12,28,2028,0.516563487147592
REGION1,PWRWNDB12,29,2028,0.6526729051451788
REGION1,PWRWNDB12,30,2028,0.7029910423502711
REGION1,PWRWNDB12,31,2028,0.7345642534327449
REGION1,PWRWNDB12,32,2028,0.7013349431052016
REGION1,PWRWNDB12,33,2028,0.4719899714445814
REGION1,PWRWNDB12,34,2028,0.4677738179178471
REGION1,PWRWNDB12,35,2028,0.306820882804423
REGION1,PWRWNDB12,36,2028,0.2394749752937374
REGION1,PWRWNDB12,37,2028,0.4938496168305344
REGION1,PWRWNDB12,38,2028,0.4918901235790102
REGION1,PWRWNDB12,39,2028,0.524357119108818
REGION1,PWRWNDB12,40,2028,0.4566316993173532
REGION1,PWRWNDB12,1,2029,0.6559398822911479
REGION1,PWRWNDB12,2,2029,0.6134997474050391
REGION1,PWRWNDB12,3,2029,0.5826072761599707
REGION1,PWRWNDB12,4,2029,0.6421510941453531
REGION1,PWRWNDB12,5,2029,0.4672063400813515
REGION1,PWRWNDB12,6,2029,0.3538406037215225
REGION1,PWRWNDB12,7,2029,0.3656250329549531
REGION1,PWRWNDB12,8,2029,0.6099490335546794
REGION1,PWRWNDB12,9,2029,0.1941152049218597
REGION1,PWRWNDB12,10,2029,0.1622965775385391
REGION1,PWRWNDB12,11,2029,0.1632361808760986
REGION1,PWRWNDB12,12,2029,0.2687929177079536
REGION1,PWRWNDB12,13,2029,0.4617561758712869
REGION1,PWRWNDB12,14,2029,0.2532269221093557
REGION1,PWRWNDB12,15,2029,0.1588938388937806
REGION1,PWRWNDB12,16,2029,0.493081801286025
REGION1,PWRWNDB12,17,2029,0.7269732642474174
REGION1,PWRWNDB12,18,2029,0.70067924106548
REGION1,PWRWNDB12,19,2029,0.7119495244503596
REGION1,PWRWNDB12,20,2029,0.7481298172990335
REGION1,PWRWNDB12,21,2029,0.156024998654972
REGION1,PWRWNDB12,22,2029,0.1835985738717517
REGION1,PWRWNDB12,23,2029,0.2188296852547115
REGION1,PWRWNDB12,24,2029,0.1716619447222183
REGION1,PWRWNDB12,25,2029,0.2537845114745541
REGION1,PWRWNDB12,26,2029,0.3561724163501381
REGION1,PWRWNDB12,27,2029,0.4360695836770401
REGION1,PWRWNDB12,28,2029,0.516563487147592
REGION1,PWRWNDB12,29,2029,0.6526729051451788
REGION1,PWRWNDB12,30,2029,0.7029910423502711
REGION1,PWRWNDB12,31,2029,0.7345642534327449
REGION1,PWRWNDB12,32,2029,0.7013349431052016
REGION1,PWRWNDB12,33,2029,0.4719899714445814
REGION1,PWRWNDB12,34,2029,0.4677738179178471
REGION1,PWRWNDB12,35,2029,0.306820882804423
REGION1,PWRWNDB12,36,2029,0.2394749752937374
REGION1,PWRWNDB12,37,2029,0.4938496168305344
REGION1,PWRWNDB12,38,2029,0.4918901235790102
REGION1,PWRWNDB12,39,2029,0.524357119108818
REGION1,PWRWNDB12,40,2029,0.4566316993173532
REGION1,PWRWNDB12,1,2030,0.6559398822911479
REGION1,PWRWNDB12,2,2030,0.6134997474050391
REGION1,PWRWNDB12,3,2030,0.5826072761599707
REGION1,PWRWNDB12,4,2030,0.6421510941453531
REGION1,PWRWNDB12,5,2030,0.4672063400813515
REGION1,PWRWNDB12,6,2030,0.3538406037215225
REGION1,PWRWNDB12,7,2030,0.3656250329549531
REGION1,PWRWNDB12,8,2030,0.6099490335546794
REGION1,PWRWNDB12,9,2030,0.1941152049218597
REGION1,PWRWNDB12,10,2030,0.1622965775385391
REGION1,PWRWNDB12,11,2030,0.1632361808760986
REGION1,PWRWNDB12,12,2030,0.2687929177079536
REGION1,PWRWNDB12,13,2030,0.4617561758712869
REGION1,PWRWNDB12,14,2030,0.2532269221093557
REGION1,PWRWNDB12,15,2030,0.1588938388937806
REGION1,PWRWNDB12,16,2030,0.493081801286025
REGION1,PWRWNDB12,17,2030,0.7269732642474174
REGION1,PWRWNDB12,18,2030,0.70067924106548
REGION1,PWRWNDB12,19,2030,0.7119495244503596
REGION1,PWRWNDB12,20,2030,0.7481298172990335
REGION1,PWRWNDB12,21,2030,0.156024998654972
REGION1,PWRWNDB12,22,2030,0.1835985738717517
REGION1,PWRWNDB12,23,2030,0.2188296852547115
REGION1,PWRWNDB12,24,2030,0.1716619447222183
REGION1,PWRWNDB12,25,2030,0.2537845114745541
REGION1,PWRWNDB12,26,2030,0.3561724163501381
REGION1,PWRWNDB12,27,2030,0.4360695836770401
REGION1,PWRWNDB12,28,2030,0.516563487147592
REGION1,PWRWNDB12,29,2030,0.6526729051451788
REGION1,PWRWNDB12,30,2030,0.7029910423502711
REGION1,PWRWNDB12,31,2030,0.7345642534327449
REGION1,PWRWNDB12,32,2030,0.7013349431052016
REGION1,PWRWNDB12,33,2030,0.4719899714445814
REGION1,PWRWNDB12,34,2030,0.4677738179178471
REGION1,PWRWNDB12,35,2030,0.306820882804423
REGION1,PWRWNDB12,36,2030,0.2394749752937374
REGION1,PWRWNDB12,37,2030,0.4938496168305344
REGION1,PWRWNDB12,38,2030,0.4918901235790102
REGION1,PWRWNDB12,39,2030,0.524357119108818
REGION1,PWRWNDB12,40,2030,0.4566316993173532
REGION1,PWRWNDB12,1,2031,0.6559398822911479
REGION1,PWRWNDB12,2,2031,0.6134997474050391
REGION1,PWRWNDB12,3,2031,0.5826072761599707
REGION1,PWRWNDB12,4,2031,0.6421510941453531
REGION1,PWRWNDB12,5,2031,0.4672063400813515
REGION1,PWRWNDB12,6,2031,0.3538406037215225
REGION1,PWRWNDB12,7,2031,0.3656250329549531
REGION1,PWRWNDB12,8,2031,0.6099490335546794
REGION1,PWRWNDB12,9,2031,0.1941152049218597
REGION1,PWRWNDB12,10,2031,0.1622965775385391
REGION1,PWRWNDB12,11,2031,0.1632361808760986
REGION1,PWRWNDB12,12,2031,0.2687929177079536
REGION1,PWRWNDB12,13,2031,0.4617561758712869
REGION1,PWRWNDB12,14,2031,0.2532269221093557
REGION1,PWRWNDB12,15,2031,0.1588938388937806
REGION1,PWRWNDB12,16,2031,0.493081801286025
REGION1,PWRWNDB12,17,2031,0.7269732642474174
REGION1,PWRWNDB12,18,2031,0.70067924106548
REGION1,PWRWNDB12,19,2031,0.7119495244503596
REGION1,PWRWNDB12,20,2031,0.7481298172990335
REGION1,PWRWNDB12,21,2031,0.156024998654972
REGION1,PWRWNDB12,22,2031,0.1835985738717517
REGION1,PWRWNDB12,23,2031,0.2188296852547115
REGION1,PWRWNDB12,24,2031,0.1716619447222183
REGION1,PWRWNDB12,25,2031,0.2537845114745541
REGION1,PWRWNDB12,26,2031,0.3561724163501381
REGION1,PWRWNDB12,27,2031,0.4360695836770401
REGION1,PWRWNDB12,28,2031,0.516563487147592
REGION1,PWRWNDB12,29,2031,0.6526729051451788
REGION1,PWRWNDB12,30,2031,0.7029910423502711
REGION1,PWRWNDB12,31,2031,0.7345642534327449
REGION1,PWRWNDB12,32,2031,0.7013349431052016
REGION1,PWRWNDB12,33,2031,0.4719899714445814
REGION1,PWRWNDB12,34,2031,0.4677738179178471
REGION1,PWRWNDB12,35,2031,0.306820882804423
REGION1,PWRWNDB12,36,2031,0.2394749752937374
REGION1,PWRWNDB12,37,2031,0.4938496168305344
REGION1,PWRWNDB12,38,2031,0.4918901235790102
REGION1,PWRWNDB12,39,2031,0.524357119108818
REGION1,PWRWNDB12,40,2031,0.4566316993173532
REGION1,PWRWNDB12,1,2032,0.6559398822911479
REGION1,PWRWNDB12,2,2032,0.6134997474050391
REGION1,PWRWNDB12,3,2032,0.5826072761599707
REGION1,PWRWNDB12,4,2032,0.6421510941453531
REGION1,PWRWNDB12,5,2032,0.4672063400813515
REGION1,PWRWNDB12,6,2032,0.3538406037215225
REGION1,PWRWNDB12,7,2032,0.3656250329549531
REGION1,PWRWNDB12,8,2032,0.6099490335546794
REGION1,PWRWNDB12,9,2032,0.1941152049218597
REGION1,PWRWNDB12,10,2032,0.1622965775385391
REGION1,PWRWNDB12,11,2032,0.1632361808760986
REGION1,PWRWNDB12,12,2032,0.2687929177079536
REGION1,PWRWNDB12,13,2032,0.4617561758712869
REGION1,PWRWNDB12,14,2032,0.2532269221093557
REGION1,PWRWNDB12,15,2032,0.1588938388937806
REGION1,PWRWNDB12,16,2032,0.493081801286025
REGION1,PWRWNDB12,17,2032,0.7269732642474174
REGION1,PWRWNDB12,18,2032,0.70067924106548
REGION1,PWRWNDB12,19,2032,0.7119495244503596
REGION1,PWRWNDB12,20,2032,0.7481298172990335
REGION1,PWRWNDB12,21,2032,0.156024998654972
REGION1,PWRWNDB12,22,2032,0.1835985738717517
REGION1,PWRWNDB12,23,2032,0.2188296852547115
REGION1,PWRWNDB12,24,2032,0.1716619447222183
REGION1,PWRWNDB12,25,2032,0.2537845114745541
REGION1,PWRWNDB12,26,2032,0.3561724163501381
REGION1,PWRWNDB12,27,2032,0.4360695836770401
REGION1,PWRWNDB12,28,2032,0.516563487147592
REGION1,PWRWNDB12,29,2032,0.6526729051451788
REGION1,PWRWNDB12,30,2032,0.7029910423502711
REGION1,PWRWNDB12,31,2032,0.7345642534327449
REGION1,PWRWNDB12,32,2032,0.7013349431052016
REGION1,PWRWNDB12,33,2032,0.4719899714445814
REGION1,PWRWNDB12,34,2032,0.4677738179178471
REGION1,PWRWNDB12,35,2032,0.306820882804423
REGION1,PWRWNDB12,36,2032,0.2394749752937374
REGION1,PWRWNDB12,37,2032,0.4938496168305344
REGION1,PWRWNDB12,38,2032,0.4918901235790102
REGION1,PWRWNDB12,39,2032,0.524357119108818
REGION1,PWRWNDB12,40,2032,0.4566316993173532
REGION1,PWRWNDB12,1,2033,0.6559398822911479
REGION1,PWRWNDB12,2,2033,0.6134997474050391
REGION1,PWRWNDB12,3,2033,0.5826072761599707
REGION1,PWRWNDB12,4,2033,0.6421510941453531
REGION1,PWRWNDB12,5,2033,0.4672063400813515
REGION1,PWRWNDB12,6,2033,0.3538406037215225
REGION1,PWRWNDB12,7,2033,0.3656250329549531
REGION1,PWRWNDB12,8,2033,0.6099490335546794
REGION1,PWRWNDB12,9,2033,0.1941152049218597
REGION1,PWRWNDB12,10,2033,0.1622965775385391
REGION1,PWRWNDB12,11,2033,0.1632361808760986
REGION1,PWRWNDB12,12,2033,0.2687929177079536
REGION1,PWRWNDB12,13,2033,0.4617561758712869
REGION1,PWRWNDB12,14,2033,0.2532269221093557
REGION1,PWRWNDB12,15,2033,0.1588938388937806
REGION1,PWRWNDB12,16,2033,0.493081801286025
REGION1,PWRWNDB12,17,2033,0.7269732642474174
REGION1,PWRWNDB12,18,2033,0.70067924106548
REGION1,PWRWNDB12,19,2033,0.7119495244503596
REGION1,PWRWNDB12,20,2033,0.7481298172990335
REGION1,PWRWNDB12,21,2033,0.156024998654972
REGION1,PWRWNDB12,22,2033,0.1835985738717517
REGION1,PWRWNDB12,23,2033,0.2188296852547115
REGION1,PWRWNDB12,24,2033,0.1716619447222183
REGION1,PWRWNDB12,25,2033,0.2537845114745541
REGION1,PWRWNDB12,26,2033,0.3561724163501381
REGION1,PWRWNDB12,27,2033,0.4360695836770401
REGION1,PWRWNDB12,28,2033,0.516563487147592
REGION1,PWRWNDB12,29,2033,0.6526729051451788
REGION1,PWRWNDB12,30,2033,0.7029910423502711
REGION1,PWRWNDB12,31,2033,0.7345642534327449
REGION1,PWRWNDB12,32,2033,0.7013349431052016
REGION1,PWRWNDB12,33,2033,0.4719899714445814
REGION1,PWRWNDB12,34,2033,0.4677738179178471
REGION1,PWRWNDB12,35,2033,0.306820882804423
REGION1,PWRWNDB12,36,2033,0.2394749752937374
REGION1,PWRWNDB12,37,2033,0.4938496168305344
REGION1,PWRWNDB12,38,2033,0.4918901235790102
REGION1,PWRWNDB12,39,2033,0.524357119108818
REGION1,PWRWNDB12,40,2033,0.4566316993173532
REGION1,PWRWNDB12,1,2034,0.6559398822911479
REGION1,PWRWNDB12,2,2034,0.6134997474050391
REGION1,PWRWNDB12,3,2034,0.5826072761599707
REGION1,PWRWNDB12,4,2034,0.6421510941453531
REGION1,PWRWNDB12,5,2034,0.4672063400813515
REGION1,PWRWNDB12,6,2034,0.3538406037215225
REGION1,PWRWNDB12,7,2034,0.3656250329549531
REGION1,PWRWNDB12,8,2034,0.6099490335546794
REGION1,PWRWNDB12,9,2034,0.1941152049218597
REGION1,PWRWNDB12,10,2034,0.1622965775385391
REGION1,PWRWNDB12,11,2034,0.1632361808760986
REGION1,PWRWNDB12,12,2034,0.2687929177079536
REGION1,PWRWNDB12,13,2034,0.4617561758712869
REGION1,PWRWNDB12,14,2034,0.2532269221093557
REGION1,PWRWNDB12,15,2034,0.1588938388937806
REGION1,PWRWNDB12,16,2034,0.493081801286025
REGION1,PWRWNDB12,17,2034,0.7269732642474174
REGION1,PWRWNDB12,18,2034,0.70067924106548
REGION1,PWRWNDB12,19,2034,0.7119495244503596
REGION1,PWRWNDB12,20,2034,0.7481298172990335
REGION1,PWRWNDB12,21,2034,0.156024998654972
REGION1,PWRWNDB12,22,2034,0.1835985738717517
REGION1,PWRWNDB12,23,2034,0.2188296852547115
REGION1,PWRWNDB12,24,2034,0.1716619447222183
REGION1,PWRWNDB12,25,2034,0.2537845114745541
REGION1,PWRWNDB12,26,2034,0.3561724163501381
REGION1,PWRWNDB12,27,2034,0.4360695836770401
REGION1,PWRWNDB12,28,2034,0.516563487147592
REGION1,PWRWNDB12,29,2034,0.6526729051451788
REGION1,PWRWNDB12,30,2034,0.7029910423502711
REGION1,PWRWNDB12,31,2034,0.7345642534327449
REGION1,PWRWNDB12,32,2034,0.7013349431052016
REGION1,PWRWNDB12,33,2034,0.4719899714445814
REGION1,PWRWNDB12,34,2034,0.4677738179178471
REGION1,PWRWNDB12,35,2034,0.306820882804423
REGION1,PWRWNDB12,36,2034,0.2394749752937374
REGION1,PWRWNDB12,37,2034,0.4938496168305344
REGION1,PWRWNDB12,38,2034,0.4918901235790102
REGION1,PWRWNDB12,39,2034,0.524357119108818
REGION1,PWRWNDB12,40,2034,0.4566316993173532
REGION1,PWRWNDB12,1,2035,0.6559398822911479
REGION1,PWRWNDB12,2,2035,0.6134997474050391
REGION1,PWRWNDB12,3,2035,0.5826072761599707
REGION1,PWRWNDB12,4,2035,0.6421510941453531
REGION1,PWRWNDB12,5,2035,0.4672063400813515
REGION1,PWRWNDB12,6,2035,0.3538406037215225
REGION1,PWRWNDB12,7,2035,0.3656250329549531
REGION1,PWRWNDB12,8,2035,0.6099490335546794
REGION1,PWRWNDB12,9,2035,0.1941152049218597
REGION1,PWRWNDB12,10,2035,0.1622965775385391
REGION1,PWRWNDB12,11,2035,0.1632361808760986
REGION1,PWRWNDB12,12,2035,0.2687929177079536
REGION1,PWRWNDB12,13,2035,0.4617561758712869
REGION1,PWRWNDB12,14,2035,0.2532269221093557
REGION1,PWRWNDB12,15,2035,0.1588938388937806
REGION1,PWRWNDB12,16,2035,0.493081801286025
REGION1,PWRWNDB12,17,2035,0.7269732642474174
REGION1,PWRWNDB12,18,2035,0.70067924106548
REGION1,PWRWNDB12,19,2035,0.7119495244503596
REGION1,PWRWNDB12,20,2035,0.7481298172990335
REGION1,PWRWNDB12,21,2035,0.156024998654972
REGION1,PWRWNDB12,22,2035,0.1835985738717517
REGION1,PWRWNDB12,23,2035,0.2188296852547115
REGION1,PWRWNDB12,24,2035,0.1716619447222183
REGION1,PWRWNDB12,25,2035,0.2537845114745541
REGION1,PWRWNDB12,26,2035,0.3561724163501381
REGION1,PWRWNDB12,27,2035,0.4360695836770401
REGION1,PWRWNDB12,28,2035,0.516563487147592
REGION1,PWRWNDB12,29,2035,0.6526729051451788
REGION1,PWRWNDB12,30,2035,0.7029910423502711
REGION1,PWRWNDB12,31,2035,0.7345642534327449
REGION1,PWRWNDB12,32,2035,0.7013349431052016
REGION1,PWRWNDB12,33,2035,0.4719899714445814
REGION1,PWRWNDB12,34,2035,0.4677738179178471
REGION1,PWRWNDB12,35,2035,0.306820882804423
REGION1,PWRWNDB12,36,2035,0.2394749752937374
REGION1,PWRWNDB12,37,2035,0.4938496168305344
REGION1,PWRWNDB12,38,2035,0.4918901235790102
REGION1,PWRWNDB12,39,2035,0.524357119108818
REGION1,PWRWNDB12,40,2035,0.4566316993173532
REGION1,PWRWNDB12,1,2036,0.6559398822911479
REGION1,PWRWNDB12,2,2036,0.6134997474050391
REGION1,PWRWNDB12,3,2036,0.5826072761599707
REGION1,PWRWNDB12,4,2036,0.6421510941453531
REGION1,PWRWNDB12,5,2036,0.4672063400813515
REGION1,PWRWNDB12,6,2036,0.3538406037215225
REGION1,PWRWNDB12,7,2036,0.3656250329549531
REGION1,PWRWNDB12,8,2036,0.6099490335546794
REGION1,PWRWNDB12,9,2036,0.1941152049218597
REGION1,PWRWNDB12,10,2036,0.1622965775385391
REGION1,PWRWNDB12,11,2036,0.1632361808760986
REGION1,PWRWNDB12,12,2036,0.2687929177079536
REGION1,PWRWNDB12,13,2036,0.4617561758712869
REGION1,PWRWNDB12,14,2036,0.2532269221093557
REGION1,PWRWNDB12,15,2036,0.1588938388937806
REGION1,PWRWNDB12,16,2036,0.493081801286025
REGION1,PWRWNDB12,17,2036,0.7269732642474174
REGION1,PWRWNDB12,18,2036,0.70067924106548
REGION1,PWRWNDB12,19,2036,0.7119495244503596
REGION1,PWRWNDB12,20,2036,0.7481298172990335
REGION1,PWRWNDB12,21,2036,0.156024998654972
REGION1,PWRWNDB12,22,2036,0.1835985738717517
REGION1,PWRWNDB12,23,2036,0.2188296852547115
REGION1,PWRWNDB12,24,2036,0.1716619447222183
REGION1,PWRWNDB12,25,2036,0.2537845114745541
REGION1,PWRWNDB12,26,2036,0.3561724163501381
REGION1,PWRWNDB12,27,2036,0.4360695836770401
REGION1,PWRWNDB12,28,2036,0.516563487147592
REGION1,PWRWNDB12,29,2036,0.6526729051451788
REGION1,PWRWNDB12,30,2036,0.7029910423502711
REGION1,PWRWNDB12,31,2036,0.7345642534327449
REGION1,PWRWNDB12,32,2036,0.7013349431052016
REGION1,PWRWNDB12,33,2036,0.4719899714445814
REGION1,PWRWNDB12,34,2036,0.4677738179178471
REGION1,PWRWNDB12,35,2036,0.306820882804423
REGION1,PWRWNDB12,36,2036,0.2394749752937374
REGION1,PWRWNDB12,37,2036,0.4938496168305344
REGION1,PWRWNDB12,38,2036,0.4918901235790102
REGION1,PWRWNDB12,39,2036,0.524357119108818
REGION1,PWRWNDB12,40,2036,0.4566316993173532
REGION1,PWRWNDB12,1,2037,0.6559398822911479
REGION1,PWRWNDB12,2,2037,0.6134997474050391
REGION1,PWRWNDB12,3,2037,0.5826072761599707
REGION1,PWRWNDB12,4,2037,0.6421510941453531
REGION1,PWRWNDB12,5,2037,0.4672063400813515
REGION1,PWRWNDB12,6,2037,0.3538406037215225
REGION1,PWRWNDB12,7,2037,0.3656250329549531
REGION1,PWRWNDB12,8,2037,0.6099490335546794
REGION1,PWRWNDB12,9,2037,0.1941152049218597
REGION1,PWRWNDB12,10,2037,0.1622965775385391
REGION1,PWRWNDB12,11,2037,0.1632361808760986
REGION1,PWRWNDB12,12,2037,0.2687929177079536
REGION1,PWRWNDB12,13,2037,0.4617561758712869
REGION1,PWRWNDB12,14,2037,0.2532269221093557
REGION1,PWRWNDB12,15,2037,0.1588938388937806
REGION1,PWRWNDB12,16,2037,0.493081801286025
REGION1,PWRWNDB12,17,2037,0.7269732642474174
REGION1,PWRWNDB12,18,2037,0.70067924106548
REGION1,PWRWNDB12,19,2037,0.7119495244503596
REGION1,PWRWNDB12,20,2037,0.7481298172990335
REGION1,PWRWNDB12,21,2037,0.156024998654972
REGION1,PWRWNDB12,22,2037,0.1835985738717517
REGION1,PWRWNDB12,23,2037,0.2188296852547115
REGION1,PWRWNDB12,24,2037,0.1716619447222183
REGION1,PWRWNDB12,25,2037,0.2537845114745541
REGION1,PWRWNDB12,26,2037,0.3561724163501381
REGION1,PWRWNDB12,27,2037,0.4360695836770401
REGION1,PWRWNDB12,28,2037,0.516563487147592
REGION1,PWRWNDB12,29,2037,0.6526729051451788
REGION1,PWRWNDB12,30,2037,0.7029910423502711
REGION1,PWRWNDB12,31,2037,0.7345642534327449
REGION1,PWRWNDB12,32,2037,0.7013349431052016
REGION1,PWRWNDB12,33,2037,0.4719899714445814
REGION1,PWRWNDB12,34,2037,0.4677738179178471
REGION1,PWRWNDB12,35,2037,0.306820882804423
REGION1,PWRWNDB12,36,2037,0.2394749752937374
REGION1,PWRWNDB12,37,2037,0.4938496168305344
REGION1,PWRWNDB12,38,2037,0.4918901235790102
REGION1,PWRWNDB12,39,2037,0.524357119108818
REGION1,PWRWNDB12,40,2037,0.4566316993173532
REGION1,PWRWNDB12,1,2038,0.6559398822911479
REGION1,PWRWNDB12,2,2038,0.6134997474050391
REGION1,PWRWNDB12,3,2038,0.5826072761599707
REGION1,PWRWNDB12,4,2038,0.6421510941453531
REGION1,PWRWNDB12,5,2038,0.4672063400813515
REGION1,PWRWNDB12,6,2038,0.3538406037215225
REGION1,PWRWNDB12,7,2038,0.3656250329549531
REGION1,PWRWNDB12,8,2038,0.6099490335546794
REGION1,PWRWNDB12,9,2038,0.1941152049218597
REGION1,PWRWNDB12,10,2038,0.1622965775385391
REGION1,PWRWNDB12,11,2038,0.1632361808760986
REGION1,PWRWNDB12,12,2038,0.2687929177079536
REGION1,PWRWNDB12,13,2038,0.4617561758712869
REGION1,PWRWNDB12,14,2038,0.2532269221093557
REGION1,PWRWNDB12,15,2038,0.1588938388937806
REGION1,PWRWNDB12,16,2038,0.493081801286025
REGION1,PWRWNDB12,17,2038,0.7269732642474174
REGION1,PWRWNDB12,18,2038,0.70067924106548
REGION1,PWRWNDB12,19,2038,0.7119495244503596
REGION1,PWRWNDB12,20,2038,0.7481298172990335
REGION1,PWRWNDB12,21,2038,0.156024998654972
REGION1,PWRWNDB12,22,2038,0.1835985738717517
REGION1,PWRWNDB12,23,2038,0.2188296852547115
REGION1,PWRWNDB12,24,2038,0.1716619447222183
REGION1,PWRWNDB12,25,2038,0.2537845114745541
REGION1,PWRWNDB12,26,2038,0.3561724163501381
REGION1,PWRWNDB12,27,2038,0.4360695836770401
REGION1,PWRWNDB12,28,2038,0.516563487147592
REGION1,PWRWNDB12,29,2038,0.6526729051451788
REGION1,PWRWNDB12,30,2038,0.7029910423502711
REGION1,PWRWNDB12,31,2038,0.7345642534327449
REGION1,PWRWNDB12,32,2038,0.7013349431052016
REGION1,PWRWNDB12,33,2038,0.4719899714445814
REGION1,PWRWNDB12,34,2038,0.4677738179178471
REGION1,PWRWNDB12,35,2038,0.306820882804423
REGION1,PWRWNDB12,36,2038,0.2394749752937374
REGION1,PWRWNDB12,37,2038,0.4938496168305344
REGION1,PWRWNDB12,38,2038,0.4918901235790102
REGION1,PWRWNDB12,39,2038,0.524357119108818
REGION1,PWRWNDB12,40,2038,0.4566316993173532
REGION1,PWRWNDB12,1,2039,0.6559398822911479
REGION1,PWRWNDB12,2,2039,0.6134997474050391
REGION1,PWRWNDB12,3,2039,0.5826072761599707
REGION1,PWRWNDB12,4,2039,0.6421510941453531
REGION1,PWRWNDB12,5,2039,0.4672063400813515
REGION1,PWRWNDB12,6,2039,0.3538406037215225
REGION1,PWRWNDB12,7,2039,0.3656250329549531
REGION1,PWRWNDB12,8,2039,0.6099490335546794
REGION1,PWRWNDB12,9,2039,0.1941152049218597
REGION1,PWRWNDB12,10,2039,0.1622965775385391
REGION1,PWRWNDB12,11,2039,0.1632361808760986
REGION1,PWRWNDB12,12,2039,0.2687929177079536
REGION1,PWRWNDB12,13,2039,0.4617561758712869
REGION1,PWRWNDB12,14,2039,0.2532269221093557
REGION1,PWRWNDB12,15,2039,0.1588938388937806
REGION1,PWRWNDB12,16,2039,0.493081801286025
REGION1,PWRWNDB12,17,2039,0.7269732642474174
REGION1,PWRWNDB12,18,2039,0.70067924106548
REGION1,PWRWNDB12,19,2039,0.7119495244503596
REGION1,PWRWNDB12,20,2039,0.7481298172990335
REGION1,PWRWNDB12,21,2039,0.156024998654972
REGION1,PWRWNDB12,22,2039,0.1835985738717517
REGION1,PWRWNDB12,23,2039,0.2188296852547115
REGION1,PWRWNDB12,24,2039,0.1716619447222183
REGION1,PWRWNDB12,25,2039,0.2537845114745541
REGION1,PWRWNDB12,26,2039,0.3561724163501381
REGION1,PWRWNDB12,27,2039,0.4360695836770401
REGION1,PWRWNDB12,28,2039,0.516563487147592
REGION1,PWRWNDB12,29,2039,0.6526729051451788
REGION1,PWRWNDB12,30,2039,0.7029910423502711
REGION1,PWRWNDB12,31,2039,0.7345642534327449
REGION1,PWRWNDB12,32,2039,0.7013349431052016
REGION1,PWRWNDB12,33,2039,0.4719899714445814
REGION1,PWRWNDB12,34,2039,0.4677738179178471
REGION1,PWRWNDB12,35,2039,0.306820882804423
REGION1,PWRWNDB12,36,2039,0.2394749752937374
REGION1,PWRWNDB12,37,2039,0.4938496168305344
REGION1,PWRWNDB12,38,2039,0.4918901235790102
REGION1,PWRWNDB12,39,2039,0.524357119108818
REGION1,PWRWNDB12,40,2039,0.4566316993173532
REGION1,PWRWNDB12,1,2040,0.6559398822911479
REGION1,PWRWNDB12,2,2040,0.6134997474050391
REGION1,PWRWNDB12,3,2040,0.5826072761599707
REGION1,PWRWNDB12,4,2040,0.6421510941453531
REGION1,PWRWNDB12,5,2040,0.4672063400813515
REGION1,PWRWNDB12,6,2040,0.3538406037215225
REGION1,PWRWNDB12,7,2040,0.3656250329549531
REGION1,PWRWNDB12,8,2040,0.6099490335546794
REGION1,PWRWNDB12,9,2040,0.1941152049218597
REGION1,PWRWNDB12,10,2040,0.1622965775385391
REGION1,PWRWNDB12,11,2040,0.1632361808760986
REGION1,PWRWNDB12,12,2040,0.2687929177079536
REGION1,PWRWNDB12,13,2040,0.4617561758712869
REGION1,PWRWNDB12,14,2040,0.2532269221093557
REGION1,PWRWNDB12,15,2040,0.1588938388937806
REGION1,PWRWNDB12,16,2040,0.493081801286025
REGION1,PWRWNDB12,17,2040,0.7269732642474174
REGION1,PWRWNDB12,18,2040,0.70067924106548
REGION1,PWRWNDB12,19,2040,0.7119495244503596
REGION1,PWRWNDB12,20,2040,0.7481298172990335
REGION1,PWRWNDB12,21,2040,0.156024998654972
REGION1,PWRWNDB12,22,2040,0.1835985738717517
REGION1,PWRWNDB12,23,2040,0.2188296852547115
REGION1,PWRWNDB12,24,2040,0.1716619447222183
REGION1,PWRWNDB12,25,2040,0.2537845114745541
REGION1,PWRWNDB12,26,2040,0.3561724163501381
REGION1,PWRWNDB12,27,2040,0.4360695836770401
REGION1,PWRWNDB12,28,2040,0.516563487147592
REGION1,PWRWNDB12,29,2040,0.6526729051451788
REGION1,PWRWNDB12,30,2040,0.7029910423502711
REGION1,PWRWNDB12,31,2040,0.7345642534327449
REGION1,PWRWNDB12,32,2040,0.7013349431052016
REGION1,PWRWNDB12,33,2040,0.4719899714445814
REGION1,PWRWNDB12,34,2040,0.4677738179178471
REGION1,PWRWNDB12,35,2040,0.306820882804423
REGION1,PWRWNDB12,36,2040,0.2394749752937374
REGION1,PWRWNDB12,37,2040,0.4938496168305344
REGION1,PWRWNDB12,38,2040,0.4918901235790102
REGION1,PWRWNDB12,39,2040,0.524357119108818
REGION1,PWRWNDB12,40,2040,0.4566316993173532
REGION1,PWRWNDB12,1,2041,0.6559398822911479
REGION1,PWRWNDB12,2,2041,0.6134997474050391
REGION1,PWRWNDB12,3,2041,0.5826072761599707
REGION1,PWRWNDB12,4,2041,0.6421510941453531
REGION1,PWRWNDB12,5,2041,0.4672063400813515
REGION1,PWRWNDB12,6,2041,0.3538406037215225
REGION1,PWRWNDB12,7,2041,0.3656250329549531
REGION1,PWRWNDB12,8,2041,0.6099490335546794
REGION1,PWRWNDB12,9,2041,0.1941152049218597
REGION1,PWRWNDB12,10,2041,0.1622965775385391
REGION1,PWRWNDB12,11,2041,0.1632361808760986
REGION1,PWRWNDB12,12,2041,0.2687929177079536
REGION1,PWRWNDB12,13,2041,0.4617561758712869
REGION1,PWRWNDB12,14,2041,0.2532269221093557
REGION1,PWRWNDB12,15,2041,0.1588938388937806
REGION1,PWRWNDB12,16,2041,0.493081801286025
REGION1,PWRWNDB12,17,2041,0.7269732642474174
REGION1,PWRWNDB12,18,2041,0.70067924106548
REGION1,PWRWNDB12,19,2041,0.7119495244503596
REGION1,PWRWNDB12,20,2041,0.7481298172990335
REGION1,PWRWNDB12,21,2041,0.156024998654972
REGION1,PWRWNDB12,22,2041,0.1835985738717517
REGION1,PWRWNDB12,23,2041,0.2188296852547115
REGION1,PWRWNDB12,24,2041,0.1716619447222183
REGION1,PWRWNDB12,25,2041,0.2537845114745541
REGION1,PWRWNDB12,26,2041,0.3561724163501381
REGION1,PWRWNDB12,27,2041,0.4360695836770401
REGION1,PWRWNDB12,28,2041,0.516563487147592
REGION1,PWRWNDB12,29,2041,0.6526729051451788
REGION1,PWRWNDB12,30,2041,0.7029910423502711
REGION1,PWRWNDB12,31,2041,0.7345642534327449
REGION1,PWRWNDB12,32,2041,0.7013349431052016
REGION1,PWRWNDB12,33,2041,0.4719899714445814
REGION1,PWRWNDB12,34,2041,0.4677738179178471
REGION1,PWRWNDB12,35,2041,0.306820882804423
REGION1,PWRWNDB12,36,2041,0.2394749752937374
REGION1,PWRWNDB12,37,2041,0.4938496168305344
REGION1,PWRWNDB12,38,2041,0.4918901235790102
REGION1,PWRWNDB12,39,2041,0.524357119108818
REGION1,PWRWNDB12,40,2041,0.4566316993173532
REGION1,PWRWNDB12,1,2042,0.6559398822911479
REGION1,PWRWNDB12,2,2042,0.6134997474050391
REGION1,PWRWNDB12,3,2042,0.5826072761599707
REGION1,PWRWNDB12,4,2042,0.6421510941453531
REGION1,PWRWNDB12,5,2042,0.4672063400813515
REGION1,PWRWNDB12,6,2042,0.3538406037215225
REGION1,PWRWNDB12,7,2042,0.3656250329549531
REGION1,PWRWNDB12,8,2042,0.6099490335546794
REGION1,PWRWNDB12,9,2042,0.1941152049218597
REGION1,PWRWNDB12,10,2042,0.1622965775385391
REGION1,PWRWNDB12,11,2042,0.1632361808760986
REGION1,PWRWNDB12,12,2042,0.2687929177079536
REGION1,PWRWNDB12,13,2042,0.4617561758712869
REGION1,PWRWNDB12,14,2042,0.2532269221093557
REGION1,PWRWNDB12,15,2042,0.1588938388937806
REGION1,PWRWNDB12,16,2042,0.493081801286025
REGION1,PWRWNDB12,17,2042,0.7269732642474174
REGION1,PWRWNDB12,18,2042,0.70067924106548
REGION1,PWRWNDB12,19,2042,0.7119495244503596
REGION1,PWRWNDB12,20,2042,0.7481298172990335
REGION1,PWRWNDB12,21,2042,0.156024998654972
REGION1,PWRWNDB12,22,2042,0.1835985738717517
REGION1,PWRWNDB12,23,2042,0.2188296852547115
REGION1,PWRWNDB12,24,2042,0.1716619447222183
REGION1,PWRWNDB12,25,2042,0.2537845114745541
REGION1,PWRWNDB12,26,2042,0.3561724163501381
REGION1,PWRWNDB12,27,2042,0.4360695836770401
REGION1,PWRWNDB12,28,2042,0.516563487147592
REGION1,PWRWNDB12,29,2042,0.6526729051451788
REGION1,PWRWNDB12,30,2042,0.7029910423502711
REGION1,PWRWNDB12,31,2042,0.7345642534327449
REGION1,PWRWNDB12,32,2042,0.7013349431052016
REGION1,PWRWNDB12,33,2042,0.4719899714445814
REGION1,PWRWNDB12,34,2042,0.4677738179178471
REGION1,PWRWNDB12,35,2042,0.306820882804423
REGION1,PWRWNDB12,36,2042,0.2394749752937374
REGION1,PWRWNDB12,37,2042,0.4938496168305344
REGION1,PWRWNDB12,38,2042,0.4918901235790102
REGION1,PWRWNDB12,39,2042,0.524357119108818
REGION1,PWRWNDB12,40,2042,0.4566316993173532
REGION1,PWRWNDB12,1,2043,0.6559398822911479
REGION1,PWRWNDB12,2,2043,0.6134997474050391
REGION1,PWRWNDB12,3,2043,0.5826072761599707
REGION1,PWRWNDB12,4,2043,0.6421510941453531
REGION1,PWRWNDB12,5,2043,0.4672063400813515
REGION1,PWRWNDB12,6,2043,0.3538406037215225
REGION1,PWRWNDB12,7,2043,0.3656250329549531
REGION1,PWRWNDB12,8,2043,0.6099490335546794
REGION1,PWRWNDB12,9,2043,0.1941152049218597
REGION1,PWRWNDB12,10,2043,0.1622965775385391
REGION1,PWRWNDB12,11,2043,0.1632361808760986
REGION1,PWRWNDB12,12,2043,0.2687929177079536
REGION1,PWRWNDB12,13,2043,0.4617561758712869
REGION1,PWRWNDB12,14,2043,0.2532269221093557
REGION1,PWRWNDB12,15,2043,0.1588938388937806
REGION1,PWRWNDB12,16,2043,0.493081801286025
REGION1,PWRWNDB12,17,2043,0.7269732642474174
REGION1,PWRWNDB12,18,2043,0.70067924106548
REGION1,PWRWNDB12,19,2043,0.7119495244503596
REGION1,PWRWNDB12,20,2043,0.7481298172990335
REGION1,PWRWNDB12,21,2043,0.156024998654972
REGION1,PWRWNDB12,22,2043,0.1835985738717517
REGION1,PWRWNDB12,23,2043,0.2188296852547115
REGION1,PWRWNDB12,24,2043,0.1716619447222183
REGION1,PWRWNDB12,25,2043,0.2537845114745541
REGION1,PWRWNDB12,26,2043,0.3561724163501381
REGION1,PWRWNDB12,27,2043,0.4360695836770401
REGION1,PWRWNDB12,28,2043,0.516563487147592
REGION1,PWRWNDB12,29,2043,0.6526729051451788
REGION1,PWRWNDB12,30,2043,0.7029910423502711
REGION1,PWRWNDB12,31,2043,0.7345642534327449
REGION1,PWRWNDB12,32,2043,0.7013349431052016
REGION1,PWRWNDB12,33,2043,0.4719899714445814
REGION1,PWRWNDB12,34,2043,0.4677738179178471
REGION1,PWRWNDB12,35,2043,0.306820882804423
REGION1,PWRWNDB12,36,2043,0.2394749752937374
REGION1,PWRWNDB12,37,2043,0.4938496168305344
REGION1,PWRWNDB12,38,2043,0.4918901235790102
REGION1,PWRWNDB12,39,2043,0.524357119108818
REGION1,PWRWNDB12,40,2043,0.4566316993173532
REGION1,PWRWNDB12,1,2044,0.6559398822911479
REGION1,PWRWNDB12,2,2044,0.6134997474050391
REGION1,PWRWNDB12,3,2044,0.5826072761599707
REGION1,PWRWNDB12,4,2044,0.6421510941453531
REGION1,PWRWNDB12,5,2044,0.4672063400813515
REGION1,PWRWNDB12,6,2044,0.3538406037215225
REGION1,PWRWNDB12,7,2044,0.3656250329549531
REGION1,PWRWNDB12,8,2044,0.6099490335546794
REGION1,PWRWNDB12,9,2044,0.1941152049218597
REGION1,PWRWNDB12,10,2044,0.1622965775385391
REGION1,PWRWNDB12,11,2044,0.1632361808760986
REGION1,PWRWNDB12,12,2044,0.2687929177079536
REGION1,PWRWNDB12,13,2044,0.4617561758712869
REGION1,PWRWNDB12,14,2044,0.2532269221093557
REGION1,PWRWNDB12,15,2044,0.1588938388937806
REGION1,PWRWNDB12,16,2044,0.493081801286025
REGION1,PWRWNDB12,17,2044,0.7269732642474174
REGION1,PWRWNDB12,18,2044,0.70067924106548
REGION1,PWRWNDB12,19,2044,0.7119495244503596
REGION1,PWRWNDB12,20,2044,0.7481298172990335
REGION1,PWRWNDB12,21,2044,0.156024998654972
REGION1,PWRWNDB12,22,2044,0.1835985738717517
REGION1,PWRWNDB12,23,2044,0.2188296852547115
REGION1,PWRWNDB12,24,2044,0.1716619447222183
REGION1,PWRWNDB12,25,2044,0.2537845114745541
REGION1,PWRWNDB12,26,2044,0.3561724163501381
REGION1,PWRWNDB12,27,2044,0.4360695836770401
REGION1,PWRWNDB12,28,2044,0.516563487147592
REGION1,PWRWNDB12,29,2044,0.6526729051451788
REGION1,PWRWNDB12,30,2044,0.7029910423502711
REGION1,PWRWNDB12,31,2044,0.7345642534327449
REGION1,PWRWNDB12,32,2044,0.7013349431052016
REGION1,PWRWNDB12,33,2044,0.4719899714445814
REGION1,PWRWNDB12,34,2044,0.4677738179178471
REGION1,PWRWNDB12,35,2044,0.306820882804423
REGION1,PWRWNDB12,36,2044,0.2394749752937374
REGION1,PWRWNDB12,37,2044,0.4938496168305344
REGION1,PWRWNDB12,38,2044,0.4918901235790102
REGION1,PWRWNDB12,39,2044,0.524357119108818
REGION1,PWRWNDB12,40,2044,0.4566316993173532
REGION1,PWRWNDB12,1,2045,0.6559398822911479
REGION1,PWRWNDB12,2,2045,0.6134997474050391
REGION1,PWRWNDB12,3,2045,0.5826072761599707
REGION1,PWRWNDB12,4,2045,0.6421510941453531
REGION1,PWRWNDB12,5,2045,0.4672063400813515
REGION1,PWRWNDB12,6,2045,0.3538406037215225
REGION1,PWRWNDB12,7,2045,0.3656250329549531
REGION1,PWRWNDB12,8,2045,0.6099490335546794
REGION1,PWRWNDB12,9,2045,0.1941152049218597
REGION1,PWRWNDB12,10,2045,0.1622965775385391
REGION1,PWRWNDB12,11,2045,0.1632361808760986
REGION1,PWRWNDB12,12,2045,0.2687929177079536
REGION1,PWRWNDB12,13,2045,0.4617561758712869
REGION1,PWRWNDB12,14,2045,0.2532269221093557
REGION1,PWRWNDB12,15,2045,0.1588938388937806
REGION1,PWRWNDB12,16,2045,0.493081801286025
REGION1,PWRWNDB12,17,2045,0.7269732642474174
REGION1,PWRWNDB12,18,2045,0.70067924106548
REGION1,PWRWNDB12,19,2045,0.7119495244503596
REGION1,PWRWNDB12,20,2045,0.7481298172990335
REGION1,PWRWNDB12,21,2045,0.156024998654972
REGION1,PWRWNDB12,22,2045,0.1835985738717517
REGION1,PWRWNDB12,23,2045,0.2188296852547115
REGION1,PWRWNDB12,24,2045,0.1716619447222183
REGION1,PWRWNDB12,25,2045,0.2537845114745541
REGION1,PWRWNDB12,26,2045,0.3561724163501381
REGION1,PWRWNDB12,27,2045,0.4360695836770401
REGION1,PWRWNDB12,28,2045,0.516563487147592
REGION1,PWRWNDB12,29,2045,0.6526729051451788
REGION1,PWRWNDB12,30,2045,0.7029910423502711
REGION1,PWRWNDB12,31,2045,0.7345642534327449
REGION1,PWRWNDB12,32,2045,0.7013349431052016
REGION1,PWRWNDB12,33,2045,0.4719899714445814
REGION1,PWRWNDB12,34,2045,0.4677738179178471
REGION1,PWRWNDB12,35,2045,0.306820882804423
REGION1,PWRWNDB12,36,2045,0.2394749752937374
REGION1,PWRWNDB12,37,2045,0.4938496168305344
REGION1,PWRWNDB12,38,2045,0.4918901235790102
REGION1,PWRWNDB12,39,2045,0.524357119108818
REGION1,PWRWNDB12,40,2045,0.4566316993173532
REGION1,PWRWNDB12,1,2046,0.6559398822911479
REGION1,PWRWNDB12,2,2046,0.6134997474050391
REGION1,PWRWNDB12,3,2046,0.5826072761599707
REGION1,PWRWNDB12,4,2046,0.6421510941453531
REGION1,PWRWNDB12,5,2046,0.4672063400813515
REGION1,PWRWNDB12,6,2046,0.3538406037215225
REGION1,PWRWNDB12,7,2046,0.3656250329549531
REGION1,PWRWNDB12,8,2046,0.6099490335546794
REGION1,PWRWNDB12,9,2046,0.1941152049218597
REGION1,PWRWNDB12,10,2046,0.1622965775385391
REGION1,PWRWNDB12,11,2046,0.1632361808760986
REGION1,PWRWNDB12,12,2046,0.2687929177079536
REGION1,PWRWNDB12,13,2046,0.4617561758712869
REGION1,PWRWNDB12,14,2046,0.2532269221093557
REGION1,PWRWNDB12,15,2046,0.1588938388937806
REGION1,PWRWNDB12,16,2046,0.493081801286025
REGION1,PWRWNDB12,17,2046,0.7269732642474174
REGION1,PWRWNDB12,18,2046,0.70067924106548
REGION1,PWRWNDB12,19,2046,0.7119495244503596
REGION1,PWRWNDB12,20,2046,0.7481298172990335
REGION1,PWRWNDB12,21,2046,0.156024998654972
REGION1,PWRWNDB12,22,2046,0.1835985738717517
REGION1,PWRWNDB12,23,2046,0.2188296852547115
REGION1,PWRWNDB12,24,2046,0.1716619447222183
REGION1,PWRWNDB12,25,2046,0.2537845114745541
REGION1,PWRWNDB12,26,2046,0.3561724163501381
REGION1,PWRWNDB12,27,2046,0.4360695836770401
REGION1,PWRWNDB12,28,2046,0.516563487147592
REGION1,PWRWNDB12,29,2046,0.6526729051451788
REGION1,PWRWNDB12,30,2046,0.7029910423502711
REGION1,PWRWNDB12,31,2046,0.7345642534327449
REGION1,PWRWNDB12,32,2046,0.7013349431052016
REGION1,PWRWNDB12,33,2046,0.4719899714445814
REGION1,PWRWNDB12,34,2046,0.4677738179178471
REGION1,PWRWNDB12,35,2046,0.306820882804423
REGION1,PWRWNDB12,36,2046,0.2394749752937374
REGION1,PWRWNDB12,37,2046,0.4938496168305344
REGION1,PWRWNDB12,38,2046,0.4918901235790102
REGION1,PWRWNDB12,39,2046,0.524357119108818
REGION1,PWRWNDB12,40,2046,0.4566316993173532
REGION1,PWRWNDB12,1,2047,0.6559398822911479
REGION1,PWRWNDB12,2,2047,0.6134997474050391
REGION1,PWRWNDB12,3,2047,0.5826072761599707
REGION1,PWRWNDB12,4,2047,0.6421510941453531
REGION1,PWRWNDB12,5,2047,0.4672063400813515
REGION1,PWRWNDB12,6,2047,0.3538406037215225
REGION1,PWRWNDB12,7,2047,0.3656250329549531
REGION1,PWRWNDB12,8,2047,0.6099490335546794
REGION1,PWRWNDB12,9,2047,0.1941152049218597
REGION1,PWRWNDB12,10,2047,0.1622965775385391
REGION1,PWRWNDB12,11,2047,0.1632361808760986
REGION1,PWRWNDB12,12,2047,0.2687929177079536
REGION1,PWRWNDB12,13,2047,0.4617561758712869
REGION1,PWRWNDB12,14,2047,0.2532269221093557
REGION1,PWRWNDB12,15,2047,0.1588938388937806
REGION1,PWRWNDB12,16,2047,0.493081801286025
REGION1,PWRWNDB12,17,2047,0.7269732642474174
REGION1,PWRWNDB12,18,2047,0.70067924106548
REGION1,PWRWNDB12,19,2047,0.7119495244503596
REGION1,PWRWNDB12,20,2047,0.7481298172990335
REGION1,PWRWNDB12,21,2047,0.156024998654972
REGION1,PWRWNDB12,22,2047,0.1835985738717517
REGION1,PWRWNDB12,23,2047,0.2188296852547115
REGION1,PWRWNDB12,24,2047,0.1716619447222183
REGION1,PWRWNDB12,25,2047,0.2537845114745541
REGION1,PWRWNDB12,26,2047,0.3561724163501381
REGION1,PWRWNDB12,27,2047,0.4360695836770401
REGION1,PWRWNDB12,28,2047,0.516563487147592
REGION1,PWRWNDB12,29,2047,0.6526729051451788
REGION1,PWRWNDB12,30,2047,0.7029910423502711
REGION1,PWRWNDB12,31,2047,0.7345642534327449
REGION1,PWRWNDB12,32,2047,0.7013349431052016
REGION1,PWRWNDB12,33,2047,0.4719899714445814
REGION1,PWRWNDB12,34,2047,0.4677738179178471
REGION1,PWRWNDB12,35,2047,0.306820882804423
REGION1,PWRWNDB12,36,2047,0.2394749752937374
REGION1,PWRWNDB12,37,2047,0.4938496168305344
REGION1,PWRWNDB12,38,2047,0.4918901235790102
REGION1,PWRWNDB12,39,2047,0.524357119108818
REGION1,PWRWNDB12,40,2047,0.4566316993173532
REGION1,PWRWNDB12,1,2048,0.6559398822911479
REGION1,PWRWNDB12,2,2048,0.6134997474050391
REGION1,PWRWNDB12,3,2048,0.5826072761599707
REGION1,PWRWNDB12,4,2048,0.6421510941453531
REGION1,PWRWNDB12,5,2048,0.4672063400813515
REGION1,PWRWNDB12,6,2048,0.3538406037215225
REGION1,PWRWNDB12,7,2048,0.3656250329549531
REGION1,PWRWNDB12,8,2048,0.6099490335546794
REGION1,PWRWNDB12,9,2048,0.1941152049218597
REGION1,PWRWNDB12,10,2048,0.1622965775385391
REGION1,PWRWNDB12,11,2048,0.1632361808760986
REGION1,PWRWNDB12,12,2048,0.2687929177079536
REGION1,PWRWNDB12,13,2048,0.4617561758712869
REGION1,PWRWNDB12,14,2048,0.2532269221093557
REGION1,PWRWNDB12,15,2048,0.1588938388937806
REGION1,PWRWNDB12,16,2048,0.493081801286025
REGION1,PWRWNDB12,17,2048,0.7269732642474174
REGION1,PWRWNDB12,18,2048,0.70067924106548
REGION1,PWRWNDB12,19,2048,0.7119495244503596
REGION1,PWRWNDB12,20,2048,0.7481298172990335
REGION1,PWRWNDB12,21,2048,0.156024998654972
REGION1,PWRWNDB12,22,2048,0.1835985738717517
REGION1,PWRWNDB12,23,2048,0.2188296852547115
REGION1,PWRWNDB12,24,2048,0.1716619447222183
REGION1,PWRWNDB12,25,2048,0.2537845114745541
REGION1,PWRWNDB12,26,2048,0.3561724163501381
REGION1,PWRWNDB12,27,2048,0.4360695836770401
REGION1,PWRWNDB12,28,2048,0.516563487147592
REGION1,PWRWNDB12,29,2048,0.6526729051451788
REGION1,PWRWNDB12,30,2048,0.7029910423502711
REGION1,PWRWNDB12,31,2048,0.7345642534327449
REGION1,PWRWNDB12,32,2048,0.7013349431052016
REGION1,PWRWNDB12,33,2048,0.4719899714445814
REGION1,PWRWNDB12,34,2048,0.4677738179178471
REGION1,PWRWNDB12,35,2048,0.306820882804423
REGION1,PWRWNDB12,36,2048,0.2394749752937374
REGION1,PWRWNDB12,37,2048,0.4938496168305344
REGION1,PWRWNDB12,38,2048,0.4918901235790102
REGION1,PWRWNDB12,39,2048,0.524357119108818
REGION1,PWRWNDB12,40,2048,0.4566316993173532
REGION1,PWRWNDB12,1,2049,0.6559398822911479
REGION1,PWRWNDB12,2,2049,0.6134997474050391
REGION1,PWRWNDB12,3,2049,0.5826072761599707
REGION1,PWRWNDB12,4,2049,0.6421510941453531
REGION1,PWRWNDB12,5,2049,0.4672063400813515
REGION1,PWRWNDB12,6,2049,0.3538406037215225
REGION1,PWRWNDB12,7,2049,0.3656250329549531
REGION1,PWRWNDB12,8,2049,0.6099490335546794
REGION1,PWRWNDB12,9,2049,0.1941152049218597
REGION1,PWRWNDB12,10,2049,0.1622965775385391
REGION1,PWRWNDB12,11,2049,0.1632361808760986
REGION1,PWRWNDB12,12,2049,0.2687929177079536
REGION1,PWRWNDB12,13,2049,0.4617561758712869
REGION1,PWRWNDB12,14,2049,0.2532269221093557
REGION1,PWRWNDB12,15,2049,0.1588938388937806
REGION1,PWRWNDB12,16,2049,0.493081801286025
REGION1,PWRWNDB12,17,2049,0.7269732642474174
REGION1,PWRWNDB12,18,2049,0.70067924106548
REGION1,PWRWNDB12,19,2049,0.7119495244503596
REGION1,PWRWNDB12,20,2049,0.7481298172990335
REGION1,PWRWNDB12,21,2049,0.156024998654972
REGION1,PWRWNDB12,22,2049,0.1835985738717517
REGION1,PWRWNDB12,23,2049,0.2188296852547115
REGION1,PWRWNDB12,24,2049,0.1716619447222183
REGION1,PWRWNDB12,25,2049,0.2537845114745541
REGION1,PWRWNDB12,26,2049,0.3561724163501381
REGION1,PWRWNDB12,27,2049,0.4360695836770401
REGION1,PWRWNDB12,28,2049,0.516563487147592
REGION1,PWRWNDB12,29,2049,0.6526729051451788
REGION1,PWRWNDB12,30,2049,0.7029910423502711
REGION1,PWRWNDB12,31,2049,0.7345642534327449
REGION1,PWRWNDB12,32,2049,0.7013349431052016
REGION1,PWRWNDB12,33,2049,0.4719899714445814
REGION1,PWRWNDB12,34,2049,0.4677738179178471
REGION1,PWRWNDB12,35,2049,0.306820882804423
REGION1,PWRWNDB12,36,2049,0.2394749752937374
REGION1,PWRWNDB12,37,2049,0.4938496168305344
REGION1,PWRWNDB12,38,2049,0.4918901235790102
REGION1,PWRWNDB12,39,2049,0.524357119108818
REGION1,PWRWNDB12,40,2049,0.4566316993173532
REGION1,PWRWNDB12,1,2050,0.6559398822911479
REGION1,PWRWNDB12,2,2050,0.6134997474050391
REGION1,PWRWNDB12,3,2050,0.5826072761599707
REGION1,PWRWNDB12,4,2050,0.6421510941453531
REGION1,PWRWNDB12,5,2050,0.4672063400813515
REGION1,PWRWNDB12,6,2050,0.3538406037215225
REGION1,PWRWNDB12,7,2050,0.3656250329549531
REGION1,PWRWNDB12,8,2050,0.6099490335546794
REGION1,PWRWNDB12,9,2050,0.1941152049218597
REGION1,PWRWNDB12,10,2050,0.1622965775385391
REGION1,PWRWNDB12,11,2050,0.1632361808760986
REGION1,PWRWNDB12,12,2050,0.2687929177079536
REGION1,PWRWNDB12,13,2050,0.4617561758712869
REGION1,PWRWNDB12,14,2050,0.2532269221093557
REGION1,PWRWNDB12,15,2050,0.1588938388937806
REGION1,PWRWNDB12,16,2050,0.493081801286025
REGION1,PWRWNDB12,17,2050,0.7269732642474174
REGION1,PWRWNDB12,18,2050,0.70067924106548
REGION1,PWRWNDB12,19,2050,0.7119495244503596
REGION1,PWRWNDB12,20,2050,0.7481298172990335
REGION1,PWRWNDB12,21,2050,0.156024998654972
REGION1,PWRWNDB12,22,2050,0.1835985738717517
REGION1,PWRWNDB12,23,2050,0.2188296852547115
REGION1,PWRWNDB12,24,2050,0.1716619447222183
REGION1,PWRWNDB12,25,2050,0.2537845114745541
REGION1,PWRWNDB12,26,2050,0.3561724163501381
REGION1,PWRWNDB12,27,2050,0.4360695836770401
REGION1,PWRWNDB12,28,2050,0.516563487147592
REGION1,PWRWNDB12,29,2050,0.6526729051451788
REGION1,PWRWNDB12,30,2050,0.7029910423502711
REGION1,PWRWNDB12,31,2050,0.7345642534327449
REGION1,PWRWNDB12,32,2050,0.7013349431052016
REGION1,PWRWNDB12,33,2050,0.4719899714445814
REGION1,PWRWNDB12,34,2050,0.4677738179178471
REGION1,PWRWNDB12,35,2050,0.306820882804423
REGION1,PWRWNDB12,36,2050,0.2394749752937374
REGION1,PWRWNDB12,37,2050,0.4938496168305344
REGION1,PWRWNDB12,38,2050,0.4918901235790102
REGION1,PWRWNDB12,39,2050,0.524357119108818
REGION1,PWRWNDB12,40,2050,0.4566316993173532
REGION1,PWRWNDB13,1,2020,0.6463368816140083
REGION1,PWRWNDB13,2,2020,0.6173557782689558
REGION1,PWRWNDB13,3,2020,0.5768393921068565
REGION1,PWRWNDB13,4,2020,0.6180737211563897
REGION1,PWRWNDB13,5,2020,0.4547282331149869
REGION1,PWRWNDB13,6,2020,0.3347109991940983
REGION1,PWRWNDB13,7,2020,0.3264611988571115
REGION1,PWRWNDB13,8,2020,0.5735314410311451
REGION1,PWRWNDB13,9,2020,0.2003804459467138
REGION1,PWRWNDB13,10,2020,0.1457809432330843
REGION1,PWRWNDB13,11,2020,0.140734469800069
REGION1,PWRWNDB13,12,2020,0.2727378093946944
REGION1,PWRWNDB13,13,2020,0.4124338996624123
REGION1,PWRWNDB13,14,2020,0.218919038667428
REGION1,PWRWNDB13,15,2020,0.1430913483481526
REGION1,PWRWNDB13,16,2020,0.4624666068121858
REGION1,PWRWNDB13,17,2020,0.7082036428635421
REGION1,PWRWNDB13,18,2020,0.6857807746372422
REGION1,PWRWNDB13,19,2020,0.6938808281219054
REGION1,PWRWNDB13,20,2020,0.7174100217163436
REGION1,PWRWNDB13,21,2020,0.1596884553500249
REGION1,PWRWNDB13,22,2020,0.1901551842229049
REGION1,PWRWNDB13,23,2020,0.224547215251489
REGION1,PWRWNDB13,24,2020,0.1877326511510803
REGION1,PWRWNDB13,25,2020,0.2174142279505201
REGION1,PWRWNDB13,26,2020,0.3071093811424439
REGION1,PWRWNDB13,27,2020,0.3762221752189729
REGION1,PWRWNDB13,28,2020,0.460003230572621
REGION1,PWRWNDB13,29,2020,0.6229899527983184
REGION1,PWRWNDB13,30,2020,0.6681572485353141
REGION1,PWRWNDB13,31,2020,0.7021074019665628
REGION1,PWRWNDB13,32,2020,0.6771229279257863
REGION1,PWRWNDB13,33,2020,0.4330712155782949
REGION1,PWRWNDB13,34,2020,0.4299826471594676
REGION1,PWRWNDB13,35,2020,0.2836452296893212
REGION1,PWRWNDB13,36,2020,0.2211744267530695
REGION1,PWRWNDB13,37,2020,0.4914934153160334
REGION1,PWRWNDB13,38,2020,0.4881975623930899
REGION1,PWRWNDB13,39,2020,0.5166825272218923
REGION1,PWRWNDB13,40,2020,0.4563697205340997
REGION1,PWRWNDB13,1,2021,0.6463368816140083
REGION1,PWRWNDB13,2,2021,0.6173557782689558
REGION1,PWRWNDB13,3,2021,0.5768393921068565
REGION1,PWRWNDB13,4,2021,0.6180737211563897
REGION1,PWRWNDB13,5,2021,0.4547282331149869
REGION1,PWRWNDB13,6,2021,0.3347109991940983
REGION1,PWRWNDB13,7,2021,0.3264611988571115
REGION1,PWRWNDB13,8,2021,0.5735314410311451
REGION1,PWRWNDB13,9,2021,0.2003804459467138
REGION1,PWRWNDB13,10,2021,0.1457809432330843
REGION1,PWRWNDB13,11,2021,0.140734469800069
REGION1,PWRWNDB13,12,2021,0.2727378093946944
REGION1,PWRWNDB13,13,2021,0.4124338996624123
REGION1,PWRWNDB13,14,2021,0.218919038667428
REGION1,PWRWNDB13,15,2021,0.1430913483481526
REGION1,PWRWNDB13,16,2021,0.4624666068121858
REGION1,PWRWNDB13,17,2021,0.7082036428635421
REGION1,PWRWNDB13,18,2021,0.6857807746372422
REGION1,PWRWNDB13,19,2021,0.6938808281219054
REGION1,PWRWNDB13,20,2021,0.7174100217163436
REGION1,PWRWNDB13,21,2021,0.1596884553500249
REGION1,PWRWNDB13,22,2021,0.1901551842229049
REGION1,PWRWNDB13,23,2021,0.224547215251489
REGION1,PWRWNDB13,24,2021,0.1877326511510803
REGION1,PWRWNDB13,25,2021,0.2174142279505201
REGION1,PWRWNDB13,26,2021,0.3071093811424439
REGION1,PWRWNDB13,27,2021,0.3762221752189729
REGION1,PWRWNDB13,28,2021,0.460003230572621
REGION1,PWRWNDB13,29,2021,0.6229899527983184
REGION1,PWRWNDB13,30,2021,0.6681572485353141
REGION1,PWRWNDB13,31,2021,0.7021074019665628
REGION1,PWRWNDB13,32,2021,0.6771229279257863
REGION1,PWRWNDB13,33,2021,0.4330712155782949
REGION1,PWRWNDB13,34,2021,0.4299826471594676
REGION1,PWRWNDB13,35,2021,0.2836452296893212
REGION1,PWRWNDB13,36,2021,0.2211744267530695
REGION1,PWRWNDB13,37,2021,0.4914934153160334
REGION1,PWRWNDB13,38,2021,0.4881975623930899
REGION1,PWRWNDB13,39,2021,0.5166825272218923
REGION1,PWRWNDB13,40,2021,0.4563697205340997
REGION1,PWRWNDB13,1,2022,0.6463368816140083
REGION1,PWRWNDB13,2,2022,0.6173557782689558
REGION1,PWRWNDB13,3,2022,0.5768393921068565
REGION1,PWRWNDB13,4,2022,0.6180737211563897
REGION1,PWRWNDB13,5,2022,0.4547282331149869
REGION1,PWRWNDB13,6,2022,0.3347109991940983
REGION1,PWRWNDB13,7,2022,0.3264611988571115
REGION1,PWRWNDB13,8,2022,0.5735314410311451
REGION1,PWRWNDB13,9,2022,0.2003804459467138
REGION1,PWRWNDB13,10,2022,0.1457809432330843
REGION1,PWRWNDB13,11,2022,0.140734469800069
REGION1,PWRWNDB13,12,2022,0.2727378093946944
REGION1,PWRWNDB13,13,2022,0.4124338996624123
REGION1,PWRWNDB13,14,2022,0.218919038667428
REGION1,PWRWNDB13,15,2022,0.1430913483481526
REGION1,PWRWNDB13,16,2022,0.4624666068121858
REGION1,PWRWNDB13,17,2022,0.7082036428635421
REGION1,PWRWNDB13,18,2022,0.6857807746372422
REGION1,PWRWNDB13,19,2022,0.6938808281219054
REGION1,PWRWNDB13,20,2022,0.7174100217163436
REGION1,PWRWNDB13,21,2022,0.1596884553500249
REGION1,PWRWNDB13,22,2022,0.1901551842229049
REGION1,PWRWNDB13,23,2022,0.224547215251489
REGION1,PWRWNDB13,24,2022,0.1877326511510803
REGION1,PWRWNDB13,25,2022,0.2174142279505201
REGION1,PWRWNDB13,26,2022,0.3071093811424439
REGION1,PWRWNDB13,27,2022,0.3762221752189729
REGION1,PWRWNDB13,28,2022,0.460003230572621
REGION1,PWRWNDB13,29,2022,0.6229899527983184
REGION1,PWRWNDB13,30,2022,0.6681572485353141
REGION1,PWRWNDB13,31,2022,0.7021074019665628
REGION1,PWRWNDB13,32,2022,0.6771229279257863
REGION1,PWRWNDB13,33,2022,0.4330712155782949
REGION1,PWRWNDB13,34,2022,0.4299826471594676
REGION1,PWRWNDB13,35,2022,0.2836452296893212
REGION1,PWRWNDB13,36,2022,0.2211744267530695
REGION1,PWRWNDB13,37,2022,0.4914934153160334
REGION1,PWRWNDB13,38,2022,0.4881975623930899
REGION1,PWRWNDB13,39,2022,0.5166825272218923
REGION1,PWRWNDB13,40,2022,0.4563697205340997
REGION1,PWRWNDB13,1,2023,0.6463368816140083
REGION1,PWRWNDB13,2,2023,0.6173557782689558
REGION1,PWRWNDB13,3,2023,0.5768393921068565
REGION1,PWRWNDB13,4,2023,0.6180737211563897
REGION1,PWRWNDB13,5,2023,0.4547282331149869
REGION1,PWRWNDB13,6,2023,0.3347109991940983
REGION1,PWRWNDB13,7,2023,0.3264611988571115
REGION1,PWRWNDB13,8,2023,0.5735314410311451
REGION1,PWRWNDB13,9,2023,0.2003804459467138
REGION1,PWRWNDB13,10,2023,0.1457809432330843
REGION1,PWRWNDB13,11,2023,0.140734469800069
REGION1,PWRWNDB13,12,2023,0.2727378093946944
REGION1,PWRWNDB13,13,2023,0.4124338996624123
REGION1,PWRWNDB13,14,2023,0.218919038667428
REGION1,PWRWNDB13,15,2023,0.1430913483481526
REGION1,PWRWNDB13,16,2023,0.4624666068121858
REGION1,PWRWNDB13,17,2023,0.7082036428635421
REGION1,PWRWNDB13,18,2023,0.6857807746372422
REGION1,PWRWNDB13,19,2023,0.6938808281219054
REGION1,PWRWNDB13,20,2023,0.7174100217163436
REGION1,PWRWNDB13,21,2023,0.1596884553500249
REGION1,PWRWNDB13,22,2023,0.1901551842229049
REGION1,PWRWNDB13,23,2023,0.224547215251489
REGION1,PWRWNDB13,24,2023,0.1877326511510803
REGION1,PWRWNDB13,25,2023,0.2174142279505201
REGION1,PWRWNDB13,26,2023,0.3071093811424439
REGION1,PWRWNDB13,27,2023,0.3762221752189729
REGION1,PWRWNDB13,28,2023,0.460003230572621
REGION1,PWRWNDB13,29,2023,0.6229899527983184
REGION1,PWRWNDB13,30,2023,0.6681572485353141
REGION1,PWRWNDB13,31,2023,0.7021074019665628
REGION1,PWRWNDB13,32,2023,0.6771229279257863
REGION1,PWRWNDB13,33,2023,0.4330712155782949
REGION1,PWRWNDB13,34,2023,0.4299826471594676
REGION1,PWRWNDB13,35,2023,0.2836452296893212
REGION1,PWRWNDB13,36,2023,0.2211744267530695
REGION1,PWRWNDB13,37,2023,0.4914934153160334
REGION1,PWRWNDB13,38,2023,0.4881975623930899
REGION1,PWRWNDB13,39,2023,0.5166825272218923
REGION1,PWRWNDB13,40,2023,0.4563697205340997
REGION1,PWRWNDB13,1,2024,0.6463368816140083
REGION1,PWRWNDB13,2,2024,0.6173557782689558
REGION1,PWRWNDB13,3,2024,0.5768393921068565
REGION1,PWRWNDB13,4,2024,0.6180737211563897
REGION1,PWRWNDB13,5,2024,0.4547282331149869
REGION1,PWRWNDB13,6,2024,0.3347109991940983
REGION1,PWRWNDB13,7,2024,0.3264611988571115
REGION1,PWRWNDB13,8,2024,0.5735314410311451
REGION1,PWRWNDB13,9,2024,0.2003804459467138
REGION1,PWRWNDB13,10,2024,0.1457809432330843
REGION1,PWRWNDB13,11,2024,0.140734469800069
REGION1,PWRWNDB13,12,2024,0.2727378093946944
REGION1,PWRWNDB13,13,2024,0.4124338996624123
REGION1,PWRWNDB13,14,2024,0.218919038667428
REGION1,PWRWNDB13,15,2024,0.1430913483481526
REGION1,PWRWNDB13,16,2024,0.4624666068121858
REGION1,PWRWNDB13,17,2024,0.7082036428635421
REGION1,PWRWNDB13,18,2024,0.6857807746372422
REGION1,PWRWNDB13,19,2024,0.6938808281219054
REGION1,PWRWNDB13,20,2024,0.7174100217163436
REGION1,PWRWNDB13,21,2024,0.1596884553500249
REGION1,PWRWNDB13,22,2024,0.1901551842229049
REGION1,PWRWNDB13,23,2024,0.224547215251489
REGION1,PWRWNDB13,24,2024,0.1877326511510803
REGION1,PWRWNDB13,25,2024,0.2174142279505201
REGION1,PWRWNDB13,26,2024,0.3071093811424439
REGION1,PWRWNDB13,27,2024,0.3762221752189729
REGION1,PWRWNDB13,28,2024,0.460003230572621
REGION1,PWRWNDB13,29,2024,0.6229899527983184
REGION1,PWRWNDB13,30,2024,0.6681572485353141
REGION1,PWRWNDB13,31,2024,0.7021074019665628
REGION1,PWRWNDB13,32,2024,0.6771229279257863
REGION1,PWRWNDB13,33,2024,0.4330712155782949
REGION1,PWRWNDB13,34,2024,0.4299826471594676
REGION1,PWRWNDB13,35,2024,0.2836452296893212
REGION1,PWRWNDB13,36,2024,0.2211744267530695
REGION1,PWRWNDB13,37,2024,0.4914934153160334
REGION1,PWRWNDB13,38,2024,0.4881975623930899
REGION1,PWRWNDB13,39,2024,0.5166825272218923
REGION1,PWRWNDB13,40,2024,0.4563697205340997
REGION1,PWRWNDB13,1,2025,0.6463368816140083
REGION1,PWRWNDB13,2,2025,0.6173557782689558
REGION1,PWRWNDB13,3,2025,0.5768393921068565
REGION1,PWRWNDB13,4,2025,0.6180737211563897
REGION1,PWRWNDB13,5,2025,0.4547282331149869
REGION1,PWRWNDB13,6,2025,0.3347109991940983
REGION1,PWRWNDB13,7,2025,0.3264611988571115
REGION1,PWRWNDB13,8,2025,0.5735314410311451
REGION1,PWRWNDB13,9,2025,0.2003804459467138
REGION1,PWRWNDB13,10,2025,0.1457809432330843
REGION1,PWRWNDB13,11,2025,0.140734469800069
REGION1,PWRWNDB13,12,2025,0.2727378093946944
REGION1,PWRWNDB13,13,2025,0.4124338996624123
REGION1,PWRWNDB13,14,2025,0.218919038667428
REGION1,PWRWNDB13,15,2025,0.1430913483481526
REGION1,PWRWNDB13,16,2025,0.4624666068121858
REGION1,PWRWNDB13,17,2025,0.7082036428635421
REGION1,PWRWNDB13,18,2025,0.6857807746372422
REGION1,PWRWNDB13,19,2025,0.6938808281219054
REGION1,PWRWNDB13,20,2025,0.7174100217163436
REGION1,PWRWNDB13,21,2025,0.1596884553500249
REGION1,PWRWNDB13,22,2025,0.1901551842229049
REGION1,PWRWNDB13,23,2025,0.224547215251489
REGION1,PWRWNDB13,24,2025,0.1877326511510803
REGION1,PWRWNDB13,25,2025,0.2174142279505201
REGION1,PWRWNDB13,26,2025,0.3071093811424439
REGION1,PWRWNDB13,27,2025,0.3762221752189729
REGION1,PWRWNDB13,28,2025,0.460003230572621
REGION1,PWRWNDB13,29,2025,0.6229899527983184
REGION1,PWRWNDB13,30,2025,0.6681572485353141
REGION1,PWRWNDB13,31,2025,0.7021074019665628
REGION1,PWRWNDB13,32,2025,0.6771229279257863
REGION1,PWRWNDB13,33,2025,0.4330712155782949
REGION1,PWRWNDB13,34,2025,0.4299826471594676
REGION1,PWRWNDB13,35,2025,0.2836452296893212
REGION1,PWRWNDB13,36,2025,0.2211744267530695
REGION1,PWRWNDB13,37,2025,0.4914934153160334
REGION1,PWRWNDB13,38,2025,0.4881975623930899
REGION1,PWRWNDB13,39,2025,0.5166825272218923
REGION1,PWRWNDB13,40,2025,0.4563697205340997
REGION1,PWRWNDB13,1,2026,0.6463368816140083
REGION1,PWRWNDB13,2,2026,0.6173557782689558
REGION1,PWRWNDB13,3,2026,0.5768393921068565
REGION1,PWRWNDB13,4,2026,0.6180737211563897
REGION1,PWRWNDB13,5,2026,0.4547282331149869
REGION1,PWRWNDB13,6,2026,0.3347109991940983
REGION1,PWRWNDB13,7,2026,0.3264611988571115
REGION1,PWRWNDB13,8,2026,0.5735314410311451
REGION1,PWRWNDB13,9,2026,0.2003804459467138
REGION1,PWRWNDB13,10,2026,0.1457809432330843
REGION1,PWRWNDB13,11,2026,0.140734469800069
REGION1,PWRWNDB13,12,2026,0.2727378093946944
REGION1,PWRWNDB13,13,2026,0.4124338996624123
REGION1,PWRWNDB13,14,2026,0.218919038667428
REGION1,PWRWNDB13,15,2026,0.1430913483481526
REGION1,PWRWNDB13,16,2026,0.4624666068121858
REGION1,PWRWNDB13,17,2026,0.7082036428635421
REGION1,PWRWNDB13,18,2026,0.6857807746372422
REGION1,PWRWNDB13,19,2026,0.6938808281219054
REGION1,PWRWNDB13,20,2026,0.7174100217163436
REGION1,PWRWNDB13,21,2026,0.1596884553500249
REGION1,PWRWNDB13,22,2026,0.1901551842229049
REGION1,PWRWNDB13,23,2026,0.224547215251489
REGION1,PWRWNDB13,24,2026,0.1877326511510803
REGION1,PWRWNDB13,25,2026,0.2174142279505201
REGION1,PWRWNDB13,26,2026,0.3071093811424439
REGION1,PWRWNDB13,27,2026,0.3762221752189729
REGION1,PWRWNDB13,28,2026,0.460003230572621
REGION1,PWRWNDB13,29,2026,0.6229899527983184
REGION1,PWRWNDB13,30,2026,0.6681572485353141
REGION1,PWRWNDB13,31,2026,0.7021074019665628
REGION1,PWRWNDB13,32,2026,0.6771229279257863
REGION1,PWRWNDB13,33,2026,0.4330712155782949
REGION1,PWRWNDB13,34,2026,0.4299826471594676
REGION1,PWRWNDB13,35,2026,0.2836452296893212
REGION1,PWRWNDB13,36,2026,0.2211744267530695
REGION1,PWRWNDB13,37,2026,0.4914934153160334
REGION1,PWRWNDB13,38,2026,0.4881975623930899
REGION1,PWRWNDB13,39,2026,0.5166825272218923
REGION1,PWRWNDB13,40,2026,0.4563697205340997
REGION1,PWRWNDB13,1,2027,0.6463368816140083
REGION1,PWRWNDB13,2,2027,0.6173557782689558
REGION1,PWRWNDB13,3,2027,0.5768393921068565
REGION1,PWRWNDB13,4,2027,0.6180737211563897
REGION1,PWRWNDB13,5,2027,0.4547282331149869
REGION1,PWRWNDB13,6,2027,0.3347109991940983
REGION1,PWRWNDB13,7,2027,0.3264611988571115
REGION1,PWRWNDB13,8,2027,0.5735314410311451
REGION1,PWRWNDB13,9,2027,0.2003804459467138
REGION1,PWRWNDB13,10,2027,0.1457809432330843
REGION1,PWRWNDB13,11,2027,0.140734469800069
REGION1,PWRWNDB13,12,2027,0.2727378093946944
REGION1,PWRWNDB13,13,2027,0.4124338996624123
REGION1,PWRWNDB13,14,2027,0.218919038667428
REGION1,PWRWNDB13,15,2027,0.1430913483481526
REGION1,PWRWNDB13,16,2027,0.4624666068121858
REGION1,PWRWNDB13,17,2027,0.7082036428635421
REGION1,PWRWNDB13,18,2027,0.6857807746372422
REGION1,PWRWNDB13,19,2027,0.6938808281219054
REGION1,PWRWNDB13,20,2027,0.7174100217163436
REGION1,PWRWNDB13,21,2027,0.1596884553500249
REGION1,PWRWNDB13,22,2027,0.1901551842229049
REGION1,PWRWNDB13,23,2027,0.224547215251489
REGION1,PWRWNDB13,24,2027,0.1877326511510803
REGION1,PWRWNDB13,25,2027,0.2174142279505201
REGION1,PWRWNDB13,26,2027,0.3071093811424439
REGION1,PWRWNDB13,27,2027,0.3762221752189729
REGION1,PWRWNDB13,28,2027,0.460003230572621
REGION1,PWRWNDB13,29,2027,0.6229899527983184
REGION1,PWRWNDB13,30,2027,0.6681572485353141
REGION1,PWRWNDB13,31,2027,0.7021074019665628
REGION1,PWRWNDB13,32,2027,0.6771229279257863
REGION1,PWRWNDB13,33,2027,0.4330712155782949
REGION1,PWRWNDB13,34,2027,0.4299826471594676
REGION1,PWRWNDB13,35,2027,0.2836452296893212
REGION1,PWRWNDB13,36,2027,0.2211744267530695
REGION1,PWRWNDB13,37,2027,0.4914934153160334
REGION1,PWRWNDB13,38,2027,0.4881975623930899
REGION1,PWRWNDB13,39,2027,0.5166825272218923
REGION1,PWRWNDB13,40,2027,0.4563697205340997
REGION1,PWRWNDB13,1,2028,0.6463368816140083
REGION1,PWRWNDB13,2,2028,0.6173557782689558
REGION1,PWRWNDB13,3,2028,0.5768393921068565
REGION1,PWRWNDB13,4,2028,0.6180737211563897
REGION1,PWRWNDB13,5,2028,0.4547282331149869
REGION1,PWRWNDB13,6,2028,0.3347109991940983
REGION1,PWRWNDB13,7,2028,0.3264611988571115
REGION1,PWRWNDB13,8,2028,0.5735314410311451
REGION1,PWRWNDB13,9,2028,0.2003804459467138
REGION1,PWRWNDB13,10,2028,0.1457809432330843
REGION1,PWRWNDB13,11,2028,0.140734469800069
REGION1,PWRWNDB13,12,2028,0.2727378093946944
REGION1,PWRWNDB13,13,2028,0.4124338996624123
REGION1,PWRWNDB13,14,2028,0.218919038667428
REGION1,PWRWNDB13,15,2028,0.1430913483481526
REGION1,PWRWNDB13,16,2028,0.4624666068121858
REGION1,PWRWNDB13,17,2028,0.7082036428635421
REGION1,PWRWNDB13,18,2028,0.6857807746372422
REGION1,PWRWNDB13,19,2028,0.6938808281219054
REGION1,PWRWNDB13,20,2028,0.7174100217163436
REGION1,PWRWNDB13,21,2028,0.1596884553500249
REGION1,PWRWNDB13,22,2028,0.1901551842229049
REGION1,PWRWNDB13,23,2028,0.224547215251489
REGION1,PWRWNDB13,24,2028,0.1877326511510803
REGION1,PWRWNDB13,25,2028,0.2174142279505201
REGION1,PWRWNDB13,26,2028,0.3071093811424439
REGION1,PWRWNDB13,27,2028,0.3762221752189729
REGION1,PWRWNDB13,28,2028,0.460003230572621
REGION1,PWRWNDB13,29,2028,0.6229899527983184
REGION1,PWRWNDB13,30,2028,0.6681572485353141
REGION1,PWRWNDB13,31,2028,0.7021074019665628
REGION1,PWRWNDB13,32,2028,0.6771229279257863
REGION1,PWRWNDB13,33,2028,0.4330712155782949
REGION1,PWRWNDB13,34,2028,0.4299826471594676
REGION1,PWRWNDB13,35,2028,0.2836452296893212
REGION1,PWRWNDB13,36,2028,0.2211744267530695
REGION1,PWRWNDB13,37,2028,0.4914934153160334
REGION1,PWRWNDB13,38,2028,0.4881975623930899
REGION1,PWRWNDB13,39,2028,0.5166825272218923
REGION1,PWRWNDB13,40,2028,0.4563697205340997
REGION1,PWRWNDB13,1,2029,0.6463368816140083
REGION1,PWRWNDB13,2,2029,0.6173557782689558
REGION1,PWRWNDB13,3,2029,0.5768393921068565
REGION1,PWRWNDB13,4,2029,0.6180737211563897
REGION1,PWRWNDB13,5,2029,0.4547282331149869
REGION1,PWRWNDB13,6,2029,0.3347109991940983
REGION1,PWRWNDB13,7,2029,0.3264611988571115
REGION1,PWRWNDB13,8,2029,0.5735314410311451
REGION1,PWRWNDB13,9,2029,0.2003804459467138
REGION1,PWRWNDB13,10,2029,0.1457809432330843
REGION1,PWRWNDB13,11,2029,0.140734469800069
REGION1,PWRWNDB13,12,2029,0.2727378093946944
REGION1,PWRWNDB13,13,2029,0.4124338996624123
REGION1,PWRWNDB13,14,2029,0.218919038667428
REGION1,PWRWNDB13,15,2029,0.1430913483481526
REGION1,PWRWNDB13,16,2029,0.4624666068121858
REGION1,PWRWNDB13,17,2029,0.7082036428635421
REGION1,PWRWNDB13,18,2029,0.6857807746372422
REGION1,PWRWNDB13,19,2029,0.6938808281219054
REGION1,PWRWNDB13,20,2029,0.7174100217163436
REGION1,PWRWNDB13,21,2029,0.1596884553500249
REGION1,PWRWNDB13,22,2029,0.1901551842229049
REGION1,PWRWNDB13,23,2029,0.224547215251489
REGION1,PWRWNDB13,24,2029,0.1877326511510803
REGION1,PWRWNDB13,25,2029,0.2174142279505201
REGION1,PWRWNDB13,26,2029,0.3071093811424439
REGION1,PWRWNDB13,27,2029,0.3762221752189729
REGION1,PWRWNDB13,28,2029,0.460003230572621
REGION1,PWRWNDB13,29,2029,0.6229899527983184
REGION1,PWRWNDB13,30,2029,0.6681572485353141
REGION1,PWRWNDB13,31,2029,0.7021074019665628
REGION1,PWRWNDB13,32,2029,0.6771229279257863
REGION1,PWRWNDB13,33,2029,0.4330712155782949
REGION1,PWRWNDB13,34,2029,0.4299826471594676
REGION1,PWRWNDB13,35,2029,0.2836452296893212
REGION1,PWRWNDB13,36,2029,0.2211744267530695
REGION1,PWRWNDB13,37,2029,0.4914934153160334
REGION1,PWRWNDB13,38,2029,0.4881975623930899
REGION1,PWRWNDB13,39,2029,0.5166825272218923
REGION1,PWRWNDB13,40,2029,0.4563697205340997
REGION1,PWRWNDB13,1,2030,0.6463368816140083
REGION1,PWRWNDB13,2,2030,0.6173557782689558
REGION1,PWRWNDB13,3,2030,0.5768393921068565
REGION1,PWRWNDB13,4,2030,0.6180737211563897
REGION1,PWRWNDB13,5,2030,0.4547282331149869
REGION1,PWRWNDB13,6,2030,0.3347109991940983
REGION1,PWRWNDB13,7,2030,0.3264611988571115
REGION1,PWRWNDB13,8,2030,0.5735314410311451
REGION1,PWRWNDB13,9,2030,0.2003804459467138
REGION1,PWRWNDB13,10,2030,0.1457809432330843
REGION1,PWRWNDB13,11,2030,0.140734469800069
REGION1,PWRWNDB13,12,2030,0.2727378093946944
REGION1,PWRWNDB13,13,2030,0.4124338996624123
REGION1,PWRWNDB13,14,2030,0.218919038667428
REGION1,PWRWNDB13,15,2030,0.1430913483481526
REGION1,PWRWNDB13,16,2030,0.4624666068121858
REGION1,PWRWNDB13,17,2030,0.7082036428635421
REGION1,PWRWNDB13,18,2030,0.6857807746372422
REGION1,PWRWNDB13,19,2030,0.6938808281219054
REGION1,PWRWNDB13,20,2030,0.7174100217163436
REGION1,PWRWNDB13,21,2030,0.1596884553500249
REGION1,PWRWNDB13,22,2030,0.1901551842229049
REGION1,PWRWNDB13,23,2030,0.224547215251489
REGION1,PWRWNDB13,24,2030,0.1877326511510803
REGION1,PWRWNDB13,25,2030,0.2174142279505201
REGION1,PWRWNDB13,26,2030,0.3071093811424439
REGION1,PWRWNDB13,27,2030,0.3762221752189729
REGION1,PWRWNDB13,28,2030,0.460003230572621
REGION1,PWRWNDB13,29,2030,0.6229899527983184
REGION1,PWRWNDB13,30,2030,0.6681572485353141
REGION1,PWRWNDB13,31,2030,0.7021074019665628
REGION1,PWRWNDB13,32,2030,0.6771229279257863
REGION1,PWRWNDB13,33,2030,0.4330712155782949
REGION1,PWRWNDB13,34,2030,0.4299826471594676
REGION1,PWRWNDB13,35,2030,0.2836452296893212
REGION1,PWRWNDB13,36,2030,0.2211744267530695
REGION1,PWRWNDB13,37,2030,0.4914934153160334
REGION1,PWRWNDB13,38,2030,0.4881975623930899
REGION1,PWRWNDB13,39,2030,0.5166825272218923
REGION1,PWRWNDB13,40,2030,0.4563697205340997
REGION1,PWRWNDB13,1,2031,0.6463368816140083
REGION1,PWRWNDB13,2,2031,0.6173557782689558
REGION1,PWRWNDB13,3,2031,0.5768393921068565
REGION1,PWRWNDB13,4,2031,0.6180737211563897
REGION1,PWRWNDB13,5,2031,0.4547282331149869
REGION1,PWRWNDB13,6,2031,0.3347109991940983
REGION1,PWRWNDB13,7,2031,0.3264611988571115
REGION1,PWRWNDB13,8,2031,0.5735314410311451
REGION1,PWRWNDB13,9,2031,0.2003804459467138
REGION1,PWRWNDB13,10,2031,0.1457809432330843
REGION1,PWRWNDB13,11,2031,0.140734469800069
REGION1,PWRWNDB13,12,2031,0.2727378093946944
REGION1,PWRWNDB13,13,2031,0.4124338996624123
REGION1,PWRWNDB13,14,2031,0.218919038667428
REGION1,PWRWNDB13,15,2031,0.1430913483481526
REGION1,PWRWNDB13,16,2031,0.4624666068121858
REGION1,PWRWNDB13,17,2031,0.7082036428635421
REGION1,PWRWNDB13,18,2031,0.6857807746372422
REGION1,PWRWNDB13,19,2031,0.6938808281219054
REGION1,PWRWNDB13,20,2031,0.7174100217163436
REGION1,PWRWNDB13,21,2031,0.1596884553500249
REGION1,PWRWNDB13,22,2031,0.1901551842229049
REGION1,PWRWNDB13,23,2031,0.224547215251489
REGION1,PWRWNDB13,24,2031,0.1877326511510803
REGION1,PWRWNDB13,25,2031,0.2174142279505201
REGION1,PWRWNDB13,26,2031,0.3071093811424439
REGION1,PWRWNDB13,27,2031,0.3762221752189729
REGION1,PWRWNDB13,28,2031,0.460003230572621
REGION1,PWRWNDB13,29,2031,0.6229899527983184
REGION1,PWRWNDB13,30,2031,0.6681572485353141
REGION1,PWRWNDB13,31,2031,0.7021074019665628
REGION1,PWRWNDB13,32,2031,0.6771229279257863
REGION1,PWRWNDB13,33,2031,0.4330712155782949
REGION1,PWRWNDB13,34,2031,0.4299826471594676
REGION1,PWRWNDB13,35,2031,0.2836452296893212
REGION1,PWRWNDB13,36,2031,0.2211744267530695
REGION1,PWRWNDB13,37,2031,0.4914934153160334
REGION1,PWRWNDB13,38,2031,0.4881975623930899
REGION1,PWRWNDB13,39,2031,0.5166825272218923
REGION1,PWRWNDB13,40,2031,0.4563697205340997
REGION1,PWRWNDB13,1,2032,0.6463368816140083
REGION1,PWRWNDB13,2,2032,0.6173557782689558
REGION1,PWRWNDB13,3,2032,0.5768393921068565
REGION1,PWRWNDB13,4,2032,0.6180737211563897
REGION1,PWRWNDB13,5,2032,0.4547282331149869
REGION1,PWRWNDB13,6,2032,0.3347109991940983
REGION1,PWRWNDB13,7,2032,0.3264611988571115
REGION1,PWRWNDB13,8,2032,0.5735314410311451
REGION1,PWRWNDB13,9,2032,0.2003804459467138
REGION1,PWRWNDB13,10,2032,0.1457809432330843
REGION1,PWRWNDB13,11,2032,0.140734469800069
REGION1,PWRWNDB13,12,2032,0.2727378093946944
REGION1,PWRWNDB13,13,2032,0.4124338996624123
REGION1,PWRWNDB13,14,2032,0.218919038667428
REGION1,PWRWNDB13,15,2032,0.1430913483481526
REGION1,PWRWNDB13,16,2032,0.4624666068121858
REGION1,PWRWNDB13,17,2032,0.7082036428635421
REGION1,PWRWNDB13,18,2032,0.6857807746372422
REGION1,PWRWNDB13,19,2032,0.6938808281219054
REGION1,PWRWNDB13,20,2032,0.7174100217163436
REGION1,PWRWNDB13,21,2032,0.1596884553500249
REGION1,PWRWNDB13,22,2032,0.1901551842229049
REGION1,PWRWNDB13,23,2032,0.224547215251489
REGION1,PWRWNDB13,24,2032,0.1877326511510803
REGION1,PWRWNDB13,25,2032,0.2174142279505201
REGION1,PWRWNDB13,26,2032,0.3071093811424439
REGION1,PWRWNDB13,27,2032,0.3762221752189729
REGION1,PWRWNDB13,28,2032,0.460003230572621
REGION1,PWRWNDB13,29,2032,0.6229899527983184
REGION1,PWRWNDB13,30,2032,0.6681572485353141
REGION1,PWRWNDB13,31,2032,0.7021074019665628
REGION1,PWRWNDB13,32,2032,0.6771229279257863
REGION1,PWRWNDB13,33,2032,0.4330712155782949
REGION1,PWRWNDB13,34,2032,0.4299826471594676
REGION1,PWRWNDB13,35,2032,0.2836452296893212
REGION1,PWRWNDB13,36,2032,0.2211744267530695
REGION1,PWRWNDB13,37,2032,0.4914934153160334
REGION1,PWRWNDB13,38,2032,0.4881975623930899
REGION1,PWRWNDB13,39,2032,0.5166825272218923
REGION1,PWRWNDB13,40,2032,0.4563697205340997
REGION1,PWRWNDB13,1,2033,0.6463368816140083
REGION1,PWRWNDB13,2,2033,0.6173557782689558
REGION1,PWRWNDB13,3,2033,0.5768393921068565
REGION1,PWRWNDB13,4,2033,0.6180737211563897
REGION1,PWRWNDB13,5,2033,0.4547282331149869
REGION1,PWRWNDB13,6,2033,0.3347109991940983
REGION1,PWRWNDB13,7,2033,0.3264611988571115
REGION1,PWRWNDB13,8,2033,0.5735314410311451
REGION1,PWRWNDB13,9,2033,0.2003804459467138
REGION1,PWRWNDB13,10,2033,0.1457809432330843
REGION1,PWRWNDB13,11,2033,0.140734469800069
REGION1,PWRWNDB13,12,2033,0.2727378093946944
REGION1,PWRWNDB13,13,2033,0.4124338996624123
REGION1,PWRWNDB13,14,2033,0.218919038667428
REGION1,PWRWNDB13,15,2033,0.1430913483481526
REGION1,PWRWNDB13,16,2033,0.4624666068121858
REGION1,PWRWNDB13,17,2033,0.7082036428635421
REGION1,PWRWNDB13,18,2033,0.6857807746372422
REGION1,PWRWNDB13,19,2033,0.6938808281219054
REGION1,PWRWNDB13,20,2033,0.7174100217163436
REGION1,PWRWNDB13,21,2033,0.1596884553500249
REGION1,PWRWNDB13,22,2033,0.1901551842229049
REGION1,PWRWNDB13,23,2033,0.224547215251489
REGION1,PWRWNDB13,24,2033,0.1877326511510803
REGION1,PWRWNDB13,25,2033,0.2174142279505201
REGION1,PWRWNDB13,26,2033,0.3071093811424439
REGION1,PWRWNDB13,27,2033,0.3762221752189729
REGION1,PWRWNDB13,28,2033,0.460003230572621
REGION1,PWRWNDB13,29,2033,0.6229899527983184
REGION1,PWRWNDB13,30,2033,0.6681572485353141
REGION1,PWRWNDB13,31,2033,0.7021074019665628
REGION1,PWRWNDB13,32,2033,0.6771229279257863
REGION1,PWRWNDB13,33,2033,0.4330712155782949
REGION1,PWRWNDB13,34,2033,0.4299826471594676
REGION1,PWRWNDB13,35,2033,0.2836452296893212
REGION1,PWRWNDB13,36,2033,0.2211744267530695
REGION1,PWRWNDB13,37,2033,0.4914934153160334
REGION1,PWRWNDB13,38,2033,0.4881975623930899
REGION1,PWRWNDB13,39,2033,0.5166825272218923
REGION1,PWRWNDB13,40,2033,0.4563697205340997
REGION1,PWRWNDB13,1,2034,0.6463368816140083
REGION1,PWRWNDB13,2,2034,0.6173557782689558
REGION1,PWRWNDB13,3,2034,0.5768393921068565
REGION1,PWRWNDB13,4,2034,0.6180737211563897
REGION1,PWRWNDB13,5,2034,0.4547282331149869
REGION1,PWRWNDB13,6,2034,0.3347109991940983
REGION1,PWRWNDB13,7,2034,0.3264611988571115
REGION1,PWRWNDB13,8,2034,0.5735314410311451
REGION1,PWRWNDB13,9,2034,0.2003804459467138
REGION1,PWRWNDB13,10,2034,0.1457809432330843
REGION1,PWRWNDB13,11,2034,0.140734469800069
REGION1,PWRWNDB13,12,2034,0.2727378093946944
REGION1,PWRWNDB13,13,2034,0.4124338996624123
REGION1,PWRWNDB13,14,2034,0.218919038667428
REGION1,PWRWNDB13,15,2034,0.1430913483481526
REGION1,PWRWNDB13,16,2034,0.4624666068121858
REGION1,PWRWNDB13,17,2034,0.7082036428635421
REGION1,PWRWNDB13,18,2034,0.6857807746372422
REGION1,PWRWNDB13,19,2034,0.6938808281219054
REGION1,PWRWNDB13,20,2034,0.7174100217163436
REGION1,PWRWNDB13,21,2034,0.1596884553500249
REGION1,PWRWNDB13,22,2034,0.1901551842229049
REGION1,PWRWNDB13,23,2034,0.224547215251489
REGION1,PWRWNDB13,24,2034,0.1877326511510803
REGION1,PWRWNDB13,25,2034,0.2174142279505201
REGION1,PWRWNDB13,26,2034,0.3071093811424439
REGION1,PWRWNDB13,27,2034,0.3762221752189729
REGION1,PWRWNDB13,28,2034,0.460003230572621
REGION1,PWRWNDB13,29,2034,0.6229899527983184
REGION1,PWRWNDB13,30,2034,0.6681572485353141
REGION1,PWRWNDB13,31,2034,0.7021074019665628
REGION1,PWRWNDB13,32,2034,0.6771229279257863
REGION1,PWRWNDB13,33,2034,0.4330712155782949
REGION1,PWRWNDB13,34,2034,0.4299826471594676
REGION1,PWRWNDB13,35,2034,0.2836452296893212
REGION1,PWRWNDB13,36,2034,0.2211744267530695
REGION1,PWRWNDB13,37,2034,0.4914934153160334
REGION1,PWRWNDB13,38,2034,0.4881975623930899
REGION1,PWRWNDB13,39,2034,0.5166825272218923
REGION1,PWRWNDB13,40,2034,0.4563697205340997
REGION1,PWRWNDB13,1,2035,0.6463368816140083
REGION1,PWRWNDB13,2,2035,0.6173557782689558
REGION1,PWRWNDB13,3,2035,0.5768393921068565
REGION1,PWRWNDB13,4,2035,0.6180737211563897
REGION1,PWRWNDB13,5,2035,0.4547282331149869
REGION1,PWRWNDB13,6,2035,0.3347109991940983
REGION1,PWRWNDB13,7,2035,0.3264611988571115
REGION1,PWRWNDB13,8,2035,0.5735314410311451
REGION1,PWRWNDB13,9,2035,0.2003804459467138
REGION1,PWRWNDB13,10,2035,0.1457809432330843
REGION1,PWRWNDB13,11,2035,0.140734469800069
REGION1,PWRWNDB13,12,2035,0.2727378093946944
REGION1,PWRWNDB13,13,2035,0.4124338996624123
REGION1,PWRWNDB13,14,2035,0.218919038667428
REGION1,PWRWNDB13,15,2035,0.1430913483481526
REGION1,PWRWNDB13,16,2035,0.4624666068121858
REGION1,PWRWNDB13,17,2035,0.7082036428635421
REGION1,PWRWNDB13,18,2035,0.6857807746372422
REGION1,PWRWNDB13,19,2035,0.6938808281219054
REGION1,PWRWNDB13,20,2035,0.7174100217163436
REGION1,PWRWNDB13,21,2035,0.1596884553500249
REGION1,PWRWNDB13,22,2035,0.1901551842229049
REGION1,PWRWNDB13,23,2035,0.224547215251489
REGION1,PWRWNDB13,24,2035,0.1877326511510803
REGION1,PWRWNDB13,25,2035,0.2174142279505201
REGION1,PWRWNDB13,26,2035,0.3071093811424439
REGION1,PWRWNDB13,27,2035,0.3762221752189729
REGION1,PWRWNDB13,28,2035,0.460003230572621
REGION1,PWRWNDB13,29,2035,0.6229899527983184
REGION1,PWRWNDB13,30,2035,0.6681572485353141
REGION1,PWRWNDB13,31,2035,0.7021074019665628
REGION1,PWRWNDB13,32,2035,0.6771229279257863
REGION1,PWRWNDB13,33,2035,0.4330712155782949
REGION1,PWRWNDB13,34,2035,0.4299826471594676
REGION1,PWRWNDB13,35,2035,0.2836452296893212
REGION1,PWRWNDB13,36,2035,0.2211744267530695
REGION1,PWRWNDB13,37,2035,0.4914934153160334
REGION1,PWRWNDB13,38,2035,0.4881975623930899
REGION1,PWRWNDB13,39,2035,0.5166825272218923
REGION1,PWRWNDB13,40,2035,0.4563697205340997
REGION1,PWRWNDB13,1,2036,0.6463368816140083
REGION1,PWRWNDB13,2,2036,0.6173557782689558
REGION1,PWRWNDB13,3,2036,0.5768393921068565
REGION1,PWRWNDB13,4,2036,0.6180737211563897
REGION1,PWRWNDB13,5,2036,0.4547282331149869
REGION1,PWRWNDB13,6,2036,0.3347109991940983
REGION1,PWRWNDB13,7,2036,0.3264611988571115
REGION1,PWRWNDB13,8,2036,0.5735314410311451
REGION1,PWRWNDB13,9,2036,0.2003804459467138
REGION1,PWRWNDB13,10,2036,0.1457809432330843
REGION1,PWRWNDB13,11,2036,0.140734469800069
REGION1,PWRWNDB13,12,2036,0.2727378093946944
REGION1,PWRWNDB13,13,2036,0.4124338996624123
REGION1,PWRWNDB13,14,2036,0.218919038667428
REGION1,PWRWNDB13,15,2036,0.1430913483481526
REGION1,PWRWNDB13,16,2036,0.4624666068121858
REGION1,PWRWNDB13,17,2036,0.7082036428635421
REGION1,PWRWNDB13,18,2036,0.6857807746372422
REGION1,PWRWNDB13,19,2036,0.6938808281219054
REGION1,PWRWNDB13,20,2036,0.7174100217163436
REGION1,PWRWNDB13,21,2036,0.1596884553500249
REGION1,PWRWNDB13,22,2036,0.1901551842229049
REGION1,PWRWNDB13,23,2036,0.224547215251489
REGION1,PWRWNDB13,24,2036,0.1877326511510803
REGION1,PWRWNDB13,25,2036,0.2174142279505201
REGION1,PWRWNDB13,26,2036,0.3071093811424439
REGION1,PWRWNDB13,27,2036,0.3762221752189729
REGION1,PWRWNDB13,28,2036,0.460003230572621
REGION1,PWRWNDB13,29,2036,0.6229899527983184
REGION1,PWRWNDB13,30,2036,0.6681572485353141
REGION1,PWRWNDB13,31,2036,0.7021074019665628
REGION1,PWRWNDB13,32,2036,0.6771229279257863
REGION1,PWRWNDB13,33,2036,0.4330712155782949
REGION1,PWRWNDB13,34,2036,0.4299826471594676
REGION1,PWRWNDB13,35,2036,0.2836452296893212
REGION1,PWRWNDB13,36,2036,0.2211744267530695
REGION1,PWRWNDB13,37,2036,0.4914934153160334
REGION1,PWRWNDB13,38,2036,0.4881975623930899
REGION1,PWRWNDB13,39,2036,0.5166825272218923
REGION1,PWRWNDB13,40,2036,0.4563697205340997
REGION1,PWRWNDB13,1,2037,0.6463368816140083
REGION1,PWRWNDB13,2,2037,0.6173557782689558
REGION1,PWRWNDB13,3,2037,0.5768393921068565
REGION1,PWRWNDB13,4,2037,0.6180737211563897
REGION1,PWRWNDB13,5,2037,0.4547282331149869
REGION1,PWRWNDB13,6,2037,0.3347109991940983
REGION1,PWRWNDB13,7,2037,0.3264611988571115
REGION1,PWRWNDB13,8,2037,0.5735314410311451
REGION1,PWRWNDB13,9,2037,0.2003804459467138
REGION1,PWRWNDB13,10,2037,0.1457809432330843
REGION1,PWRWNDB13,11,2037,0.140734469800069
REGION1,PWRWNDB13,12,2037,0.2727378093946944
REGION1,PWRWNDB13,13,2037,0.4124338996624123
REGION1,PWRWNDB13,14,2037,0.218919038667428
REGION1,PWRWNDB13,15,2037,0.1430913483481526
REGION1,PWRWNDB13,16,2037,0.4624666068121858
REGION1,PWRWNDB13,17,2037,0.7082036428635421
REGION1,PWRWNDB13,18,2037,0.6857807746372422
REGION1,PWRWNDB13,19,2037,0.6938808281219054
REGION1,PWRWNDB13,20,2037,0.7174100217163436
REGION1,PWRWNDB13,21,2037,0.1596884553500249
REGION1,PWRWNDB13,22,2037,0.1901551842229049
REGION1,PWRWNDB13,23,2037,0.224547215251489
REGION1,PWRWNDB13,24,2037,0.1877326511510803
REGION1,PWRWNDB13,25,2037,0.2174142279505201
REGION1,PWRWNDB13,26,2037,0.3071093811424439
REGION1,PWRWNDB13,27,2037,0.3762221752189729
REGION1,PWRWNDB13,28,2037,0.460003230572621
REGION1,PWRWNDB13,29,2037,0.6229899527983184
REGION1,PWRWNDB13,30,2037,0.6681572485353141
REGION1,PWRWNDB13,31,2037,0.7021074019665628
REGION1,PWRWNDB13,32,2037,0.6771229279257863
REGION1,PWRWNDB13,33,2037,0.4330712155782949
REGION1,PWRWNDB13,34,2037,0.4299826471594676
REGION1,PWRWNDB13,35,2037,0.2836452296893212
REGION1,PWRWNDB13,36,2037,0.2211744267530695
REGION1,PWRWNDB13,37,2037,0.4914934153160334
REGION1,PWRWNDB13,38,2037,0.4881975623930899
REGION1,PWRWNDB13,39,2037,0.5166825272218923
REGION1,PWRWNDB13,40,2037,0.4563697205340997
REGION1,PWRWNDB13,1,2038,0.6463368816140083
REGION1,PWRWNDB13,2,2038,0.6173557782689558
REGION1,PWRWNDB13,3,2038,0.5768393921068565
REGION1,PWRWNDB13,4,2038,0.6180737211563897
REGION1,PWRWNDB13,5,2038,0.4547282331149869
REGION1,PWRWNDB13,6,2038,0.3347109991940983
REGION1,PWRWNDB13,7,2038,0.3264611988571115
REGION1,PWRWNDB13,8,2038,0.5735314410311451
REGION1,PWRWNDB13,9,2038,0.2003804459467138
REGION1,PWRWNDB13,10,2038,0.1457809432330843
REGION1,PWRWNDB13,11,2038,0.140734469800069
REGION1,PWRWNDB13,12,2038,0.2727378093946944
REGION1,PWRWNDB13,13,2038,0.4124338996624123
REGION1,PWRWNDB13,14,2038,0.218919038667428
REGION1,PWRWNDB13,15,2038,0.1430913483481526
REGION1,PWRWNDB13,16,2038,0.4624666068121858
REGION1,PWRWNDB13,17,2038,0.7082036428635421
REGION1,PWRWNDB13,18,2038,0.6857807746372422
REGION1,PWRWNDB13,19,2038,0.6938808281219054
REGION1,PWRWNDB13,20,2038,0.7174100217163436
REGION1,PWRWNDB13,21,2038,0.1596884553500249
REGION1,PWRWNDB13,22,2038,0.1901551842229049
REGION1,PWRWNDB13,23,2038,0.224547215251489
REGION1,PWRWNDB13,24,2038,0.1877326511510803
REGION1,PWRWNDB13,25,2038,0.2174142279505201
REGION1,PWRWNDB13,26,2038,0.3071093811424439
REGION1,PWRWNDB13,27,2038,0.3762221752189729
REGION1,PWRWNDB13,28,2038,0.460003230572621
REGION1,PWRWNDB13,29,2038,0.6229899527983184
REGION1,PWRWNDB13,30,2038,0.6681572485353141
REGION1,PWRWNDB13,31,2038,0.7021074019665628
REGION1,PWRWNDB13,32,2038,0.6771229279257863
REGION1,PWRWNDB13,33,2038,0.4330712155782949
REGION1,PWRWNDB13,34,2038,0.4299826471594676
REGION1,PWRWNDB13,35,2038,0.2836452296893212
REGION1,PWRWNDB13,36,2038,0.2211744267530695
REGION1,PWRWNDB13,37,2038,0.4914934153160334
REGION1,PWRWNDB13,38,2038,0.4881975623930899
REGION1,PWRWNDB13,39,2038,0.5166825272218923
REGION1,PWRWNDB13,40,2038,0.4563697205340997
REGION1,PWRWNDB13,1,2039,0.6463368816140083
REGION1,PWRWNDB13,2,2039,0.6173557782689558
REGION1,PWRWNDB13,3,2039,0.5768393921068565
REGION1,PWRWNDB13,4,2039,0.6180737211563897
REGION1,PWRWNDB13,5,2039,0.4547282331149869
REGION1,PWRWNDB13,6,2039,0.3347109991940983
REGION1,PWRWNDB13,7,2039,0.3264611988571115
REGION1,PWRWNDB13,8,2039,0.5735314410311451
REGION1,PWRWNDB13,9,2039,0.2003804459467138
REGION1,PWRWNDB13,10,2039,0.1457809432330843
REGION1,PWRWNDB13,11,2039,0.140734469800069
REGION1,PWRWNDB13,12,2039,0.2727378093946944
REGION1,PWRWNDB13,13,2039,0.4124338996624123
REGION1,PWRWNDB13,14,2039,0.218919038667428
REGION1,PWRWNDB13,15,2039,0.1430913483481526
REGION1,PWRWNDB13,16,2039,0.4624666068121858
REGION1,PWRWNDB13,17,2039,0.7082036428635421
REGION1,PWRWNDB13,18,2039,0.6857807746372422
REGION1,PWRWNDB13,19,2039,0.6938808281219054
REGION1,PWRWNDB13,20,2039,0.7174100217163436
REGION1,PWRWNDB13,21,2039,0.1596884553500249
REGION1,PWRWNDB13,22,2039,0.1901551842229049
REGION1,PWRWNDB13,23,2039,0.224547215251489
REGION1,PWRWNDB13,24,2039,0.1877326511510803
REGION1,PWRWNDB13,25,2039,0.2174142279505201
REGION1,PWRWNDB13,26,2039,0.3071093811424439
REGION1,PWRWNDB13,27,2039,0.3762221752189729
REGION1,PWRWNDB13,28,2039,0.460003230572621
REGION1,PWRWNDB13,29,2039,0.6229899527983184
REGION1,PWRWNDB13,30,2039,0.6681572485353141
REGION1,PWRWNDB13,31,2039,0.7021074019665628
REGION1,PWRWNDB13,32,2039,0.6771229279257863
REGION1,PWRWNDB13,33,2039,0.4330712155782949
REGION1,PWRWNDB13,34,2039,0.4299826471594676
REGION1,PWRWNDB13,35,2039,0.2836452296893212
REGION1,PWRWNDB13,36,2039,0.2211744267530695
REGION1,PWRWNDB13,37,2039,0.4914934153160334
REGION1,PWRWNDB13,38,2039,0.4881975623930899
REGION1,PWRWNDB13,39,2039,0.5166825272218923
REGION1,PWRWNDB13,40,2039,0.4563697205340997
REGION1,PWRWNDB13,1,2040,0.6463368816140083
REGION1,PWRWNDB13,2,2040,0.6173557782689558
REGION1,PWRWNDB13,3,2040,0.5768393921068565
REGION1,PWRWNDB13,4,2040,0.6180737211563897
REGION1,PWRWNDB13,5,2040,0.4547282331149869
REGION1,PWRWNDB13,6,2040,0.3347109991940983
REGION1,PWRWNDB13,7,2040,0.3264611988571115
REGION1,PWRWNDB13,8,2040,0.5735314410311451
REGION1,PWRWNDB13,9,2040,0.2003804459467138
REGION1,PWRWNDB13,10,2040,0.1457809432330843
REGION1,PWRWNDB13,11,2040,0.140734469800069
REGION1,PWRWNDB13,12,2040,0.2727378093946944
REGION1,PWRWNDB13,13,2040,0.4124338996624123
REGION1,PWRWNDB13,14,2040,0.218919038667428
REGION1,PWRWNDB13,15,2040,0.1430913483481526
REGION1,PWRWNDB13,16,2040,0.4624666068121858
REGION1,PWRWNDB13,17,2040,0.7082036428635421
REGION1,PWRWNDB13,18,2040,0.6857807746372422
REGION1,PWRWNDB13,19,2040,0.6938808281219054
REGION1,PWRWNDB13,20,2040,0.7174100217163436
REGION1,PWRWNDB13,21,2040,0.1596884553500249
REGION1,PWRWNDB13,22,2040,0.1901551842229049
REGION1,PWRWNDB13,23,2040,0.224547215251489
REGION1,PWRWNDB13,24,2040,0.1877326511510803
REGION1,PWRWNDB13,25,2040,0.2174142279505201
REGION1,PWRWNDB13,26,2040,0.3071093811424439
REGION1,PWRWNDB13,27,2040,0.3762221752189729
REGION1,PWRWNDB13,28,2040,0.460003230572621
REGION1,PWRWNDB13,29,2040,0.6229899527983184
REGION1,PWRWNDB13,30,2040,0.6681572485353141
REGION1,PWRWNDB13,31,2040,0.7021074019665628
REGION1,PWRWNDB13,32,2040,0.6771229279257863
REGION1,PWRWNDB13,33,2040,0.4330712155782949
REGION1,PWRWNDB13,34,2040,0.4299826471594676
REGION1,PWRWNDB13,35,2040,0.2836452296893212
REGION1,PWRWNDB13,36,2040,0.2211744267530695
REGION1,PWRWNDB13,37,2040,0.4914934153160334
REGION1,PWRWNDB13,38,2040,0.4881975623930899
REGION1,PWRWNDB13,39,2040,0.5166825272218923
REGION1,PWRWNDB13,40,2040,0.4563697205340997
REGION1,PWRWNDB13,1,2041,0.6463368816140083
REGION1,PWRWNDB13,2,2041,0.6173557782689558
REGION1,PWRWNDB13,3,2041,0.5768393921068565
REGION1,PWRWNDB13,4,2041,0.6180737211563897
REGION1,PWRWNDB13,5,2041,0.4547282331149869
REGION1,PWRWNDB13,6,2041,0.3347109991940983
REGION1,PWRWNDB13,7,2041,0.3264611988571115
REGION1,PWRWNDB13,8,2041,0.5735314410311451
REGION1,PWRWNDB13,9,2041,0.2003804459467138
REGION1,PWRWNDB13,10,2041,0.1457809432330843
REGION1,PWRWNDB13,11,2041,0.140734469800069
REGION1,PWRWNDB13,12,2041,0.2727378093946944
REGION1,PWRWNDB13,13,2041,0.4124338996624123
REGION1,PWRWNDB13,14,2041,0.218919038667428
REGION1,PWRWNDB13,15,2041,0.1430913483481526
REGION1,PWRWNDB13,16,2041,0.4624666068121858
REGION1,PWRWNDB13,17,2041,0.7082036428635421
REGION1,PWRWNDB13,18,2041,0.6857807746372422
REGION1,PWRWNDB13,19,2041,0.6938808281219054
REGION1,PWRWNDB13,20,2041,0.7174100217163436
REGION1,PWRWNDB13,21,2041,0.1596884553500249
REGION1,PWRWNDB13,22,2041,0.1901551842229049
REGION1,PWRWNDB13,23,2041,0.224547215251489
REGION1,PWRWNDB13,24,2041,0.1877326511510803
REGION1,PWRWNDB13,25,2041,0.2174142279505201
REGION1,PWRWNDB13,26,2041,0.3071093811424439
REGION1,PWRWNDB13,27,2041,0.3762221752189729
REGION1,PWRWNDB13,28,2041,0.460003230572621
REGION1,PWRWNDB13,29,2041,0.6229899527983184
REGION1,PWRWNDB13,30,2041,0.6681572485353141
REGION1,PWRWNDB13,31,2041,0.7021074019665628
REGION1,PWRWNDB13,32,2041,0.6771229279257863
REGION1,PWRWNDB13,33,2041,0.4330712155782949
REGION1,PWRWNDB13,34,2041,0.4299826471594676
REGION1,PWRWNDB13,35,2041,0.2836452296893212
REGION1,PWRWNDB13,36,2041,0.2211744267530695
REGION1,PWRWNDB13,37,2041,0.4914934153160334
REGION1,PWRWNDB13,38,2041,0.4881975623930899
REGION1,PWRWNDB13,39,2041,0.5166825272218923
REGION1,PWRWNDB13,40,2041,0.4563697205340997
REGION1,PWRWNDB13,1,2042,0.6463368816140083
REGION1,PWRWNDB13,2,2042,0.6173557782689558
REGION1,PWRWNDB13,3,2042,0.5768393921068565
REGION1,PWRWNDB13,4,2042,0.6180737211563897
REGION1,PWRWNDB13,5,2042,0.4547282331149869
REGION1,PWRWNDB13,6,2042,0.3347109991940983
REGION1,PWRWNDB13,7,2042,0.3264611988571115
REGION1,PWRWNDB13,8,2042,0.5735314410311451
REGION1,PWRWNDB13,9,2042,0.2003804459467138
REGION1,PWRWNDB13,10,2042,0.1457809432330843
REGION1,PWRWNDB13,11,2042,0.140734469800069
REGION1,PWRWNDB13,12,2042,0.2727378093946944
REGION1,PWRWNDB13,13,2042,0.4124338996624123
REGION1,PWRWNDB13,14,2042,0.218919038667428
REGION1,PWRWNDB13,15,2042,0.1430913483481526
REGION1,PWRWNDB13,16,2042,0.4624666068121858
REGION1,PWRWNDB13,17,2042,0.7082036428635421
REGION1,PWRWNDB13,18,2042,0.6857807746372422
REGION1,PWRWNDB13,19,2042,0.6938808281219054
REGION1,PWRWNDB13,20,2042,0.7174100217163436
REGION1,PWRWNDB13,21,2042,0.1596884553500249
REGION1,PWRWNDB13,22,2042,0.1901551842229049
REGION1,PWRWNDB13,23,2042,0.224547215251489
REGION1,PWRWNDB13,24,2042,0.1877326511510803
REGION1,PWRWNDB13,25,2042,0.2174142279505201
REGION1,PWRWNDB13,26,2042,0.3071093811424439
REGION1,PWRWNDB13,27,2042,0.3762221752189729
REGION1,PWRWNDB13,28,2042,0.460003230572621
REGION1,PWRWNDB13,29,2042,0.6229899527983184
REGION1,PWRWNDB13,30,2042,0.6681572485353141
REGION1,PWRWNDB13,31,2042,0.7021074019665628
REGION1,PWRWNDB13,32,2042,0.6771229279257863
REGION1,PWRWNDB13,33,2042,0.4330712155782949
REGION1,PWRWNDB13,34,2042,0.4299826471594676
REGION1,PWRWNDB13,35,2042,0.2836452296893212
REGION1,PWRWNDB13,36,2042,0.2211744267530695
REGION1,PWRWNDB13,37,2042,0.4914934153160334
REGION1,PWRWNDB13,38,2042,0.4881975623930899
REGION1,PWRWNDB13,39,2042,0.5166825272218923
REGION1,PWRWNDB13,40,2042,0.4563697205340997
REGION1,PWRWNDB13,1,2043,0.6463368816140083
REGION1,PWRWNDB13,2,2043,0.6173557782689558
REGION1,PWRWNDB13,3,2043,0.5768393921068565
REGION1,PWRWNDB13,4,2043,0.6180737211563897
REGION1,PWRWNDB13,5,2043,0.4547282331149869
REGION1,PWRWNDB13,6,2043,0.3347109991940983
REGION1,PWRWNDB13,7,2043,0.3264611988571115
REGION1,PWRWNDB13,8,2043,0.5735314410311451
REGION1,PWRWNDB13,9,2043,0.2003804459467138
REGION1,PWRWNDB13,10,2043,0.1457809432330843
REGION1,PWRWNDB13,11,2043,0.140734469800069
REGION1,PWRWNDB13,12,2043,0.2727378093946944
REGION1,PWRWNDB13,13,2043,0.4124338996624123
REGION1,PWRWNDB13,14,2043,0.218919038667428
REGION1,PWRWNDB13,15,2043,0.1430913483481526
REGION1,PWRWNDB13,16,2043,0.4624666068121858
REGION1,PWRWNDB13,17,2043,0.7082036428635421
REGION1,PWRWNDB13,18,2043,0.6857807746372422
REGION1,PWRWNDB13,19,2043,0.6938808281219054
REGION1,PWRWNDB13,20,2043,0.7174100217163436
REGION1,PWRWNDB13,21,2043,0.1596884553500249
REGION1,PWRWNDB13,22,2043,0.1901551842229049
REGION1,PWRWNDB13,23,2043,0.224547215251489
REGION1,PWRWNDB13,24,2043,0.1877326511510803
REGION1,PWRWNDB13,25,2043,0.2174142279505201
REGION1,PWRWNDB13,26,2043,0.3071093811424439
REGION1,PWRWNDB13,27,2043,0.3762221752189729
REGION1,PWRWNDB13,28,2043,0.460003230572621
REGION1,PWRWNDB13,29,2043,0.6229899527983184
REGION1,PWRWNDB13,30,2043,0.6681572485353141
REGION1,PWRWNDB13,31,2043,0.7021074019665628
REGION1,PWRWNDB13,32,2043,0.6771229279257863
REGION1,PWRWNDB13,33,2043,0.4330712155782949
REGION1,PWRWNDB13,34,2043,0.4299826471594676
REGION1,PWRWNDB13,35,2043,0.2836452296893212
REGION1,PWRWNDB13,36,2043,0.2211744267530695
REGION1,PWRWNDB13,37,2043,0.4914934153160334
REGION1,PWRWNDB13,38,2043,0.4881975623930899
REGION1,PWRWNDB13,39,2043,0.5166825272218923
REGION1,PWRWNDB13,40,2043,0.4563697205340997
REGION1,PWRWNDB13,1,2044,0.6463368816140083
REGION1,PWRWNDB13,2,2044,0.6173557782689558
REGION1,PWRWNDB13,3,2044,0.5768393921068565
REGION1,PWRWNDB13,4,2044,0.6180737211563897
REGION1,PWRWNDB13,5,2044,0.4547282331149869
REGION1,PWRWNDB13,6,2044,0.3347109991940983
REGION1,PWRWNDB13,7,2044,0.3264611988571115
REGION1,PWRWNDB13,8,2044,0.5735314410311451
REGION1,PWRWNDB13,9,2044,0.2003804459467138
REGION1,PWRWNDB13,10,2044,0.1457809432330843
REGION1,PWRWNDB13,11,2044,0.140734469800069
REGION1,PWRWNDB13,12,2044,0.2727378093946944
REGION1,PWRWNDB13,13,2044,0.4124338996624123
REGION1,PWRWNDB13,14,2044,0.218919038667428
REGION1,PWRWNDB13,15,2044,0.1430913483481526
REGION1,PWRWNDB13,16,2044,0.4624666068121858
REGION1,PWRWNDB13,17,2044,0.7082036428635421
REGION1,PWRWNDB13,18,2044,0.6857807746372422
REGION1,PWRWNDB13,19,2044,0.6938808281219054
REGION1,PWRWNDB13,20,2044,0.7174100217163436
REGION1,PWRWNDB13,21,2044,0.1596884553500249
REGION1,PWRWNDB13,22,2044,0.1901551842229049
REGION1,PWRWNDB13,23,2044,0.224547215251489
REGION1,PWRWNDB13,24,2044,0.1877326511510803
REGION1,PWRWNDB13,25,2044,0.2174142279505201
REGION1,PWRWNDB13,26,2044,0.3071093811424439
REGION1,PWRWNDB13,27,2044,0.3762221752189729
REGION1,PWRWNDB13,28,2044,0.460003230572621
REGION1,PWRWNDB13,29,2044,0.6229899527983184
REGION1,PWRWNDB13,30,2044,0.6681572485353141
REGION1,PWRWNDB13,31,2044,0.7021074019665628
REGION1,PWRWNDB13,32,2044,0.6771229279257863
REGION1,PWRWNDB13,33,2044,0.4330712155782949
REGION1,PWRWNDB13,34,2044,0.4299826471594676
REGION1,PWRWNDB13,35,2044,0.2836452296893212
REGION1,PWRWNDB13,36,2044,0.2211744267530695
REGION1,PWRWNDB13,37,2044,0.4914934153160334
REGION1,PWRWNDB13,38,2044,0.4881975623930899
REGION1,PWRWNDB13,39,2044,0.5166825272218923
REGION1,PWRWNDB13,40,2044,0.4563697205340997
REGION1,PWRWNDB13,1,2045,0.6463368816140083
REGION1,PWRWNDB13,2,2045,0.6173557782689558
REGION1,PWRWNDB13,3,2045,0.5768393921068565
REGION1,PWRWNDB13,4,2045,0.6180737211563897
REGION1,PWRWNDB13,5,2045,0.4547282331149869
REGION1,PWRWNDB13,6,2045,0.3347109991940983
REGION1,PWRWNDB13,7,2045,0.3264611988571115
REGION1,PWRWNDB13,8,2045,0.5735314410311451
REGION1,PWRWNDB13,9,2045,0.2003804459467138
REGION1,PWRWNDB13,10,2045,0.1457809432330843
REGION1,PWRWNDB13,11,2045,0.140734469800069
REGION1,PWRWNDB13,12,2045,0.2727378093946944
REGION1,PWRWNDB13,13,2045,0.4124338996624123
REGION1,PWRWNDB13,14,2045,0.218919038667428
REGION1,PWRWNDB13,15,2045,0.1430913483481526
REGION1,PWRWNDB13,16,2045,0.4624666068121858
REGION1,PWRWNDB13,17,2045,0.7082036428635421
REGION1,PWRWNDB13,18,2045,0.6857807746372422
REGION1,PWRWNDB13,19,2045,0.6938808281219054
REGION1,PWRWNDB13,20,2045,0.7174100217163436
REGION1,PWRWNDB13,21,2045,0.1596884553500249
REGION1,PWRWNDB13,22,2045,0.1901551842229049
REGION1,PWRWNDB13,23,2045,0.224547215251489
REGION1,PWRWNDB13,24,2045,0.1877326511510803
REGION1,PWRWNDB13,25,2045,0.2174142279505201
REGION1,PWRWNDB13,26,2045,0.3071093811424439
REGION1,PWRWNDB13,27,2045,0.3762221752189729
REGION1,PWRWNDB13,28,2045,0.460003230572621
REGION1,PWRWNDB13,29,2045,0.6229899527983184
REGION1,PWRWNDB13,30,2045,0.6681572485353141
REGION1,PWRWNDB13,31,2045,0.7021074019665628
REGION1,PWRWNDB13,32,2045,0.6771229279257863
REGION1,PWRWNDB13,33,2045,0.4330712155782949
REGION1,PWRWNDB13,34,2045,0.4299826471594676
REGION1,PWRWNDB13,35,2045,0.2836452296893212
REGION1,PWRWNDB13,36,2045,0.2211744267530695
REGION1,PWRWNDB13,37,2045,0.4914934153160334
REGION1,PWRWNDB13,38,2045,0.4881975623930899
REGION1,PWRWNDB13,39,2045,0.5166825272218923
REGION1,PWRWNDB13,40,2045,0.4563697205340997
REGION1,PWRWNDB13,1,2046,0.6463368816140083
REGION1,PWRWNDB13,2,2046,0.6173557782689558
REGION1,PWRWNDB13,3,2046,0.5768393921068565
REGION1,PWRWNDB13,4,2046,0.6180737211563897
REGION1,PWRWNDB13,5,2046,0.4547282331149869
REGION1,PWRWNDB13,6,2046,0.3347109991940983
REGION1,PWRWNDB13,7,2046,0.3264611988571115
REGION1,PWRWNDB13,8,2046,0.5735314410311451
REGION1,PWRWNDB13,9,2046,0.2003804459467138
REGION1,PWRWNDB13,10,2046,0.1457809432330843
REGION1,PWRWNDB13,11,2046,0.140734469800069
REGION1,PWRWNDB13,12,2046,0.2727378093946944
REGION1,PWRWNDB13,13,2046,0.4124338996624123
REGION1,PWRWNDB13,14,2046,0.218919038667428
REGION1,PWRWNDB13,15,2046,0.1430913483481526
REGION1,PWRWNDB13,16,2046,0.4624666068121858
REGION1,PWRWNDB13,17,2046,0.7082036428635421
REGION1,PWRWNDB13,18,2046,0.6857807746372422
REGION1,PWRWNDB13,19,2046,0.6938808281219054
REGION1,PWRWNDB13,20,2046,0.7174100217163436
REGION1,PWRWNDB13,21,2046,0.1596884553500249
REGION1,PWRWNDB13,22,2046,0.1901551842229049
REGION1,PWRWNDB13,23,2046,0.224547215251489
REGION1,PWRWNDB13,24,2046,0.1877326511510803
REGION1,PWRWNDB13,25,2046,0.2174142279505201
REGION1,PWRWNDB13,26,2046,0.3071093811424439
REGION1,PWRWNDB13,27,2046,0.3762221752189729
REGION1,PWRWNDB13,28,2046,0.460003230572621
REGION1,PWRWNDB13,29,2046,0.6229899527983184
REGION1,PWRWNDB13,30,2046,0.6681572485353141
REGION1,PWRWNDB13,31,2046,0.7021074019665628
REGION1,PWRWNDB13,32,2046,0.6771229279257863
REGION1,PWRWNDB13,33,2046,0.4330712155782949
REGION1,PWRWNDB13,34,2046,0.4299826471594676
REGION1,PWRWNDB13,35,2046,0.2836452296893212
REGION1,PWRWNDB13,36,2046,0.2211744267530695
REGION1,PWRWNDB13,37,2046,0.4914934153160334
REGION1,PWRWNDB13,38,2046,0.4881975623930899
REGION1,PWRWNDB13,39,2046,0.5166825272218923
REGION1,PWRWNDB13,40,2046,0.4563697205340997
REGION1,PWRWNDB13,1,2047,0.6463368816140083
REGION1,PWRWNDB13,2,2047,0.6173557782689558
REGION1,PWRWNDB13,3,2047,0.5768393921068565
REGION1,PWRWNDB13,4,2047,0.6180737211563897
REGION1,PWRWNDB13,5,2047,0.4547282331149869
REGION1,PWRWNDB13,6,2047,0.3347109991940983
REGION1,PWRWNDB13,7,2047,0.3264611988571115
REGION1,PWRWNDB13,8,2047,0.5735314410311451
REGION1,PWRWNDB13,9,2047,0.2003804459467138
REGION1,PWRWNDB13,10,2047,0.1457809432330843
REGION1,PWRWNDB13,11,2047,0.140734469800069
REGION1,PWRWNDB13,12,2047,0.2727378093946944
REGION1,PWRWNDB13,13,2047,0.4124338996624123
REGION1,PWRWNDB13,14,2047,0.218919038667428
REGION1,PWRWNDB13,15,2047,0.1430913483481526
REGION1,PWRWNDB13,16,2047,0.4624666068121858
REGION1,PWRWNDB13,17,2047,0.7082036428635421
REGION1,PWRWNDB13,18,2047,0.6857807746372422
REGION1,PWRWNDB13,19,2047,0.6938808281219054
REGION1,PWRWNDB13,20,2047,0.7174100217163436
REGION1,PWRWNDB13,21,2047,0.1596884553500249
REGION1,PWRWNDB13,22,2047,0.1901551842229049
REGION1,PWRWNDB13,23,2047,0.224547215251489
REGION1,PWRWNDB13,24,2047,0.1877326511510803
REGION1,PWRWNDB13,25,2047,0.2174142279505201
REGION1,PWRWNDB13,26,2047,0.3071093811424439
REGION1,PWRWNDB13,27,2047,0.3762221752189729
REGION1,PWRWNDB13,28,2047,0.460003230572621
REGION1,PWRWNDB13,29,2047,0.6229899527983184
REGION1,PWRWNDB13,30,2047,0.6681572485353141
REGION1,PWRWNDB13,31,2047,0.7021074019665628
REGION1,PWRWNDB13,32,2047,0.6771229279257863
REGION1,PWRWNDB13,33,2047,0.4330712155782949
REGION1,PWRWNDB13,34,2047,0.4299826471594676
REGION1,PWRWNDB13,35,2047,0.2836452296893212
REGION1,PWRWNDB13,36,2047,0.2211744267530695
REGION1,PWRWNDB13,37,2047,0.4914934153160334
REGION1,PWRWNDB13,38,2047,0.4881975623930899
REGION1,PWRWNDB13,39,2047,0.5166825272218923
REGION1,PWRWNDB13,40,2047,0.4563697205340997
REGION1,PWRWNDB13,1,2048,0.6463368816140083
REGION1,PWRWNDB13,2,2048,0.6173557782689558
REGION1,PWRWNDB13,3,2048,0.5768393921068565
REGION1,PWRWNDB13,4,2048,0.6180737211563897
REGION1,PWRWNDB13,5,2048,0.4547282331149869
REGION1,PWRWNDB13,6,2048,0.3347109991940983
REGION1,PWRWNDB13,7,2048,0.3264611988571115
REGION1,PWRWNDB13,8,2048,0.5735314410311451
REGION1,PWRWNDB13,9,2048,0.2003804459467138
REGION1,PWRWNDB13,10,2048,0.1457809432330843
REGION1,PWRWNDB13,11,2048,0.140734469800069
REGION1,PWRWNDB13,12,2048,0.2727378093946944
REGION1,PWRWNDB13,13,2048,0.4124338996624123
REGION1,PWRWNDB13,14,2048,0.218919038667428
REGION1,PWRWNDB13,15,2048,0.1430913483481526
REGION1,PWRWNDB13,16,2048,0.4624666068121858
REGION1,PWRWNDB13,17,2048,0.7082036428635421
REGION1,PWRWNDB13,18,2048,0.6857807746372422
REGION1,PWRWNDB13,19,2048,0.6938808281219054
REGION1,PWRWNDB13,20,2048,0.7174100217163436
REGION1,PWRWNDB13,21,2048,0.1596884553500249
REGION1,PWRWNDB13,22,2048,0.1901551842229049
REGION1,PWRWNDB13,23,2048,0.224547215251489
REGION1,PWRWNDB13,24,2048,0.1877326511510803
REGION1,PWRWNDB13,25,2048,0.2174142279505201
REGION1,PWRWNDB13,26,2048,0.3071093811424439
REGION1,PWRWNDB13,27,2048,0.3762221752189729
REGION1,PWRWNDB13,28,2048,0.460003230572621
REGION1,PWRWNDB13,29,2048,0.6229899527983184
REGION1,PWRWNDB13,30,2048,0.6681572485353141
REGION1,PWRWNDB13,31,2048,0.7021074019665628
REGION1,PWRWNDB13,32,2048,0.6771229279257863
REGION1,PWRWNDB13,33,2048,0.4330712155782949
REGION1,PWRWNDB13,34,2048,0.4299826471594676
REGION1,PWRWNDB13,35,2048,0.2836452296893212
REGION1,PWRWNDB13,36,2048,0.2211744267530695
REGION1,PWRWNDB13,37,2048,0.4914934153160334
REGION1,PWRWNDB13,38,2048,0.4881975623930899
REGION1,PWRWNDB13,39,2048,0.5166825272218923
REGION1,PWRWNDB13,40,2048,0.4563697205340997
REGION1,PWRWNDB13,1,2049,0.6463368816140083
REGION1,PWRWNDB13,2,2049,0.6173557782689558
REGION1,PWRWNDB13,3,2049,0.5768393921068565
REGION1,PWRWNDB13,4,2049,0.6180737211563897
REGION1,PWRWNDB13,5,2049,0.4547282331149869
REGION1,PWRWNDB13,6,2049,0.3347109991940983
REGION1,PWRWNDB13,7,2049,0.3264611988571115
REGION1,PWRWNDB13,8,2049,0.5735314410311451
REGION1,PWRWNDB13,9,2049,0.2003804459467138
REGION1,PWRWNDB13,10,2049,0.1457809432330843
REGION1,PWRWNDB13,11,2049,0.140734469800069
REGION1,PWRWNDB13,12,2049,0.2727378093946944
REGION1,PWRWNDB13,13,2049,0.4124338996624123
REGION1,PWRWNDB13,14,2049,0.218919038667428
REGION1,PWRWNDB13,15,2049,0.1430913483481526
REGION1,PWRWNDB13,16,2049,0.4624666068121858
REGION1,PWRWNDB13,17,2049,0.7082036428635421
REGION1,PWRWNDB13,18,2049,0.6857807746372422
REGION1,PWRWNDB13,19,2049,0.6938808281219054
REGION1,PWRWNDB13,20,2049,0.7174100217163436
REGION1,PWRWNDB13,21,2049,0.1596884553500249
REGION1,PWRWNDB13,22,2049,0.1901551842229049
REGION1,PWRWNDB13,23,2049,0.224547215251489
REGION1,PWRWNDB13,24,2049,0.1877326511510803
REGION1,PWRWNDB13,25,2049,0.2174142279505201
REGION1,PWRWNDB13,26,2049,0.3071093811424439
REGION1,PWRWNDB13,27,2049,0.3762221752189729
REGION1,PWRWNDB13,28,2049,0.460003230572621
REGION1,PWRWNDB13,29,2049,0.6229899527983184
REGION1,PWRWNDB13,30,2049,0.6681572485353141
REGION1,PWRWNDB13,31,2049,0.7021074019665628
REGION1,PWRWNDB13,32,2049,0.6771229279257863
REGION1,PWRWNDB13,33,2049,0.4330712155782949
REGION1,PWRWNDB13,34,2049,0.4299826471594676
REGION1,PWRWNDB13,35,2049,0.2836452296893212
REGION1,PWRWNDB13,36,2049,0.2211744267530695
REGION1,PWRWNDB13,37,2049,0.4914934153160334
REGION1,PWRWNDB13,38,2049,0.4881975623930899
REGION1,PWRWNDB13,39,2049,0.5166825272218923
REGION1,PWRWNDB13,40,2049,0.4563697205340997
REGION1,PWRWNDB13,1,2050,0.6463368816140083
REGION1,PWRWNDB13,2,2050,0.6173557782689558
REGION1,PWRWNDB13,3,2050,0.5768393921068565
REGION1,PWRWNDB13,4,2050,0.6180737211563897
REGION1,PWRWNDB13,5,2050,0.4547282331149869
REGION1,PWRWNDB13,6,2050,0.3347109991940983
REGION1,PWRWNDB13,7,2050,0.3264611988571115
REGION1,PWRWNDB13,8,2050,0.5735314410311451
REGION1,PWRWNDB13,9,2050,0.2003804459467138
REGION1,PWRWNDB13,10,2050,0.1457809432330843
REGION1,PWRWNDB13,11,2050,0.140734469800069
REGION1,PWRWNDB13,12,2050,0.2727378093946944
REGION1,PWRWNDB13,13,2050,0.4124338996624123
REGION1,PWRWNDB13,14,2050,0.218919038667428
REGION1,PWRWNDB13,15,2050,0.1430913483481526
REGION1,PWRWNDB13,16,2050,0.4624666068121858
REGION1,PWRWNDB13,17,2050,0.7082036428635421
REGION1,PWRWNDB13,18,2050,0.6857807746372422
REGION1,PWRWNDB13,19,2050,0.6938808281219054
REGION1,PWRWNDB13,20,2050,0.7174100217163436
REGION1,PWRWNDB13,21,2050,0.1596884553500249
REGION1,PWRWNDB13,22,2050,0.1901551842229049
REGION1,PWRWNDB13,23,2050,0.224547215251489
REGION1,PWRWNDB13,24,2050,0.1877326511510803
REGION1,PWRWNDB13,25,2050,0.2174142279505201
REGION1,PWRWNDB13,26,2050,0.3071093811424439
REGION1,PWRWNDB13,27,2050,0.3762221752189729
REGION1,PWRWNDB13,28,2050,0.460003230572621
REGION1,PWRWNDB13,29,2050,0.6229899527983184
REGION1,PWRWNDB13,30,2050,0.6681572485353141
REGION1,PWRWNDB13,31,2050,0.7021074019665628
REGION1,PWRWNDB13,32,2050,0.6771229279257863
REGION1,PWRWNDB13,33,2050,0.4330712155782949
REGION1,PWRWNDB13,34,2050,0.4299826471594676
REGION1,PWRWNDB13,35,2050,0.2836452296893212
REGION1,PWRWNDB13,36,2050,0.2211744267530695
REGION1,PWRWNDB13,37,2050,0.4914934153160334
REGION1,PWRWNDB13,38,2050,0.4881975623930899
REGION1,PWRWNDB13,39,2050,0.5166825272218923
REGION1,PWRWNDB13,40,2050,0.4563697205340997
REGION1,PWRWNDB14,1,2020,0.6205614995603771
REGION1,PWRWNDB14,2,2020,0.6052958493178506
REGION1,PWRWNDB14,3,2020,0.5518066581039468
REGION1,PWRWNDB14,4,2020,0.5766193427307154
REGION1,PWRWNDB14,5,2020,0.439712787231633
REGION1,PWRWNDB14,6,2020,0.3153470430554586
REGION1,PWRWNDB14,7,2020,0.2748817903693488
REGION1,PWRWNDB14,8,2020,0.5109239518198222
REGION1,PWRWNDB14,9,2020,0.2072923774826779
REGION1,PWRWNDB14,10,2020,0.1351666755398256
REGION1,PWRWNDB14,11,2020,0.12660373274198
REGION1,PWRWNDB14,12,2020,0.2830135017759652
REGION1,PWRWNDB14,13,2020,0.3449933401015073
REGION1,PWRWNDB14,14,2020,0.1741262649041814
REGION1,PWRWNDB14,15,2020,0.1267062036534091
REGION1,PWRWNDB14,16,2020,0.4147142255853857
REGION1,PWRWNDB14,17,2020,0.6900343700659857
REGION1,PWRWNDB14,18,2020,0.667642306083843
REGION1,PWRWNDB14,19,2020,0.6669850005702562
REGION1,PWRWNDB14,20,2020,0.6863394486887623
REGION1,PWRWNDB14,21,2020,0.1739462695728392
REGION1,PWRWNDB14,22,2020,0.2114117542866759
REGION1,PWRWNDB14,23,2020,0.2429006438893271
REGION1,PWRWNDB14,24,2020,0.2129006942759351
REGION1,PWRWNDB14,25,2020,0.1737301207923789
REGION1,PWRWNDB14,26,2020,0.2524798676667967
REGION1,PWRWNDB14,27,2020,0.3138761010987946
REGION1,PWRWNDB14,28,2020,0.3834598988439128
REGION1,PWRWNDB14,29,2020,0.5984101677628194
REGION1,PWRWNDB14,30,2020,0.6312556874840703
REGION1,PWRWNDB14,31,2020,0.6651542121662407
REGION1,PWRWNDB14,32,2020,0.650827521343582
REGION1,PWRWNDB14,33,2020,0.4002906633071457
REGION1,PWRWNDB14,34,2020,0.3824996662678062
REGION1,PWRWNDB14,35,2020,0.2564400291641992
REGION1,PWRWNDB14,36,2020,0.2156515256811761
REGION1,PWRWNDB14,37,2020,0.4615415601081487
REGION1,PWRWNDB14,38,2020,0.4591035713979547
REGION1,PWRWNDB14,39,2020,0.4846034098310366
REGION1,PWRWNDB14,40,2020,0.4328012747130872
REGION1,PWRWNDB14,1,2021,0.6205614995603771
REGION1,PWRWNDB14,2,2021,0.6052958493178506
REGION1,PWRWNDB14,3,2021,0.5518066581039468
REGION1,PWRWNDB14,4,2021,0.5766193427307154
REGION1,PWRWNDB14,5,2021,0.439712787231633
REGION1,PWRWNDB14,6,2021,0.3153470430554586
REGION1,PWRWNDB14,7,2021,0.2748817903693488
REGION1,PWRWNDB14,8,2021,0.5109239518198222
REGION1,PWRWNDB14,9,2021,0.2072923774826779
REGION1,PWRWNDB14,10,2021,0.1351666755398256
REGION1,PWRWNDB14,11,2021,0.12660373274198
REGION1,PWRWNDB14,12,2021,0.2830135017759652
REGION1,PWRWNDB14,13,2021,0.3449933401015073
REGION1,PWRWNDB14,14,2021,0.1741262649041814
REGION1,PWRWNDB14,15,2021,0.1267062036534091
REGION1,PWRWNDB14,16,2021,0.4147142255853857
REGION1,PWRWNDB14,17,2021,0.6900343700659857
REGION1,PWRWNDB14,18,2021,0.667642306083843
REGION1,PWRWNDB14,19,2021,0.6669850005702562
REGION1,PWRWNDB14,20,2021,0.6863394486887623
REGION1,PWRWNDB14,21,2021,0.1739462695728392
REGION1,PWRWNDB14,22,2021,0.2114117542866759
REGION1,PWRWNDB14,23,2021,0.2429006438893271
REGION1,PWRWNDB14,24,2021,0.2129006942759351
REGION1,PWRWNDB14,25,2021,0.1737301207923789
REGION1,PWRWNDB14,26,2021,0.2524798676667967
REGION1,PWRWNDB14,27,2021,0.3138761010987946
REGION1,PWRWNDB14,28,2021,0.3834598988439128
REGION1,PWRWNDB14,29,2021,0.5984101677628194
REGION1,PWRWNDB14,30,2021,0.6312556874840703
REGION1,PWRWNDB14,31,2021,0.6651542121662407
REGION1,PWRWNDB14,32,2021,0.650827521343582
REGION1,PWRWNDB14,33,2021,0.4002906633071457
REGION1,PWRWNDB14,34,2021,0.3824996662678062
REGION1,PWRWNDB14,35,2021,0.2564400291641992
REGION1,PWRWNDB14,36,2021,0.2156515256811761
REGION1,PWRWNDB14,37,2021,0.4615415601081487
REGION1,PWRWNDB14,38,2021,0.4591035713979547
REGION1,PWRWNDB14,39,2021,0.4846034098310366
REGION1,PWRWNDB14,40,2021,0.4328012747130872
REGION1,PWRWNDB14,1,2022,0.6205614995603771
REGION1,PWRWNDB14,2,2022,0.6052958493178506
REGION1,PWRWNDB14,3,2022,0.5518066581039468
REGION1,PWRWNDB14,4,2022,0.5766193427307154
REGION1,PWRWNDB14,5,2022,0.439712787231633
REGION1,PWRWNDB14,6,2022,0.3153470430554586
REGION1,PWRWNDB14,7,2022,0.2748817903693488
REGION1,PWRWNDB14,8,2022,0.5109239518198222
REGION1,PWRWNDB14,9,2022,0.2072923774826779
REGION1,PWRWNDB14,10,2022,0.1351666755398256
REGION1,PWRWNDB14,11,2022,0.12660373274198
REGION1,PWRWNDB14,12,2022,0.2830135017759652
REGION1,PWRWNDB14,13,2022,0.3449933401015073
REGION1,PWRWNDB14,14,2022,0.1741262649041814
REGION1,PWRWNDB14,15,2022,0.1267062036534091
REGION1,PWRWNDB14,16,2022,0.4147142255853857
REGION1,PWRWNDB14,17,2022,0.6900343700659857
REGION1,PWRWNDB14,18,2022,0.667642306083843
REGION1,PWRWNDB14,19,2022,0.6669850005702562
REGION1,PWRWNDB14,20,2022,0.6863394486887623
REGION1,PWRWNDB14,21,2022,0.1739462695728392
REGION1,PWRWNDB14,22,2022,0.2114117542866759
REGION1,PWRWNDB14,23,2022,0.2429006438893271
REGION1,PWRWNDB14,24,2022,0.2129006942759351
REGION1,PWRWNDB14,25,2022,0.1737301207923789
REGION1,PWRWNDB14,26,2022,0.2524798676667967
REGION1,PWRWNDB14,27,2022,0.3138761010987946
REGION1,PWRWNDB14,28,2022,0.3834598988439128
REGION1,PWRWNDB14,29,2022,0.5984101677628194
REGION1,PWRWNDB14,30,2022,0.6312556874840703
REGION1,PWRWNDB14,31,2022,0.6651542121662407
REGION1,PWRWNDB14,32,2022,0.650827521343582
REGION1,PWRWNDB14,33,2022,0.4002906633071457
REGION1,PWRWNDB14,34,2022,0.3824996662678062
REGION1,PWRWNDB14,35,2022,0.2564400291641992
REGION1,PWRWNDB14,36,2022,0.2156515256811761
REGION1,PWRWNDB14,37,2022,0.4615415601081487
REGION1,PWRWNDB14,38,2022,0.4591035713979547
REGION1,PWRWNDB14,39,2022,0.4846034098310366
REGION1,PWRWNDB14,40,2022,0.4328012747130872
REGION1,PWRWNDB14,1,2023,0.6205614995603771
REGION1,PWRWNDB14,2,2023,0.6052958493178506
REGION1,PWRWNDB14,3,2023,0.5518066581039468
REGION1,PWRWNDB14,4,2023,0.5766193427307154
REGION1,PWRWNDB14,5,2023,0.439712787231633
REGION1,PWRWNDB14,6,2023,0.3153470430554586
REGION1,PWRWNDB14,7,2023,0.2748817903693488
REGION1,PWRWNDB14,8,2023,0.5109239518198222
REGION1,PWRWNDB14,9,2023,0.2072923774826779
REGION1,PWRWNDB14,10,2023,0.1351666755398256
REGION1,PWRWNDB14,11,2023,0.12660373274198
REGION1,PWRWNDB14,12,2023,0.2830135017759652
REGION1,PWRWNDB14,13,2023,0.3449933401015073
REGION1,PWRWNDB14,14,2023,0.1741262649041814
REGION1,PWRWNDB14,15,2023,0.1267062036534091
REGION1,PWRWNDB14,16,2023,0.4147142255853857
REGION1,PWRWNDB14,17,2023,0.6900343700659857
REGION1,PWRWNDB14,18,2023,0.667642306083843
REGION1,PWRWNDB14,19,2023,0.6669850005702562
REGION1,PWRWNDB14,20,2023,0.6863394486887623
REGION1,PWRWNDB14,21,2023,0.1739462695728392
REGION1,PWRWNDB14,22,2023,0.2114117542866759
REGION1,PWRWNDB14,23,2023,0.2429006438893271
REGION1,PWRWNDB14,24,2023,0.2129006942759351
REGION1,PWRWNDB14,25,2023,0.1737301207923789
REGION1,PWRWNDB14,26,2023,0.2524798676667967
REGION1,PWRWNDB14,27,2023,0.3138761010987946
REGION1,PWRWNDB14,28,2023,0.3834598988439128
REGION1,PWRWNDB14,29,2023,0.5984101677628194
REGION1,PWRWNDB14,30,2023,0.6312556874840703
REGION1,PWRWNDB14,31,2023,0.6651542121662407
REGION1,PWRWNDB14,32,2023,0.650827521343582
REGION1,PWRWNDB14,33,2023,0.4002906633071457
REGION1,PWRWNDB14,34,2023,0.3824996662678062
REGION1,PWRWNDB14,35,2023,0.2564400291641992
REGION1,PWRWNDB14,36,2023,0.2156515256811761
REGION1,PWRWNDB14,37,2023,0.4615415601081487
REGION1,PWRWNDB14,38,2023,0.4591035713979547
REGION1,PWRWNDB14,39,2023,0.4846034098310366
REGION1,PWRWNDB14,40,2023,0.4328012747130872
REGION1,PWRWNDB14,1,2024,0.6205614995603771
REGION1,PWRWNDB14,2,2024,0.6052958493178506
REGION1,PWRWNDB14,3,2024,0.5518066581039468
REGION1,PWRWNDB14,4,2024,0.5766193427307154
REGION1,PWRWNDB14,5,2024,0.439712787231633
REGION1,PWRWNDB14,6,2024,0.3153470430554586
REGION1,PWRWNDB14,7,2024,0.2748817903693488
REGION1,PWRWNDB14,8,2024,0.5109239518198222
REGION1,PWRWNDB14,9,2024,0.2072923774826779
REGION1,PWRWNDB14,10,2024,0.1351666755398256
REGION1,PWRWNDB14,11,2024,0.12660373274198
REGION1,PWRWNDB14,12,2024,0.2830135017759652
REGION1,PWRWNDB14,13,2024,0.3449933401015073
REGION1,PWRWNDB14,14,2024,0.1741262649041814
REGION1,PWRWNDB14,15,2024,0.1267062036534091
REGION1,PWRWNDB14,16,2024,0.4147142255853857
REGION1,PWRWNDB14,17,2024,0.6900343700659857
REGION1,PWRWNDB14,18,2024,0.667642306083843
REGION1,PWRWNDB14,19,2024,0.6669850005702562
REGION1,PWRWNDB14,20,2024,0.6863394486887623
REGION1,PWRWNDB14,21,2024,0.1739462695728392
REGION1,PWRWNDB14,22,2024,0.2114117542866759
REGION1,PWRWNDB14,23,2024,0.2429006438893271
REGION1,PWRWNDB14,24,2024,0.2129006942759351
REGION1,PWRWNDB14,25,2024,0.1737301207923789
REGION1,PWRWNDB14,26,2024,0.2524798676667967
REGION1,PWRWNDB14,27,2024,0.3138761010987946
REGION1,PWRWNDB14,28,2024,0.3834598988439128
REGION1,PWRWNDB14,29,2024,0.5984101677628194
REGION1,PWRWNDB14,30,2024,0.6312556874840703
REGION1,PWRWNDB14,31,2024,0.6651542121662407
REGION1,PWRWNDB14,32,2024,0.650827521343582
REGION1,PWRWNDB14,33,2024,0.4002906633071457
REGION1,PWRWNDB14,34,2024,0.3824996662678062
REGION1,PWRWNDB14,35,2024,0.2564400291641992
REGION1,PWRWNDB14,36,2024,0.2156515256811761
REGION1,PWRWNDB14,37,2024,0.4615415601081487
REGION1,PWRWNDB14,38,2024,0.4591035713979547
REGION1,PWRWNDB14,39,2024,0.4846034098310366
REGION1,PWRWNDB14,40,2024,0.4328012747130872
REGION1,PWRWNDB14,1,2025,0.6205614995603771
REGION1,PWRWNDB14,2,2025,0.6052958493178506
REGION1,PWRWNDB14,3,2025,0.5518066581039468
REGION1,PWRWNDB14,4,2025,0.5766193427307154
REGION1,PWRWNDB14,5,2025,0.439712787231633
REGION1,PWRWNDB14,6,2025,0.3153470430554586
REGION1,PWRWNDB14,7,2025,0.2748817903693488
REGION1,PWRWNDB14,8,2025,0.5109239518198222
REGION1,PWRWNDB14,9,2025,0.2072923774826779
REGION1,PWRWNDB14,10,2025,0.1351666755398256
REGION1,PWRWNDB14,11,2025,0.12660373274198
REGION1,PWRWNDB14,12,2025,0.2830135017759652
REGION1,PWRWNDB14,13,2025,0.3449933401015073
REGION1,PWRWNDB14,14,2025,0.1741262649041814
REGION1,PWRWNDB14,15,2025,0.1267062036534091
REGION1,PWRWNDB14,16,2025,0.4147142255853857
REGION1,PWRWNDB14,17,2025,0.6900343700659857
REGION1,PWRWNDB14,18,2025,0.667642306083843
REGION1,PWRWNDB14,19,2025,0.6669850005702562
REGION1,PWRWNDB14,20,2025,0.6863394486887623
REGION1,PWRWNDB14,21,2025,0.1739462695728392
REGION1,PWRWNDB14,22,2025,0.2114117542866759
REGION1,PWRWNDB14,23,2025,0.2429006438893271
REGION1,PWRWNDB14,24,2025,0.2129006942759351
REGION1,PWRWNDB14,25,2025,0.1737301207923789
REGION1,PWRWNDB14,26,2025,0.2524798676667967
REGION1,PWRWNDB14,27,2025,0.3138761010987946
REGION1,PWRWNDB14,28,2025,0.3834598988439128
REGION1,PWRWNDB14,29,2025,0.5984101677628194
REGION1,PWRWNDB14,30,2025,0.6312556874840703
REGION1,PWRWNDB14,31,2025,0.6651542121662407
REGION1,PWRWNDB14,32,2025,0.650827521343582
REGION1,PWRWNDB14,33,2025,0.4002906633071457
REGION1,PWRWNDB14,34,2025,0.3824996662678062
REGION1,PWRWNDB14,35,2025,0.2564400291641992
REGION1,PWRWNDB14,36,2025,0.2156515256811761
REGION1,PWRWNDB14,37,2025,0.4615415601081487
REGION1,PWRWNDB14,38,2025,0.4591035713979547
REGION1,PWRWNDB14,39,2025,0.4846034098310366
REGION1,PWRWNDB14,40,2025,0.4328012747130872
REGION1,PWRWNDB14,1,2026,0.6205614995603771
REGION1,PWRWNDB14,2,2026,0.6052958493178506
REGION1,PWRWNDB14,3,2026,0.5518066581039468
REGION1,PWRWNDB14,4,2026,0.5766193427307154
REGION1,PWRWNDB14,5,2026,0.439712787231633
REGION1,PWRWNDB14,6,2026,0.3153470430554586
REGION1,PWRWNDB14,7,2026,0.2748817903693488
REGION1,PWRWNDB14,8,2026,0.5109239518198222
REGION1,PWRWNDB14,9,2026,0.2072923774826779
REGION1,PWRWNDB14,10,2026,0.1351666755398256
REGION1,PWRWNDB14,11,2026,0.12660373274198
REGION1,PWRWNDB14,12,2026,0.2830135017759652
REGION1,PWRWNDB14,13,2026,0.3449933401015073
REGION1,PWRWNDB14,14,2026,0.1741262649041814
REGION1,PWRWNDB14,15,2026,0.1267062036534091
REGION1,PWRWNDB14,16,2026,0.4147142255853857
REGION1,PWRWNDB14,17,2026,0.6900343700659857
REGION1,PWRWNDB14,18,2026,0.667642306083843
REGION1,PWRWNDB14,19,2026,0.6669850005702562
REGION1,PWRWNDB14,20,2026,0.6863394486887623
REGION1,PWRWNDB14,21,2026,0.1739462695728392
REGION1,PWRWNDB14,22,2026,0.2114117542866759
REGION1,PWRWNDB14,23,2026,0.2429006438893271
REGION1,PWRWNDB14,24,2026,0.2129006942759351
REGION1,PWRWNDB14,25,2026,0.1737301207923789
REGION1,PWRWNDB14,26,2026,0.2524798676667967
REGION1,PWRWNDB14,27,2026,0.3138761010987946
REGION1,PWRWNDB14,28,2026,0.3834598988439128
REGION1,PWRWNDB14,29,2026,0.5984101677628194
REGION1,PWRWNDB14,30,2026,0.6312556874840703
REGION1,PWRWNDB14,31,2026,0.6651542121662407
REGION1,PWRWNDB14,32,2026,0.650827521343582
REGION1,PWRWNDB14,33,2026,0.4002906633071457
REGION1,PWRWNDB14,34,2026,0.3824996662678062
REGION1,PWRWNDB14,35,2026,0.2564400291641992
REGION1,PWRWNDB14,36,2026,0.2156515256811761
REGION1,PWRWNDB14,37,2026,0.4615415601081487
REGION1,PWRWNDB14,38,2026,0.4591035713979547
REGION1,PWRWNDB14,39,2026,0.4846034098310366
REGION1,PWRWNDB14,40,2026,0.4328012747130872
REGION1,PWRWNDB14,1,2027,0.6205614995603771
REGION1,PWRWNDB14,2,2027,0.6052958493178506
REGION1,PWRWNDB14,3,2027,0.5518066581039468
REGION1,PWRWNDB14,4,2027,0.5766193427307154
REGION1,PWRWNDB14,5,2027,0.439712787231633
REGION1,PWRWNDB14,6,2027,0.3153470430554586
REGION1,PWRWNDB14,7,2027,0.2748817903693488
REGION1,PWRWNDB14,8,2027,0.5109239518198222
REGION1,PWRWNDB14,9,2027,0.2072923774826779
REGION1,PWRWNDB14,10,2027,0.1351666755398256
REGION1,PWRWNDB14,11,2027,0.12660373274198
REGION1,PWRWNDB14,12,2027,0.2830135017759652
REGION1,PWRWNDB14,13,2027,0.3449933401015073
REGION1,PWRWNDB14,14,2027,0.1741262649041814
REGION1,PWRWNDB14,15,2027,0.1267062036534091
REGION1,PWRWNDB14,16,2027,0.4147142255853857
REGION1,PWRWNDB14,17,2027,0.6900343700659857
REGION1,PWRWNDB14,18,2027,0.667642306083843
REGION1,PWRWNDB14,19,2027,0.6669850005702562
REGION1,PWRWNDB14,20,2027,0.6863394486887623
REGION1,PWRWNDB14,21,2027,0.1739462695728392
REGION1,PWRWNDB14,22,2027,0.2114117542866759
REGION1,PWRWNDB14,23,2027,0.2429006438893271
REGION1,PWRWNDB14,24,2027,0.2129006942759351
REGION1,PWRWNDB14,25,2027,0.1737301207923789
REGION1,PWRWNDB14,26,2027,0.2524798676667967
REGION1,PWRWNDB14,27,2027,0.3138761010987946
REGION1,PWRWNDB14,28,2027,0.3834598988439128
REGION1,PWRWNDB14,29,2027,0.5984101677628194
REGION1,PWRWNDB14,30,2027,0.6312556874840703
REGION1,PWRWNDB14,31,2027,0.6651542121662407
REGION1,PWRWNDB14,32,2027,0.650827521343582
REGION1,PWRWNDB14,33,2027,0.4002906633071457
REGION1,PWRWNDB14,34,2027,0.3824996662678062
REGION1,PWRWNDB14,35,2027,0.2564400291641992
REGION1,PWRWNDB14,36,2027,0.2156515256811761
REGION1,PWRWNDB14,37,2027,0.4615415601081487
REGION1,PWRWNDB14,38,2027,0.4591035713979547
REGION1,PWRWNDB14,39,2027,0.4846034098310366
REGION1,PWRWNDB14,40,2027,0.4328012747130872
REGION1,PWRWNDB14,1,2028,0.6205614995603771
REGION1,PWRWNDB14,2,2028,0.6052958493178506
REGION1,PWRWNDB14,3,2028,0.5518066581039468
REGION1,PWRWNDB14,4,2028,0.5766193427307154
REGION1,PWRWNDB14,5,2028,0.439712787231633
REGION1,PWRWNDB14,6,2028,0.3153470430554586
REGION1,PWRWNDB14,7,2028,0.2748817903693488
REGION1,PWRWNDB14,8,2028,0.5109239518198222
REGION1,PWRWNDB14,9,2028,0.2072923774826779
REGION1,PWRWNDB14,10,2028,0.1351666755398256
REGION1,PWRWNDB14,11,2028,0.12660373274198
REGION1,PWRWNDB14,12,2028,0.2830135017759652
REGION1,PWRWNDB14,13,2028,0.3449933401015073
REGION1,PWRWNDB14,14,2028,0.1741262649041814
REGION1,PWRWNDB14,15,2028,0.1267062036534091
REGION1,PWRWNDB14,16,2028,0.4147142255853857
REGION1,PWRWNDB14,17,2028,0.6900343700659857
REGION1,PWRWNDB14,18,2028,0.667642306083843
REGION1,PWRWNDB14,19,2028,0.6669850005702562
REGION1,PWRWNDB14,20,2028,0.6863394486887623
REGION1,PWRWNDB14,21,2028,0.1739462695728392
REGION1,PWRWNDB14,22,2028,0.2114117542866759
REGION1,PWRWNDB14,23,2028,0.2429006438893271
REGION1,PWRWNDB14,24,2028,0.2129006942759351
REGION1,PWRWNDB14,25,2028,0.1737301207923789
REGION1,PWRWNDB14,26,2028,0.2524798676667967
REGION1,PWRWNDB14,27,2028,0.3138761010987946
REGION1,PWRWNDB14,28,2028,0.3834598988439128
REGION1,PWRWNDB14,29,2028,0.5984101677628194
REGION1,PWRWNDB14,30,2028,0.6312556874840703
REGION1,PWRWNDB14,31,2028,0.6651542121662407
REGION1,PWRWNDB14,32,2028,0.650827521343582
REGION1,PWRWNDB14,33,2028,0.4002906633071457
REGION1,PWRWNDB14,34,2028,0.3824996662678062
REGION1,PWRWNDB14,35,2028,0.2564400291641992
REGION1,PWRWNDB14,36,2028,0.2156515256811761
REGION1,PWRWNDB14,37,2028,0.4615415601081487
REGION1,PWRWNDB14,38,2028,0.4591035713979547
REGION1,PWRWNDB14,39,2028,0.4846034098310366
REGION1,PWRWNDB14,40,2028,0.4328012747130872
REGION1,PWRWNDB14,1,2029,0.6205614995603771
REGION1,PWRWNDB14,2,2029,0.6052958493178506
REGION1,PWRWNDB14,3,2029,0.5518066581039468
REGION1,PWRWNDB14,4,2029,0.5766193427307154
REGION1,PWRWNDB14,5,2029,0.439712787231633
REGION1,PWRWNDB14,6,2029,0.3153470430554586
REGION1,PWRWNDB14,7,2029,0.2748817903693488
REGION1,PWRWNDB14,8,2029,0.5109239518198222
REGION1,PWRWNDB14,9,2029,0.2072923774826779
REGION1,PWRWNDB14,10,2029,0.1351666755398256
REGION1,PWRWNDB14,11,2029,0.12660373274198
REGION1,PWRWNDB14,12,2029,0.2830135017759652
REGION1,PWRWNDB14,13,2029,0.3449933401015073
REGION1,PWRWNDB14,14,2029,0.1741262649041814
REGION1,PWRWNDB14,15,2029,0.1267062036534091
REGION1,PWRWNDB14,16,2029,0.4147142255853857
REGION1,PWRWNDB14,17,2029,0.6900343700659857
REGION1,PWRWNDB14,18,2029,0.667642306083843
REGION1,PWRWNDB14,19,2029,0.6669850005702562
REGION1,PWRWNDB14,20,2029,0.6863394486887623
REGION1,PWRWNDB14,21,2029,0.1739462695728392
REGION1,PWRWNDB14,22,2029,0.2114117542866759
REGION1,PWRWNDB14,23,2029,0.2429006438893271
REGION1,PWRWNDB14,24,2029,0.2129006942759351
REGION1,PWRWNDB14,25,2029,0.1737301207923789
REGION1,PWRWNDB14,26,2029,0.2524798676667967
REGION1,PWRWNDB14,27,2029,0.3138761010987946
REGION1,PWRWNDB14,28,2029,0.3834598988439128
REGION1,PWRWNDB14,29,2029,0.5984101677628194
REGION1,PWRWNDB14,30,2029,0.6312556874840703
REGION1,PWRWNDB14,31,2029,0.6651542121662407
REGION1,PWRWNDB14,32,2029,0.650827521343582
REGION1,PWRWNDB14,33,2029,0.4002906633071457
REGION1,PWRWNDB14,34,2029,0.3824996662678062
REGION1,PWRWNDB14,35,2029,0.2564400291641992
REGION1,PWRWNDB14,36,2029,0.2156515256811761
REGION1,PWRWNDB14,37,2029,0.4615415601081487
REGION1,PWRWNDB14,38,2029,0.4591035713979547
REGION1,PWRWNDB14,39,2029,0.4846034098310366
REGION1,PWRWNDB14,40,2029,0.4328012747130872
REGION1,PWRWNDB14,1,2030,0.6205614995603771
REGION1,PWRWNDB14,2,2030,0.6052958493178506
REGION1,PWRWNDB14,3,2030,0.5518066581039468
REGION1,PWRWNDB14,4,2030,0.5766193427307154
REGION1,PWRWNDB14,5,2030,0.439712787231633
REGION1,PWRWNDB14,6,2030,0.3153470430554586
REGION1,PWRWNDB14,7,2030,0.2748817903693488
REGION1,PWRWNDB14,8,2030,0.5109239518198222
REGION1,PWRWNDB14,9,2030,0.2072923774826779
REGION1,PWRWNDB14,10,2030,0.1351666755398256
REGION1,PWRWNDB14,11,2030,0.12660373274198
REGION1,PWRWNDB14,12,2030,0.2830135017759652
REGION1,PWRWNDB14,13,2030,0.3449933401015073
REGION1,PWRWNDB14,14,2030,0.1741262649041814
REGION1,PWRWNDB14,15,2030,0.1267062036534091
REGION1,PWRWNDB14,16,2030,0.4147142255853857
REGION1,PWRWNDB14,17,2030,0.6900343700659857
REGION1,PWRWNDB14,18,2030,0.667642306083843
REGION1,PWRWNDB14,19,2030,0.6669850005702562
REGION1,PWRWNDB14,20,2030,0.6863394486887623
REGION1,PWRWNDB14,21,2030,0.1739462695728392
REGION1,PWRWNDB14,22,2030,0.2114117542866759
REGION1,PWRWNDB14,23,2030,0.2429006438893271
REGION1,PWRWNDB14,24,2030,0.2129006942759351
REGION1,PWRWNDB14,25,2030,0.1737301207923789
REGION1,PWRWNDB14,26,2030,0.2524798676667967
REGION1,PWRWNDB14,27,2030,0.3138761010987946
REGION1,PWRWNDB14,28,2030,0.3834598988439128
REGION1,PWRWNDB14,29,2030,0.5984101677628194
REGION1,PWRWNDB14,30,2030,0.6312556874840703
REGION1,PWRWNDB14,31,2030,0.6651542121662407
REGION1,PWRWNDB14,32,2030,0.650827521343582
REGION1,PWRWNDB14,33,2030,0.4002906633071457
REGION1,PWRWNDB14,34,2030,0.3824996662678062
REGION1,PWRWNDB14,35,2030,0.2564400291641992
REGION1,PWRWNDB14,36,2030,0.2156515256811761
REGION1,PWRWNDB14,37,2030,0.4615415601081487
REGION1,PWRWNDB14,38,2030,0.4591035713979547
REGION1,PWRWNDB14,39,2030,0.4846034098310366
REGION1,PWRWNDB14,40,2030,0.4328012747130872
REGION1,PWRWNDB14,1,2031,0.6205614995603771
REGION1,PWRWNDB14,2,2031,0.6052958493178506
REGION1,PWRWNDB14,3,2031,0.5518066581039468
REGION1,PWRWNDB14,4,2031,0.5766193427307154
REGION1,PWRWNDB14,5,2031,0.439712787231633
REGION1,PWRWNDB14,6,2031,0.3153470430554586
REGION1,PWRWNDB14,7,2031,0.2748817903693488
REGION1,PWRWNDB14,8,2031,0.5109239518198222
REGION1,PWRWNDB14,9,2031,0.2072923774826779
REGION1,PWRWNDB14,10,2031,0.1351666755398256
REGION1,PWRWNDB14,11,2031,0.12660373274198
REGION1,PWRWNDB14,12,2031,0.2830135017759652
REGION1,PWRWNDB14,13,2031,0.3449933401015073
REGION1,PWRWNDB14,14,2031,0.1741262649041814
REGION1,PWRWNDB14,15,2031,0.1267062036534091
REGION1,PWRWNDB14,16,2031,0.4147142255853857
REGION1,PWRWNDB14,17,2031,0.6900343700659857
REGION1,PWRWNDB14,18,2031,0.667642306083843
REGION1,PWRWNDB14,19,2031,0.6669850005702562
REGION1,PWRWNDB14,20,2031,0.6863394486887623
REGION1,PWRWNDB14,21,2031,0.1739462695728392
REGION1,PWRWNDB14,22,2031,0.2114117542866759
REGION1,PWRWNDB14,23,2031,0.2429006438893271
REGION1,PWRWNDB14,24,2031,0.2129006942759351
REGION1,PWRWNDB14,25,2031,0.1737301207923789
REGION1,PWRWNDB14,26,2031,0.2524798676667967
REGION1,PWRWNDB14,27,2031,0.3138761010987946
REGION1,PWRWNDB14,28,2031,0.3834598988439128
REGION1,PWRWNDB14,29,2031,0.5984101677628194
REGION1,PWRWNDB14,30,2031,0.6312556874840703
REGION1,PWRWNDB14,31,2031,0.6651542121662407
REGION1,PWRWNDB14,32,2031,0.650827521343582
REGION1,PWRWNDB14,33,2031,0.4002906633071457
REGION1,PWRWNDB14,34,2031,0.3824996662678062
REGION1,PWRWNDB14,35,2031,0.2564400291641992
REGION1,PWRWNDB14,36,2031,0.2156515256811761
REGION1,PWRWNDB14,37,2031,0.4615415601081487
REGION1,PWRWNDB14,38,2031,0.4591035713979547
REGION1,PWRWNDB14,39,2031,0.4846034098310366
REGION1,PWRWNDB14,40,2031,0.4328012747130872
REGION1,PWRWNDB14,1,2032,0.6205614995603771
REGION1,PWRWNDB14,2,2032,0.6052958493178506
REGION1,PWRWNDB14,3,2032,0.5518066581039468
REGION1,PWRWNDB14,4,2032,0.5766193427307154
REGION1,PWRWNDB14,5,2032,0.439712787231633
REGION1,PWRWNDB14,6,2032,0.3153470430554586
REGION1,PWRWNDB14,7,2032,0.2748817903693488
REGION1,PWRWNDB14,8,2032,0.5109239518198222
REGION1,PWRWNDB14,9,2032,0.2072923774826779
REGION1,PWRWNDB14,10,2032,0.1351666755398256
REGION1,PWRWNDB14,11,2032,0.12660373274198
REGION1,PWRWNDB14,12,2032,0.2830135017759652
REGION1,PWRWNDB14,13,2032,0.3449933401015073
REGION1,PWRWNDB14,14,2032,0.1741262649041814
REGION1,PWRWNDB14,15,2032,0.1267062036534091
REGION1,PWRWNDB14,16,2032,0.4147142255853857
REGION1,PWRWNDB14,17,2032,0.6900343700659857
REGION1,PWRWNDB14,18,2032,0.667642306083843
REGION1,PWRWNDB14,19,2032,0.6669850005702562
REGION1,PWRWNDB14,20,2032,0.6863394486887623
REGION1,PWRWNDB14,21,2032,0.1739462695728392
REGION1,PWRWNDB14,22,2032,0.2114117542866759
REGION1,PWRWNDB14,23,2032,0.2429006438893271
REGION1,PWRWNDB14,24,2032,0.2129006942759351
REGION1,PWRWNDB14,25,2032,0.1737301207923789
REGION1,PWRWNDB14,26,2032,0.2524798676667967
REGION1,PWRWNDB14,27,2032,0.3138761010987946
REGION1,PWRWNDB14,28,2032,0.3834598988439128
REGION1,PWRWNDB14,29,2032,0.5984101677628194
REGION1,PWRWNDB14,30,2032,0.6312556874840703
REGION1,PWRWNDB14,31,2032,0.6651542121662407
REGION1,PWRWNDB14,32,2032,0.650827521343582
REGION1,PWRWNDB14,33,2032,0.4002906633071457
REGION1,PWRWNDB14,34,2032,0.3824996662678062
REGION1,PWRWNDB14,35,2032,0.2564400291641992
REGION1,PWRWNDB14,36,2032,0.2156515256811761
REGION1,PWRWNDB14,37,2032,0.4615415601081487
REGION1,PWRWNDB14,38,2032,0.4591035713979547
REGION1,PWRWNDB14,39,2032,0.4846034098310366
REGION1,PWRWNDB14,40,2032,0.4328012747130872
REGION1,PWRWNDB14,1,2033,0.6205614995603771
REGION1,PWRWNDB14,2,2033,0.6052958493178506
REGION1,PWRWNDB14,3,2033,0.5518066581039468
REGION1,PWRWNDB14,4,2033,0.5766193427307154
REGION1,PWRWNDB14,5,2033,0.439712787231633
REGION1,PWRWNDB14,6,2033,0.3153470430554586
REGION1,PWRWNDB14,7,2033,0.2748817903693488
REGION1,PWRWNDB14,8,2033,0.5109239518198222
REGION1,PWRWNDB14,9,2033,0.2072923774826779
REGION1,PWRWNDB14,10,2033,0.1351666755398256
REGION1,PWRWNDB14,11,2033,0.12660373274198
REGION1,PWRWNDB14,12,2033,0.2830135017759652
REGION1,PWRWNDB14,13,2033,0.3449933401015073
REGION1,PWRWNDB14,14,2033,0.1741262649041814
REGION1,PWRWNDB14,15,2033,0.1267062036534091
REGION1,PWRWNDB14,16,2033,0.4147142255853857
REGION1,PWRWNDB14,17,2033,0.6900343700659857
REGION1,PWRWNDB14,18,2033,0.667642306083843
REGION1,PWRWNDB14,19,2033,0.6669850005702562
REGION1,PWRWNDB14,20,2033,0.6863394486887623
REGION1,PWRWNDB14,21,2033,0.1739462695728392
REGION1,PWRWNDB14,22,2033,0.2114117542866759
REGION1,PWRWNDB14,23,2033,0.2429006438893271
REGION1,PWRWNDB14,24,2033,0.2129006942759351
REGION1,PWRWNDB14,25,2033,0.1737301207923789
REGION1,PWRWNDB14,26,2033,0.2524798676667967
REGION1,PWRWNDB14,27,2033,0.3138761010987946
REGION1,PWRWNDB14,28,2033,0.3834598988439128
REGION1,PWRWNDB14,29,2033,0.5984101677628194
REGION1,PWRWNDB14,30,2033,0.6312556874840703
REGION1,PWRWNDB14,31,2033,0.6651542121662407
REGION1,PWRWNDB14,32,2033,0.650827521343582
REGION1,PWRWNDB14,33,2033,0.4002906633071457
REGION1,PWRWNDB14,34,2033,0.3824996662678062
REGION1,PWRWNDB14,35,2033,0.2564400291641992
REGION1,PWRWNDB14,36,2033,0.2156515256811761
REGION1,PWRWNDB14,37,2033,0.4615415601081487
REGION1,PWRWNDB14,38,2033,0.4591035713979547
REGION1,PWRWNDB14,39,2033,0.4846034098310366
REGION1,PWRWNDB14,40,2033,0.4328012747130872
REGION1,PWRWNDB14,1,2034,0.6205614995603771
REGION1,PWRWNDB14,2,2034,0.6052958493178506
REGION1,PWRWNDB14,3,2034,0.5518066581039468
REGION1,PWRWNDB14,4,2034,0.5766193427307154
REGION1,PWRWNDB14,5,2034,0.439712787231633
REGION1,PWRWNDB14,6,2034,0.3153470430554586
REGION1,PWRWNDB14,7,2034,0.2748817903693488
REGION1,PWRWNDB14,8,2034,0.5109239518198222
REGION1,PWRWNDB14,9,2034,0.2072923774826779
REGION1,PWRWNDB14,10,2034,0.1351666755398256
REGION1,PWRWNDB14,11,2034,0.12660373274198
REGION1,PWRWNDB14,12,2034,0.2830135017759652
REGION1,PWRWNDB14,13,2034,0.3449933401015073
REGION1,PWRWNDB14,14,2034,0.1741262649041814
REGION1,PWRWNDB14,15,2034,0.1267062036534091
REGION1,PWRWNDB14,16,2034,0.4147142255853857
REGION1,PWRWNDB14,17,2034,0.6900343700659857
REGION1,PWRWNDB14,18,2034,0.667642306083843
REGION1,PWRWNDB14,19,2034,0.6669850005702562
REGION1,PWRWNDB14,20,2034,0.6863394486887623
REGION1,PWRWNDB14,21,2034,0.1739462695728392
REGION1,PWRWNDB14,22,2034,0.2114117542866759
REGION1,PWRWNDB14,23,2034,0.2429006438893271
REGION1,PWRWNDB14,24,2034,0.2129006942759351
REGION1,PWRWNDB14,25,2034,0.1737301207923789
REGION1,PWRWNDB14,26,2034,0.2524798676667967
REGION1,PWRWNDB14,27,2034,0.3138761010987946
REGION1,PWRWNDB14,28,2034,0.3834598988439128
REGION1,PWRWNDB14,29,2034,0.5984101677628194
REGION1,PWRWNDB14,30,2034,0.6312556874840703
REGION1,PWRWNDB14,31,2034,0.6651542121662407
REGION1,PWRWNDB14,32,2034,0.650827521343582
REGION1,PWRWNDB14,33,2034,0.4002906633071457
REGION1,PWRWNDB14,34,2034,0.3824996662678062
REGION1,PWRWNDB14,35,2034,0.2564400291641992
REGION1,PWRWNDB14,36,2034,0.2156515256811761
REGION1,PWRWNDB14,37,2034,0.4615415601081487
REGION1,PWRWNDB14,38,2034,0.4591035713979547
REGION1,PWRWNDB14,39,2034,0.4846034098310366
REGION1,PWRWNDB14,40,2034,0.4328012747130872
REGION1,PWRWNDB14,1,2035,0.6205614995603771
REGION1,PWRWNDB14,2,2035,0.6052958493178506
REGION1,PWRWNDB14,3,2035,0.5518066581039468
REGION1,PWRWNDB14,4,2035,0.5766193427307154
REGION1,PWRWNDB14,5,2035,0.439712787231633
REGION1,PWRWNDB14,6,2035,0.3153470430554586
REGION1,PWRWNDB14,7,2035,0.2748817903693488
REGION1,PWRWNDB14,8,2035,0.5109239518198222
REGION1,PWRWNDB14,9,2035,0.2072923774826779
REGION1,PWRWNDB14,10,2035,0.1351666755398256
REGION1,PWRWNDB14,11,2035,0.12660373274198
REGION1,PWRWNDB14,12,2035,0.2830135017759652
REGION1,PWRWNDB14,13,2035,0.3449933401015073
REGION1,PWRWNDB14,14,2035,0.1741262649041814
REGION1,PWRWNDB14,15,2035,0.1267062036534091
REGION1,PWRWNDB14,16,2035,0.4147142255853857
REGION1,PWRWNDB14,17,2035,0.6900343700659857
REGION1,PWRWNDB14,18,2035,0.667642306083843
REGION1,PWRWNDB14,19,2035,0.6669850005702562
REGION1,PWRWNDB14,20,2035,0.6863394486887623
REGION1,PWRWNDB14,21,2035,0.1739462695728392
REGION1,PWRWNDB14,22,2035,0.2114117542866759
REGION1,PWRWNDB14,23,2035,0.2429006438893271
REGION1,PWRWNDB14,24,2035,0.2129006942759351
REGION1,PWRWNDB14,25,2035,0.1737301207923789
REGION1,PWRWNDB14,26,2035,0.2524798676667967
REGION1,PWRWNDB14,27,2035,0.3138761010987946
REGION1,PWRWNDB14,28,2035,0.3834598988439128
REGION1,PWRWNDB14,29,2035,0.5984101677628194
REGION1,PWRWNDB14,30,2035,0.6312556874840703
REGION1,PWRWNDB14,31,2035,0.6651542121662407
REGION1,PWRWNDB14,32,2035,0.650827521343582
REGION1,PWRWNDB14,33,2035,0.4002906633071457
REGION1,PWRWNDB14,34,2035,0.3824996662678062
REGION1,PWRWNDB14,35,2035,0.2564400291641992
REGION1,PWRWNDB14,36,2035,0.2156515256811761
REGION1,PWRWNDB14,37,2035,0.4615415601081487
REGION1,PWRWNDB14,38,2035,0.4591035713979547
REGION1,PWRWNDB14,39,2035,0.4846034098310366
REGION1,PWRWNDB14,40,2035,0.4328012747130872
REGION1,PWRWNDB14,1,2036,0.6205614995603771
REGION1,PWRWNDB14,2,2036,0.6052958493178506
REGION1,PWRWNDB14,3,2036,0.5518066581039468
REGION1,PWRWNDB14,4,2036,0.5766193427307154
REGION1,PWRWNDB14,5,2036,0.439712787231633
REGION1,PWRWNDB14,6,2036,0.3153470430554586
REGION1,PWRWNDB14,7,2036,0.2748817903693488
REGION1,PWRWNDB14,8,2036,0.5109239518198222
REGION1,PWRWNDB14,9,2036,0.2072923774826779
REGION1,PWRWNDB14,10,2036,0.1351666755398256
REGION1,PWRWNDB14,11,2036,0.12660373274198
REGION1,PWRWNDB14,12,2036,0.2830135017759652
REGION1,PWRWNDB14,13,2036,0.3449933401015073
REGION1,PWRWNDB14,14,2036,0.1741262649041814
REGION1,PWRWNDB14,15,2036,0.1267062036534091
REGION1,PWRWNDB14,16,2036,0.4147142255853857
REGION1,PWRWNDB14,17,2036,0.6900343700659857
REGION1,PWRWNDB14,18,2036,0.667642306083843
REGION1,PWRWNDB14,19,2036,0.6669850005702562
REGION1,PWRWNDB14,20,2036,0.6863394486887623
REGION1,PWRWNDB14,21,2036,0.1739462695728392
REGION1,PWRWNDB14,22,2036,0.2114117542866759
REGION1,PWRWNDB14,23,2036,0.2429006438893271
REGION1,PWRWNDB14,24,2036,0.2129006942759351
REGION1,PWRWNDB14,25,2036,0.1737301207923789
REGION1,PWRWNDB14,26,2036,0.2524798676667967
REGION1,PWRWNDB14,27,2036,0.3138761010987946
REGION1,PWRWNDB14,28,2036,0.3834598988439128
REGION1,PWRWNDB14,29,2036,0.5984101677628194
REGION1,PWRWNDB14,30,2036,0.6312556874840703
REGION1,PWRWNDB14,31,2036,0.6651542121662407
REGION1,PWRWNDB14,32,2036,0.650827521343582
REGION1,PWRWNDB14,33,2036,0.4002906633071457
REGION1,PWRWNDB14,34,2036,0.3824996662678062
REGION1,PWRWNDB14,35,2036,0.2564400291641992
REGION1,PWRWNDB14,36,2036,0.2156515256811761
REGION1,PWRWNDB14,37,2036,0.4615415601081487
REGION1,PWRWNDB14,38,2036,0.4591035713979547
REGION1,PWRWNDB14,39,2036,0.4846034098310366
REGION1,PWRWNDB14,40,2036,0.4328012747130872
REGION1,PWRWNDB14,1,2037,0.6205614995603771
REGION1,PWRWNDB14,2,2037,0.6052958493178506
REGION1,PWRWNDB14,3,2037,0.5518066581039468
REGION1,PWRWNDB14,4,2037,0.5766193427307154
REGION1,PWRWNDB14,5,2037,0.439712787231633
REGION1,PWRWNDB14,6,2037,0.3153470430554586
REGION1,PWRWNDB14,7,2037,0.2748817903693488
REGION1,PWRWNDB14,8,2037,0.5109239518198222
REGION1,PWRWNDB14,9,2037,0.2072923774826779
REGION1,PWRWNDB14,10,2037,0.1351666755398256
REGION1,PWRWNDB14,11,2037,0.12660373274198
REGION1,PWRWNDB14,12,2037,0.2830135017759652
REGION1,PWRWNDB14,13,2037,0.3449933401015073
REGION1,PWRWNDB14,14,2037,0.1741262649041814
REGION1,PWRWNDB14,15,2037,0.1267062036534091
REGION1,PWRWNDB14,16,2037,0.4147142255853857
REGION1,PWRWNDB14,17,2037,0.6900343700659857
REGION1,PWRWNDB14,18,2037,0.667642306083843
REGION1,PWRWNDB14,19,2037,0.6669850005702562
REGION1,PWRWNDB14,20,2037,0.6863394486887623
REGION1,PWRWNDB14,21,2037,0.1739462695728392
REGION1,PWRWNDB14,22,2037,0.2114117542866759
REGION1,PWRWNDB14,23,2037,0.2429006438893271
REGION1,PWRWNDB14,24,2037,0.2129006942759351
REGION1,PWRWNDB14,25,2037,0.1737301207923789
REGION1,PWRWNDB14,26,2037,0.2524798676667967
REGION1,PWRWNDB14,27,2037,0.3138761010987946
REGION1,PWRWNDB14,28,2037,0.3834598988439128
REGION1,PWRWNDB14,29,2037,0.5984101677628194
REGION1,PWRWNDB14,30,2037,0.6312556874840703
REGION1,PWRWNDB14,31,2037,0.6651542121662407
REGION1,PWRWNDB14,32,2037,0.650827521343582
REGION1,PWRWNDB14,33,2037,0.4002906633071457
REGION1,PWRWNDB14,34,2037,0.3824996662678062
REGION1,PWRWNDB14,35,2037,0.2564400291641992
REGION1,PWRWNDB14,36,2037,0.2156515256811761
REGION1,PWRWNDB14,37,2037,0.4615415601081487
REGION1,PWRWNDB14,38,2037,0.4591035713979547
REGION1,PWRWNDB14,39,2037,0.4846034098310366
REGION1,PWRWNDB14,40,2037,0.4328012747130872
REGION1,PWRWNDB14,1,2038,0.6205614995603771
REGION1,PWRWNDB14,2,2038,0.6052958493178506
REGION1,PWRWNDB14,3,2038,0.5518066581039468
REGION1,PWRWNDB14,4,2038,0.5766193427307154
REGION1,PWRWNDB14,5,2038,0.439712787231633
REGION1,PWRWNDB14,6,2038,0.3153470430554586
REGION1,PWRWNDB14,7,2038,0.2748817903693488
REGION1,PWRWNDB14,8,2038,0.5109239518198222
REGION1,PWRWNDB14,9,2038,0.2072923774826779
REGION1,PWRWNDB14,10,2038,0.1351666755398256
REGION1,PWRWNDB14,11,2038,0.12660373274198
REGION1,PWRWNDB14,12,2038,0.2830135017759652
REGION1,PWRWNDB14,13,2038,0.3449933401015073
REGION1,PWRWNDB14,14,2038,0.1741262649041814
REGION1,PWRWNDB14,15,2038,0.1267062036534091
REGION1,PWRWNDB14,16,2038,0.4147142255853857
REGION1,PWRWNDB14,17,2038,0.6900343700659857
REGION1,PWRWNDB14,18,2038,0.667642306083843
REGION1,PWRWNDB14,19,2038,0.6669850005702562
REGION1,PWRWNDB14,20,2038,0.6863394486887623
REGION1,PWRWNDB14,21,2038,0.1739462695728392
REGION1,PWRWNDB14,22,2038,0.2114117542866759
REGION1,PWRWNDB14,23,2038,0.2429006438893271
REGION1,PWRWNDB14,24,2038,0.2129006942759351
REGION1,PWRWNDB14,25,2038,0.1737301207923789
REGION1,PWRWNDB14,26,2038,0.2524798676667967
REGION1,PWRWNDB14,27,2038,0.3138761010987946
REGION1,PWRWNDB14,28,2038,0.3834598988439128
REGION1,PWRWNDB14,29,2038,0.5984101677628194
REGION1,PWRWNDB14,30,2038,0.6312556874840703
REGION1,PWRWNDB14,31,2038,0.6651542121662407
REGION1,PWRWNDB14,32,2038,0.650827521343582
REGION1,PWRWNDB14,33,2038,0.4002906633071457
REGION1,PWRWNDB14,34,2038,0.3824996662678062
REGION1,PWRWNDB14,35,2038,0.2564400291641992
REGION1,PWRWNDB14,36,2038,0.2156515256811761
REGION1,PWRWNDB14,37,2038,0.4615415601081487
REGION1,PWRWNDB14,38,2038,0.4591035713979547
REGION1,PWRWNDB14,39,2038,0.4846034098310366
REGION1,PWRWNDB14,40,2038,0.4328012747130872
REGION1,PWRWNDB14,1,2039,0.6205614995603771
REGION1,PWRWNDB14,2,2039,0.6052958493178506
REGION1,PWRWNDB14,3,2039,0.5518066581039468
REGION1,PWRWNDB14,4,2039,0.5766193427307154
REGION1,PWRWNDB14,5,2039,0.439712787231633
REGION1,PWRWNDB14,6,2039,0.3153470430554586
REGION1,PWRWNDB14,7,2039,0.2748817903693488
REGION1,PWRWNDB14,8,2039,0.5109239518198222
REGION1,PWRWNDB14,9,2039,0.2072923774826779
REGION1,PWRWNDB14,10,2039,0.1351666755398256
REGION1,PWRWNDB14,11,2039,0.12660373274198
REGION1,PWRWNDB14,12,2039,0.2830135017759652
REGION1,PWRWNDB14,13,2039,0.3449933401015073
REGION1,PWRWNDB14,14,2039,0.1741262649041814
REGION1,PWRWNDB14,15,2039,0.1267062036534091
REGION1,PWRWNDB14,16,2039,0.4147142255853857
REGION1,PWRWNDB14,17,2039,0.6900343700659857
REGION1,PWRWNDB14,18,2039,0.667642306083843
REGION1,PWRWNDB14,19,2039,0.6669850005702562
REGION1,PWRWNDB14,20,2039,0.6863394486887623
REGION1,PWRWNDB14,21,2039,0.1739462695728392
REGION1,PWRWNDB14,22,2039,0.2114117542866759
REGION1,PWRWNDB14,23,2039,0.2429006438893271
REGION1,PWRWNDB14,24,2039,0.2129006942759351
REGION1,PWRWNDB14,25,2039,0.1737301207923789
REGION1,PWRWNDB14,26,2039,0.2524798676667967
REGION1,PWRWNDB14,27,2039,0.3138761010987946
REGION1,PWRWNDB14,28,2039,0.3834598988439128
REGION1,PWRWNDB14,29,2039,0.5984101677628194
REGION1,PWRWNDB14,30,2039,0.6312556874840703
REGION1,PWRWNDB14,31,2039,0.6651542121662407
REGION1,PWRWNDB14,32,2039,0.650827521343582
REGION1,PWRWNDB14,33,2039,0.4002906633071457
REGION1,PWRWNDB14,34,2039,0.3824996662678062
REGION1,PWRWNDB14,35,2039,0.2564400291641992
REGION1,PWRWNDB14,36,2039,0.2156515256811761
REGION1,PWRWNDB14,37,2039,0.4615415601081487
REGION1,PWRWNDB14,38,2039,0.4591035713979547
REGION1,PWRWNDB14,39,2039,0.4846034098310366
REGION1,PWRWNDB14,40,2039,0.4328012747130872
REGION1,PWRWNDB14,1,2040,0.6205614995603771
REGION1,PWRWNDB14,2,2040,0.6052958493178506
REGION1,PWRWNDB14,3,2040,0.5518066581039468
REGION1,PWRWNDB14,4,2040,0.5766193427307154
REGION1,PWRWNDB14,5,2040,0.439712787231633
REGION1,PWRWNDB14,6,2040,0.3153470430554586
REGION1,PWRWNDB14,7,2040,0.2748817903693488
REGION1,PWRWNDB14,8,2040,0.5109239518198222
REGION1,PWRWNDB14,9,2040,0.2072923774826779
REGION1,PWRWNDB14,10,2040,0.1351666755398256
REGION1,PWRWNDB14,11,2040,0.12660373274198
REGION1,PWRWNDB14,12,2040,0.2830135017759652
REGION1,PWRWNDB14,13,2040,0.3449933401015073
REGION1,PWRWNDB14,14,2040,0.1741262649041814
REGION1,PWRWNDB14,15,2040,0.1267062036534091
REGION1,PWRWNDB14,16,2040,0.4147142255853857
REGION1,PWRWNDB14,17,2040,0.6900343700659857
REGION1,PWRWNDB14,18,2040,0.667642306083843
REGION1,PWRWNDB14,19,2040,0.6669850005702562
REGION1,PWRWNDB14,20,2040,0.6863394486887623
REGION1,PWRWNDB14,21,2040,0.1739462695728392
REGION1,PWRWNDB14,22,2040,0.2114117542866759
REGION1,PWRWNDB14,23,2040,0.2429006438893271
REGION1,PWRWNDB14,24,2040,0.2129006942759351
REGION1,PWRWNDB14,25,2040,0.1737301207923789
REGION1,PWRWNDB14,26,2040,0.2524798676667967
REGION1,PWRWNDB14,27,2040,0.3138761010987946
REGION1,PWRWNDB14,28,2040,0.3834598988439128
REGION1,PWRWNDB14,29,2040,0.5984101677628194
REGION1,PWRWNDB14,30,2040,0.6312556874840703
REGION1,PWRWNDB14,31,2040,0.6651542121662407
REGION1,PWRWNDB14,32,2040,0.650827521343582
REGION1,PWRWNDB14,33,2040,0.4002906633071457
REGION1,PWRWNDB14,34,2040,0.3824996662678062
REGION1,PWRWNDB14,35,2040,0.2564400291641992
REGION1,PWRWNDB14,36,2040,0.2156515256811761
REGION1,PWRWNDB14,37,2040,0.4615415601081487
REGION1,PWRWNDB14,38,2040,0.4591035713979547
REGION1,PWRWNDB14,39,2040,0.4846034098310366
REGION1,PWRWNDB14,40,2040,0.4328012747130872
REGION1,PWRWNDB14,1,2041,0.6205614995603771
REGION1,PWRWNDB14,2,2041,0.6052958493178506
REGION1,PWRWNDB14,3,2041,0.5518066581039468
REGION1,PWRWNDB14,4,2041,0.5766193427307154
REGION1,PWRWNDB14,5,2041,0.439712787231633
REGION1,PWRWNDB14,6,2041,0.3153470430554586
REGION1,PWRWNDB14,7,2041,0.2748817903693488
REGION1,PWRWNDB14,8,2041,0.5109239518198222
REGION1,PWRWNDB14,9,2041,0.2072923774826779
REGION1,PWRWNDB14,10,2041,0.1351666755398256
REGION1,PWRWNDB14,11,2041,0.12660373274198
REGION1,PWRWNDB14,12,2041,0.2830135017759652
REGION1,PWRWNDB14,13,2041,0.3449933401015073
REGION1,PWRWNDB14,14,2041,0.1741262649041814
REGION1,PWRWNDB14,15,2041,0.1267062036534091
REGION1,PWRWNDB14,16,2041,0.4147142255853857
REGION1,PWRWNDB14,17,2041,0.6900343700659857
REGION1,PWRWNDB14,18,2041,0.667642306083843
REGION1,PWRWNDB14,19,2041,0.6669850005702562
REGION1,PWRWNDB14,20,2041,0.6863394486887623
REGION1,PWRWNDB14,21,2041,0.1739462695728392
REGION1,PWRWNDB14,22,2041,0.2114117542866759
REGION1,PWRWNDB14,23,2041,0.2429006438893271
REGION1,PWRWNDB14,24,2041,0.2129006942759351
REGION1,PWRWNDB14,25,2041,0.1737301207923789
REGION1,PWRWNDB14,26,2041,0.2524798676667967
REGION1,PWRWNDB14,27,2041,0.3138761010987946
REGION1,PWRWNDB14,28,2041,0.3834598988439128
REGION1,PWRWNDB14,29,2041,0.5984101677628194
REGION1,PWRWNDB14,30,2041,0.6312556874840703
REGION1,PWRWNDB14,31,2041,0.6651542121662407
REGION1,PWRWNDB14,32,2041,0.650827521343582
REGION1,PWRWNDB14,33,2041,0.4002906633071457
REGION1,PWRWNDB14,34,2041,0.3824996662678062
REGION1,PWRWNDB14,35,2041,0.2564400291641992
REGION1,PWRWNDB14,36,2041,0.2156515256811761
REGION1,PWRWNDB14,37,2041,0.4615415601081487
REGION1,PWRWNDB14,38,2041,0.4591035713979547
REGION1,PWRWNDB14,39,2041,0.4846034098310366
REGION1,PWRWNDB14,40,2041,0.4328012747130872
REGION1,PWRWNDB14,1,2042,0.6205614995603771
REGION1,PWRWNDB14,2,2042,0.6052958493178506
REGION1,PWRWNDB14,3,2042,0.5518066581039468
REGION1,PWRWNDB14,4,2042,0.5766193427307154
REGION1,PWRWNDB14,5,2042,0.439712787231633
REGION1,PWRWNDB14,6,2042,0.3153470430554586
REGION1,PWRWNDB14,7,2042,0.2748817903693488
REGION1,PWRWNDB14,8,2042,0.5109239518198222
REGION1,PWRWNDB14,9,2042,0.2072923774826779
REGION1,PWRWNDB14,10,2042,0.1351666755398256
REGION1,PWRWNDB14,11,2042,0.12660373274198
REGION1,PWRWNDB14,12,2042,0.2830135017759652
REGION1,PWRWNDB14,13,2042,0.3449933401015073
REGION1,PWRWNDB14,14,2042,0.1741262649041814
REGION1,PWRWNDB14,15,2042,0.1267062036534091
REGION1,PWRWNDB14,16,2042,0.4147142255853857
REGION1,PWRWNDB14,17,2042,0.6900343700659857
REGION1,PWRWNDB14,18,2042,0.667642306083843
REGION1,PWRWNDB14,19,2042,0.6669850005702562
REGION1,PWRWNDB14,20,2042,0.6863394486887623
REGION1,PWRWNDB14,21,2042,0.1739462695728392
REGION1,PWRWNDB14,22,2042,0.2114117542866759
REGION1,PWRWNDB14,23,2042,0.2429006438893271
REGION1,PWRWNDB14,24,2042,0.2129006942759351
REGION1,PWRWNDB14,25,2042,0.1737301207923789
REGION1,PWRWNDB14,26,2042,0.2524798676667967
REGION1,PWRWNDB14,27,2042,0.3138761010987946
REGION1,PWRWNDB14,28,2042,0.3834598988439128
REGION1,PWRWNDB14,29,2042,0.5984101677628194
REGION1,PWRWNDB14,30,2042,0.6312556874840703
REGION1,PWRWNDB14,31,2042,0.6651542121662407
REGION1,PWRWNDB14,32,2042,0.650827521343582
REGION1,PWRWNDB14,33,2042,0.4002906633071457
REGION1,PWRWNDB14,34,2042,0.3824996662678062
REGION1,PWRWNDB14,35,2042,0.2564400291641992
REGION1,PWRWNDB14,36,2042,0.2156515256811761
REGION1,PWRWNDB14,37,2042,0.4615415601081487
REGION1,PWRWNDB14,38,2042,0.4591035713979547
REGION1,PWRWNDB14,39,2042,0.4846034098310366
REGION1,PWRWNDB14,40,2042,0.4328012747130872
REGION1,PWRWNDB14,1,2043,0.6205614995603771
REGION1,PWRWNDB14,2,2043,0.6052958493178506
REGION1,PWRWNDB14,3,2043,0.5518066581039468
REGION1,PWRWNDB14,4,2043,0.5766193427307154
REGION1,PWRWNDB14,5,2043,0.439712787231633
REGION1,PWRWNDB14,6,2043,0.3153470430554586
REGION1,PWRWNDB14,7,2043,0.2748817903693488
REGION1,PWRWNDB14,8,2043,0.5109239518198222
REGION1,PWRWNDB14,9,2043,0.2072923774826779
REGION1,PWRWNDB14,10,2043,0.1351666755398256
REGION1,PWRWNDB14,11,2043,0.12660373274198
REGION1,PWRWNDB14,12,2043,0.2830135017759652
REGION1,PWRWNDB14,13,2043,0.3449933401015073
REGION1,PWRWNDB14,14,2043,0.1741262649041814
REGION1,PWRWNDB14,15,2043,0.1267062036534091
REGION1,PWRWNDB14,16,2043,0.4147142255853857
REGION1,PWRWNDB14,17,2043,0.6900343700659857
REGION1,PWRWNDB14,18,2043,0.667642306083843
REGION1,PWRWNDB14,19,2043,0.6669850005702562
REGION1,PWRWNDB14,20,2043,0.6863394486887623
REGION1,PWRWNDB14,21,2043,0.1739462695728392
REGION1,PWRWNDB14,22,2043,0.2114117542866759
REGION1,PWRWNDB14,23,2043,0.2429006438893271
REGION1,PWRWNDB14,24,2043,0.2129006942759351
REGION1,PWRWNDB14,25,2043,0.1737301207923789
REGION1,PWRWNDB14,26,2043,0.2524798676667967
REGION1,PWRWNDB14,27,2043,0.3138761010987946
REGION1,PWRWNDB14,28,2043,0.3834598988439128
REGION1,PWRWNDB14,29,2043,0.5984101677628194
REGION1,PWRWNDB14,30,2043,0.6312556874840703
REGION1,PWRWNDB14,31,2043,0.6651542121662407
REGION1,PWRWNDB14,32,2043,0.650827521343582
REGION1,PWRWNDB14,33,2043,0.4002906633071457
REGION1,PWRWNDB14,34,2043,0.3824996662678062
REGION1,PWRWNDB14,35,2043,0.2564400291641992
REGION1,PWRWNDB14,36,2043,0.2156515256811761
REGION1,PWRWNDB14,37,2043,0.4615415601081487
REGION1,PWRWNDB14,38,2043,0.4591035713979547
REGION1,PWRWNDB14,39,2043,0.4846034098310366
REGION1,PWRWNDB14,40,2043,0.4328012747130872
REGION1,PWRWNDB14,1,2044,0.6205614995603771
REGION1,PWRWNDB14,2,2044,0.6052958493178506
REGION1,PWRWNDB14,3,2044,0.5518066581039468
REGION1,PWRWNDB14,4,2044,0.5766193427307154
REGION1,PWRWNDB14,5,2044,0.439712787231633
REGION1,PWRWNDB14,6,2044,0.3153470430554586
REGION1,PWRWNDB14,7,2044,0.2748817903693488
REGION1,PWRWNDB14,8,2044,0.5109239518198222
REGION1,PWRWNDB14,9,2044,0.2072923774826779
REGION1,PWRWNDB14,10,2044,0.1351666755398256
REGION1,PWRWNDB14,11,2044,0.12660373274198
REGION1,PWRWNDB14,12,2044,0.2830135017759652
REGION1,PWRWNDB14,13,2044,0.3449933401015073
REGION1,PWRWNDB14,14,2044,0.1741262649041814
REGION1,PWRWNDB14,15,2044,0.1267062036534091
REGION1,PWRWNDB14,16,2044,0.4147142255853857
REGION1,PWRWNDB14,17,2044,0.6900343700659857
REGION1,PWRWNDB14,18,2044,0.667642306083843
REGION1,PWRWNDB14,19,2044,0.6669850005702562
REGION1,PWRWNDB14,20,2044,0.6863394486887623
REGION1,PWRWNDB14,21,2044,0.1739462695728392
REGION1,PWRWNDB14,22,2044,0.2114117542866759
REGION1,PWRWNDB14,23,2044,0.2429006438893271
REGION1,PWRWNDB14,24,2044,0.2129006942759351
REGION1,PWRWNDB14,25,2044,0.1737301207923789
REGION1,PWRWNDB14,26,2044,0.2524798676667967
REGION1,PWRWNDB14,27,2044,0.3138761010987946
REGION1,PWRWNDB14,28,2044,0.3834598988439128
REGION1,PWRWNDB14,29,2044,0.5984101677628194
REGION1,PWRWNDB14,30,2044,0.6312556874840703
REGION1,PWRWNDB14,31,2044,0.6651542121662407
REGION1,PWRWNDB14,32,2044,0.650827521343582
REGION1,PWRWNDB14,33,2044,0.4002906633071457
REGION1,PWRWNDB14,34,2044,0.3824996662678062
REGION1,PWRWNDB14,35,2044,0.2564400291641992
REGION1,PWRWNDB14,36,2044,0.2156515256811761
REGION1,PWRWNDB14,37,2044,0.4615415601081487
REGION1,PWRWNDB14,38,2044,0.4591035713979547
REGION1,PWRWNDB14,39,2044,0.4846034098310366
REGION1,PWRWNDB14,40,2044,0.4328012747130872
REGION1,PWRWNDB14,1,2045,0.6205614995603771
REGION1,PWRWNDB14,2,2045,0.6052958493178506
REGION1,PWRWNDB14,3,2045,0.5518066581039468
REGION1,PWRWNDB14,4,2045,0.5766193427307154
REGION1,PWRWNDB14,5,2045,0.439712787231633
REGION1,PWRWNDB14,6,2045,0.3153470430554586
REGION1,PWRWNDB14,7,2045,0.2748817903693488
REGION1,PWRWNDB14,8,2045,0.5109239518198222
REGION1,PWRWNDB14,9,2045,0.2072923774826779
REGION1,PWRWNDB14,10,2045,0.1351666755398256
REGION1,PWRWNDB14,11,2045,0.12660373274198
REGION1,PWRWNDB14,12,2045,0.2830135017759652
REGION1,PWRWNDB14,13,2045,0.3449933401015073
REGION1,PWRWNDB14,14,2045,0.1741262649041814
REGION1,PWRWNDB14,15,2045,0.1267062036534091
REGION1,PWRWNDB14,16,2045,0.4147142255853857
REGION1,PWRWNDB14,17,2045,0.6900343700659857
REGION1,PWRWNDB14,18,2045,0.667642306083843
REGION1,PWRWNDB14,19,2045,0.6669850005702562
REGION1,PWRWNDB14,20,2045,0.6863394486887623
REGION1,PWRWNDB14,21,2045,0.1739462695728392
REGION1,PWRWNDB14,22,2045,0.2114117542866759
REGION1,PWRWNDB14,23,2045,0.2429006438893271
REGION1,PWRWNDB14,24,2045,0.2129006942759351
REGION1,PWRWNDB14,25,2045,0.1737301207923789
REGION1,PWRWNDB14,26,2045,0.2524798676667967
REGION1,PWRWNDB14,27,2045,0.3138761010987946
REGION1,PWRWNDB14,28,2045,0.3834598988439128
REGION1,PWRWNDB14,29,2045,0.5984101677628194
REGION1,PWRWNDB14,30,2045,0.6312556874840703
REGION1,PWRWNDB14,31,2045,0.6651542121662407
REGION1,PWRWNDB14,32,2045,0.650827521343582
REGION1,PWRWNDB14,33,2045,0.4002906633071457
REGION1,PWRWNDB14,34,2045,0.3824996662678062
REGION1,PWRWNDB14,35,2045,0.2564400291641992
REGION1,PWRWNDB14,36,2045,0.2156515256811761
REGION1,PWRWNDB14,37,2045,0.4615415601081487
REGION1,PWRWNDB14,38,2045,0.4591035713979547
REGION1,PWRWNDB14,39,2045,0.4846034098310366
REGION1,PWRWNDB14,40,2045,0.4328012747130872
REGION1,PWRWNDB14,1,2046,0.6205614995603771
REGION1,PWRWNDB14,2,2046,0.6052958493178506
REGION1,PWRWNDB14,3,2046,0.5518066581039468
REGION1,PWRWNDB14,4,2046,0.5766193427307154
REGION1,PWRWNDB14,5,2046,0.439712787231633
REGION1,PWRWNDB14,6,2046,0.3153470430554586
REGION1,PWRWNDB14,7,2046,0.2748817903693488
REGION1,PWRWNDB14,8,2046,0.5109239518198222
REGION1,PWRWNDB14,9,2046,0.2072923774826779
REGION1,PWRWNDB14,10,2046,0.1351666755398256
REGION1,PWRWNDB14,11,2046,0.12660373274198
REGION1,PWRWNDB14,12,2046,0.2830135017759652
REGION1,PWRWNDB14,13,2046,0.3449933401015073
REGION1,PWRWNDB14,14,2046,0.1741262649041814
REGION1,PWRWNDB14,15,2046,0.1267062036534091
REGION1,PWRWNDB14,16,2046,0.4147142255853857
REGION1,PWRWNDB14,17,2046,0.6900343700659857
REGION1,PWRWNDB14,18,2046,0.667642306083843
REGION1,PWRWNDB14,19,2046,0.6669850005702562
REGION1,PWRWNDB14,20,2046,0.6863394486887623
REGION1,PWRWNDB14,21,2046,0.1739462695728392
REGION1,PWRWNDB14,22,2046,0.2114117542866759
REGION1,PWRWNDB14,23,2046,0.2429006438893271
REGION1,PWRWNDB14,24,2046,0.2129006942759351
REGION1,PWRWNDB14,25,2046,0.1737301207923789
REGION1,PWRWNDB14,26,2046,0.2524798676667967
REGION1,PWRWNDB14,27,2046,0.3138761010987946
REGION1,PWRWNDB14,28,2046,0.3834598988439128
REGION1,PWRWNDB14,29,2046,0.5984101677628194
REGION1,PWRWNDB14,30,2046,0.6312556874840703
REGION1,PWRWNDB14,31,2046,0.6651542121662407
REGION1,PWRWNDB14,32,2046,0.650827521343582
REGION1,PWRWNDB14,33,2046,0.4002906633071457
REGION1,PWRWNDB14,34,2046,0.3824996662678062
REGION1,PWRWNDB14,35,2046,0.2564400291641992
REGION1,PWRWNDB14,36,2046,0.2156515256811761
REGION1,PWRWNDB14,37,2046,0.4615415601081487
REGION1,PWRWNDB14,38,2046,0.4591035713979547
REGION1,PWRWNDB14,39,2046,0.4846034098310366
REGION1,PWRWNDB14,40,2046,0.4328012747130872
REGION1,PWRWNDB14,1,2047,0.6205614995603771
REGION1,PWRWNDB14,2,2047,0.6052958493178506
REGION1,PWRWNDB14,3,2047,0.5518066581039468
REGION1,PWRWNDB14,4,2047,0.5766193427307154
REGION1,PWRWNDB14,5,2047,0.439712787231633
REGION1,PWRWNDB14,6,2047,0.3153470430554586
REGION1,PWRWNDB14,7,2047,0.2748817903693488
REGION1,PWRWNDB14,8,2047,0.5109239518198222
REGION1,PWRWNDB14,9,2047,0.2072923774826779
REGION1,PWRWNDB14,10,2047,0.1351666755398256
REGION1,PWRWNDB14,11,2047,0.12660373274198
REGION1,PWRWNDB14,12,2047,0.2830135017759652
REGION1,PWRWNDB14,13,2047,0.3449933401015073
REGION1,PWRWNDB14,14,2047,0.1741262649041814
REGION1,PWRWNDB14,15,2047,0.1267062036534091
REGION1,PWRWNDB14,16,2047,0.4147142255853857
REGION1,PWRWNDB14,17,2047,0.6900343700659857
REGION1,PWRWNDB14,18,2047,0.667642306083843
REGION1,PWRWNDB14,19,2047,0.6669850005702562
REGION1,PWRWNDB14,20,2047,0.6863394486887623
REGION1,PWRWNDB14,21,2047,0.1739462695728392
REGION1,PWRWNDB14,22,2047,0.2114117542866759
REGION1,PWRWNDB14,23,2047,0.2429006438893271
REGION1,PWRWNDB14,24,2047,0.2129006942759351
REGION1,PWRWNDB14,25,2047,0.1737301207923789
REGION1,PWRWNDB14,26,2047,0.2524798676667967
REGION1,PWRWNDB14,27,2047,0.3138761010987946
REGION1,PWRWNDB14,28,2047,0.3834598988439128
REGION1,PWRWNDB14,29,2047,0.5984101677628194
REGION1,PWRWNDB14,30,2047,0.6312556874840703
REGION1,PWRWNDB14,31,2047,0.6651542121662407
REGION1,PWRWNDB14,32,2047,0.650827521343582
REGION1,PWRWNDB14,33,2047,0.4002906633071457
REGION1,PWRWNDB14,34,2047,0.3824996662678062
REGION1,PWRWNDB14,35,2047,0.2564400291641992
REGION1,PWRWNDB14,36,2047,0.2156515256811761
REGION1,PWRWNDB14,37,2047,0.4615415601081487
REGION1,PWRWNDB14,38,2047,0.4591035713979547
REGION1,PWRWNDB14,39,2047,0.4846034098310366
REGION1,PWRWNDB14,40,2047,0.4328012747130872
REGION1,PWRWNDB14,1,2048,0.6205614995603771
REGION1,PWRWNDB14,2,2048,0.6052958493178506
REGION1,PWRWNDB14,3,2048,0.5518066581039468
REGION1,PWRWNDB14,4,2048,0.5766193427307154
REGION1,PWRWNDB14,5,2048,0.439712787231633
REGION1,PWRWNDB14,6,2048,0.3153470430554586
REGION1,PWRWNDB14,7,2048,0.2748817903693488
REGION1,PWRWNDB14,8,2048,0.5109239518198222
REGION1,PWRWNDB14,9,2048,0.2072923774826779
REGION1,PWRWNDB14,10,2048,0.1351666755398256
REGION1,PWRWNDB14,11,2048,0.12660373274198
REGION1,PWRWNDB14,12,2048,0.2830135017759652
REGION1,PWRWNDB14,13,2048,0.3449933401015073
REGION1,PWRWNDB14,14,2048,0.1741262649041814
REGION1,PWRWNDB14,15,2048,0.1267062036534091
REGION1,PWRWNDB14,16,2048,0.4147142255853857
REGION1,PWRWNDB14,17,2048,0.6900343700659857
REGION1,PWRWNDB14,18,2048,0.667642306083843
REGION1,PWRWNDB14,19,2048,0.6669850005702562
REGION1,PWRWNDB14,20,2048,0.6863394486887623
REGION1,PWRWNDB14,21,2048,0.1739462695728392
REGION1,PWRWNDB14,22,2048,0.2114117542866759
REGION1,PWRWNDB14,23,2048,0.2429006438893271
REGION1,PWRWNDB14,24,2048,0.2129006942759351
REGION1,PWRWNDB14,25,2048,0.1737301207923789
REGION1,PWRWNDB14,26,2048,0.2524798676667967
REGION1,PWRWNDB14,27,2048,0.3138761010987946
REGION1,PWRWNDB14,28,2048,0.3834598988439128
REGION1,PWRWNDB14,29,2048,0.5984101677628194
REGION1,PWRWNDB14,30,2048,0.6312556874840703
REGION1,PWRWNDB14,31,2048,0.6651542121662407
REGION1,PWRWNDB14,32,2048,0.650827521343582
REGION1,PWRWNDB14,33,2048,0.4002906633071457
REGION1,PWRWNDB14,34,2048,0.3824996662678062
REGION1,PWRWNDB14,35,2048,0.2564400291641992
REGION1,PWRWNDB14,36,2048,0.2156515256811761
REGION1,PWRWNDB14,37,2048,0.4615415601081487
REGION1,PWRWNDB14,38,2048,0.4591035713979547
REGION1,PWRWNDB14,39,2048,0.4846034098310366
REGION1,PWRWNDB14,40,2048,0.4328012747130872
REGION1,PWRWNDB14,1,2049,0.6205614995603771
REGION1,PWRWNDB14,2,2049,0.6052958493178506
REGION1,PWRWNDB14,3,2049,0.5518066581039468
REGION1,PWRWNDB14,4,2049,0.5766193427307154
REGION1,PWRWNDB14,5,2049,0.439712787231633
REGION1,PWRWNDB14,6,2049,0.3153470430554586
REGION1,PWRWNDB14,7,2049,0.2748817903693488
REGION1,PWRWNDB14,8,2049,0.5109239518198222
REGION1,PWRWNDB14,9,2049,0.2072923774826779
REGION1,PWRWNDB14,10,2049,0.1351666755398256
REGION1,PWRWNDB14,11,2049,0.12660373274198
REGION1,PWRWNDB14,12,2049,0.2830135017759652
REGION1,PWRWNDB14,13,2049,0.3449933401015073
REGION1,PWRWNDB14,14,2049,0.1741262649041814
REGION1,PWRWNDB14,15,2049,0.1267062036534091
REGION1,PWRWNDB14,16,2049,0.4147142255853857
REGION1,PWRWNDB14,17,2049,0.6900343700659857
REGION1,PWRWNDB14,18,2049,0.667642306083843
REGION1,PWRWNDB14,19,2049,0.6669850005702562
REGION1,PWRWNDB14,20,2049,0.6863394486887623
REGION1,PWRWNDB14,21,2049,0.1739462695728392
REGION1,PWRWNDB14,22,2049,0.2114117542866759
REGION1,PWRWNDB14,23,2049,0.2429006438893271
REGION1,PWRWNDB14,24,2049,0.2129006942759351
REGION1,PWRWNDB14,25,2049,0.1737301207923789
REGION1,PWRWNDB14,26,2049,0.2524798676667967
REGION1,PWRWNDB14,27,2049,0.3138761010987946
REGION1,PWRWNDB14,28,2049,0.3834598988439128
REGION1,PWRWNDB14,29,2049,0.5984101677628194
REGION1,PWRWNDB14,30,2049,0.6312556874840703
REGION1,PWRWNDB14,31,2049,0.6651542121662407
REGION1,PWRWNDB14,32,2049,0.650827521343582
REGION1,PWRWNDB14,33,2049,0.4002906633071457
REGION1,PWRWNDB14,34,2049,0.3824996662678062
REGION1,PWRWNDB14,35,2049,0.2564400291641992
REGION1,PWRWNDB14,36,2049,0.2156515256811761
REGION1,PWRWNDB14,37,2049,0.4615415601081487
REGION1,PWRWNDB14,38,2049,0.4591035713979547
REGION1,PWRWNDB14,39,2049,0.4846034098310366
REGION1,PWRWNDB14,40,2049,0.4328012747130872
REGION1,PWRWNDB14,1,2050,0.6205614995603771
REGION1,PWRWNDB14,2,2050,0.6052958493178506
REGION1,PWRWNDB14,3,2050,0.5518066581039468
REGION1,PWRWNDB14,4,2050,0.5766193427307154
REGION1,PWRWNDB14,5,2050,0.439712787231633
REGION1,PWRWNDB14,6,2050,0.3153470430554586
REGION1,PWRWNDB14,7,2050,0.2748817903693488
REGION1,PWRWNDB14,8,2050,0.5109239518198222
REGION1,PWRWNDB14,9,2050,0.2072923774826779
REGION1,PWRWNDB14,10,2050,0.1351666755398256
REGION1,PWRWNDB14,11,2050,0.12660373274198
REGION1,PWRWNDB14,12,2050,0.2830135017759652
REGION1,PWRWNDB14,13,2050,0.3449933401015073
REGION1,PWRWNDB14,14,2050,0.1741262649041814
REGION1,PWRWNDB14,15,2050,0.1267062036534091
REGION1,PWRWNDB14,16,2050,0.4147142255853857
REGION1,PWRWNDB14,17,2050,0.6900343700659857
REGION1,PWRWNDB14,18,2050,0.667642306083843
REGION1,PWRWNDB14,19,2050,0.6669850005702562
REGION1,PWRWNDB14,20,2050,0.6863394486887623
REGION1,PWRWNDB14,21,2050,0.1739462695728392
REGION1,PWRWNDB14,22,2050,0.2114117542866759
REGION1,PWRWNDB14,23,2050,0.2429006438893271
REGION1,PWRWNDB14,24,2050,0.2129006942759351
REGION1,PWRWNDB14,25,2050,0.1737301207923789
REGION1,PWRWNDB14,26,2050,0.2524798676667967
REGION1,PWRWNDB14,27,2050,0.3138761010987946
REGION1,PWRWNDB14,28,2050,0.3834598988439128
REGION1,PWRWNDB14,29,2050,0.5984101677628194
REGION1,PWRWNDB14,30,2050,0.6312556874840703
REGION1,PWRWNDB14,31,2050,0.6651542121662407
REGION1,PWRWNDB14,32,2050,0.650827521343582
REGION1,PWRWNDB14,33,2050,0.4002906633071457
REGION1,PWRWNDB14,34,2050,0.3824996662678062
REGION1,PWRWNDB14,35,2050,0.2564400291641992
REGION1,PWRWNDB14,36,2050,0.2156515256811761
REGION1,PWRWNDB14,37,2050,0.4615415601081487
REGION1,PWRWNDB14,38,2050,0.4591035713979547
REGION1,PWRWNDB14,39,2050,0.4846034098310366
REGION1,PWRWNDB14,40,2050,0.4328012747130872
